400
12013 11853 11698 12550 11637 11826 11939 12258 12132 11829 11799 11653 12085 11607 12290 12320 12109 11657 11874 11166 12192 12295 12292 12710 12553 12522 11978 11830 12279 11529 12344 11814 12294 11800 11829 11612 11484 12091 12060 11770 12471 12007 11804 12079 12878 11908 12014 11551 12421 11914 12477 11789 11697 11680 12291 12352 12157 12631 11742 12094 12088 11956 12456 11640 11960 12316 11001 11213 12249 11877 11758 12019 11914 12320 12338 12434 12031 12152 11957 11981 11845 11890 12204 11952 11748 12443 11496 11565 12345 12397 11658 11753 12803 12290 11921 12166 12089 11845 12129 12367 12109 12066 11222 12466 11553 12024 11977 11932 12270 11813 11468 11974 11977 11959 11906 11816 11746 11273 12048 11721 11623 12632 12423 11911 12170 11475 12565 11983 11630 12161 12406 11632 11810 12227 11990 11496 11794 11822 11504 12994 11955 12414 11886 12121 12106 12667 11970 12559 11362 12437 12399 11684 12268 11944 11716 11605 11973 12275 12315 11997 11800 11341 12059 11869 12336 11949 11987 12273 12429 11963 12071 12403 11917 12261 11782 12523 12069 11957 11882 11605 11477 11713 11840 11916 11654 11925 11513 11310 11811 11726 11921 11721 11581 12334 12252 11990 11877 12335 11922 12743 11881 12195 11925 11483 12752 12124 12344 12121 12679 12191 11361 11719 12236 11967 11953 11764 11587 11619 12067 12325 11645 11956 12167 11565 11789 12150 11648 11949 11958 12716 11805 12188 11499 12247 12127 12487 11844 12218 11936 12143 11761 12165 11742 11741 12013 11774 11459 11671 12202 11676 12104 12229 12449 11711 12748 12687 11532 11443 12370 11881 11966 12560 12196 12012 11699 12509 12323 11544 11889 12435 12071 11756 12093 12262 11900 12329 12574 11919 12119 12568 11923 12383 12392 12038 11870 12174 11430 12037 12250 12174 12344 11583 12301 11573 12046 11835 12272 12385 11506 11626 12107 11970 12628 12056 12123 12392 11876 12344 11904 11659 11855 12266 12002 11982 12187 12023 11576 12726 12413 12306 11563 12112 12234 11997 12113 12286 11545 12179 12265 11652 12395 11471 11564 12479 12367 11733 11822 12466 11490 11847 11526 12138 11559 12114 12325 12501 12317 11865 11920 12484 12318 12303 12080 12994 12631 12005 11887 11579 12019 12448 11980 11826 12377 12154 12485 11740 11843 11515 12162 12201 12000 11635 12444 12377 11656 11186 11828 11321 11670 11609 12045 11979 11687 12275 12365 11418 12141 12392 12252 11559 12741 12429 12117 11986 11912 11648 11832 12561 13165 12140
12487 12198 12398 12614 12027 12047 12192 12024 12238 11640 11632 11350 12209 11628 12215 12064 12243 11635 12016 11481 11978 12557 12450 12538 12282 12085 11975 12280 12090 11381 11923 12186 12530 11989 11778 11478 11440 11875 12553 11857 12377 12281 12020 12388 12885 12003 12141 11716 12741 11959 12949 11849 11767 11493 12656 12354 11870 12429 11653 12079 12013 12118 12296 11981 12084 12179 11408 11906 12559 12410 12104 12548 11706 12506 12519 12665 11840 12529 12040 11749 12000 11955 12303 11795 11659 12603 12069 11560 12216 12086 11797 12149 12642 12475 12488 12059 12174 11854 12105 12453 11963 12171 11469 12528 12417 11947 12303 12131 12395 11804 11534 11782 12176 12667 11923 11791 11830 11765 12502 11505 11569 12640 12205 11899 12621 11509 12334 12033 11958 12022 12097 11732 11656 12368 12063 11576 11844 12017 11893 12890 12352 12440 12166 12366 11808 12655 12576 12393 11790 12450 12494 11938 12340 12098 12315 11702 12295 12520 12401 12242 11788 11878 12140 12136 12637 12062 12100 12555 12567 12196 12512 12369 11995 12279 11808 12547 12443 12083 11182 11829 11697 12104 11851 11681 12280 11901 11613 11493 12052 11762 12099 11616 12077 12341 12359 11943 12137 13223 12498 12647 11888 12181 11565 11815 12588 12311 12404 12434 12493 12076 11663 11582 12193 11961 11906 11610 11797 11918 12528 12483 11722 12279 12617 11602 12056 12271 11582 12054 12194 12820 11998 12519 11633 12291 12071 12701 12047 11981 12271 12215 11860 12469 12085 11806 11961 12196 11427 12209 11952 11787 12292 12256 12597 12530 12760 12451 11588 11535 12181 11762 12144 12709 12466 11886 11981 12641 12859 11901 11562 12463 12206 11603 12370 12339 12192 12399 12469 12037 11984 12428 12392 12485 12512 11925 12130 12375 11728 12266 12386 12100 12449 11648 12454 11510 12083 11734 12503 12424 11879 11845 12531 12089 12606 12232 12544 12447 11721 12147 11934 11549 11984 12312 12174 12368 12134 11966 11835 12771 12576 12322 11671 12228 12247 12015 12796 12218 11841 12604 12321 11749 11913 11514 11813 12346 12600 12005 12201 12249 11959 12210 11792 12279 12319 12605 12277 12389 12711 12431 11921 12157 12703 12378 12547 12912 12525 11871 12100 11761 12213 12267 11718 11643 12664 11916 12090 11878 11907 11845 12364 12216 12178 11978 12244 12155 11724 11378 12196 11766 11755 11647 11746 12075 11742 12472 12815 11811 12216 12663 12246 11923 12531 12298 12195 12339 11625 11776 11912 12701 12805 12148
12341 12511 12346 12629 11881 12596 12264 12349 12792 12087 12188 11758 12336 12097 12242 12617 12745 12342 12014 11812 12144 12731 12296 12701 12639 13067 12376 12479 12313 11711 12471 12506 12935 12245 12141 11304 11950 12252 12565 11894 12445 12258 12091 12603 13129 12490 12099 11946 13248 12224 12805 11868 11958 11883 12695 12555 12753 12751 12061 12344 12290 12492 12900 12008 12376 12696 11737 11677 12693 12229 12016 12486 12053 12701 12823 12648 12392 12800 12216 11946 12265 11844 12748 12205 11677 12447 11537 12137 12421 12333 12165 12099 13029 12676 12849 12388 12488 12359 12612 12591 12465 12486 11501 12925 12174 12173 12037 12382 12109 12181 11991 12313 11962 12679 12514 12001 12350 11613 12631 11482 11993 12868 12525 12597 12844 11970 12461 12085 11992 12157 12408 11750 12045 12192 12103 11874 12151 11925 11945 13003 12274 12776 12520 12886 12417 12866 12476 12799 12013 12831 12958 11948 12732 12273 12277 11731 12210 12314 12643 12482 12022 11971 12317 12597 12710 12455 12356 13022 12611 12487 12582 12454 12212 12830 12109 12405 12518 12240 12133 12179 11819 12117 12129 12142 12309 12135 12047 11857 12144 11829 12333 12246 12053 12687 12158 12121 11929 12873 12544 12903 12439 12517 11945 12365 12825 12240 12703 12289 12761 12365 11766 11976 12204 12249 12416 12019 11905 12299 12710 12693 12018 12179 12599 12119 12286 12041 11650 12500 12118 12717 12288 12583 11690 12474 12107 12562 12279 12113 12506 12088 12287 12734 12204 12162 12224 12062 11832 12451 12475 12100 12575 12227 12628 12413 13028 12806 11646 11662 12438 12371 12204 12705 12442 12342 11695 12622 12714 12058 12095 12643 12620 11879 12596 12581 12273 12220 12981 12226 12268 12553 12424 12351 12545 12131 12275 12465 11935 12475 12433 12841 12546 11832 12436 12281 12440 12017 12586 12638 12095 11919 12656 12583 12798 12393 12444 12785 12340 12751 12253 12033 12256 12375 12445 12404 12379 12287 12066 12694 12549 12426 12400 12588 12524 12442 13047 12494 11852 12714 12704 12173 12461 11868 12138 12683 12826 11985 12460 12701 12210 12235 12235 12568 11995 12396 12498 12814 13107 12407 12236 12675 12703 12993 12566 13271 12994 12182 12353 12310 12223 12539 12363 12058 12623 12354 12504 12108 12210 11971 12637 12605 12338 11935 12417 12516 11813 12028 12037 11781 11612 12143 12346 11815 12282 13089 12502 12121 12751 12799 12586 11960 13166 12650 12383 11982 12077 12278 11978 12879 13412 12675
12021 11911 11529 12197 11532 11862 12213 11740 11741 11468 11683 11630 11698 11654 11982 12092 11950 11743 11572 10995 12014 12391 12069 12207 12071 12373 11863 12181 12046 11307 12178 11954 12097 11663 11706 11066 11403 11994 11870 11423 12177 11848 11696 11978 12497 12240 11833 11502 12387 11765 12070 11727 11757 11644 12232 12201 11798 12418 11537 12121 11926 11788 12058 11499 11857 12188 11221 11143 12287 12167 11867 12065 11586 12271 11920 12389 11881 12157 11748 11826 12033 11540 11867 11529 11383 12217 11838 11483 12456 11873 11608 11347 12207 12413 12382 12210 12063 12002 12108 12215 11866 12182 11334 12492 11718 12013 12269 12140 12082 11837 11465 11810 11833 11864 11504 11795 11394 11077 11887 11502 10997 12087 12084 11841 11741 11493 12088 11232 11935 11905 11841 11270 11482 11949 11986 11383 11570 11997 11648 12802 11905 12370 11926 11945 11915 12198 12229 12623 11498 12222 12130 11691 11991 11888 11823 11683 12035 12266 12039 11910 11499 11705 11745 12030 11659 11727 11546 12122 12249 11993 11928 12119 12032 12226 11713 12054 11992 12012 11357 11749 11503 11919 11764 11664 11890 11630 11554 11076 11531 11558 11721 11353 11391 12073 12258 11761 11741 12395 11900 12449 11706 12141 11369 11638 12778 11863 11996 12095 12441 12074 11060 11228 11911 11535 12033 11304 11399 11771 12250 12297 11776 12090 11917 11603 11797 11669 11575 11725 11902 12396 12036 11916 11377 12047 11904 12591 11721 11811 11792 11843 11468 12077 11737 11431 11869 11676 11134 11751 12216 11285 11884 12256 12411 12192 12642 12405 11359 11532 12106 11782 12080 12144 12202 11556 11513 12176 12064 11849 11965 12469 12132 11329 11912 11989 11962 12218 12539 11801 11876 12147 11829 12028 11995 11731 12101 12307 11555 12146 12204 12066 12102 11384 11836 11385 11855 11450 12053 12491 11726 11488 12460 12149 12433 12087 12377 12561 11754 11915 11606 11721 11508 12219 12225 11807 11893 11730 11508 12076 12309 12264 11851 12141 12187 11991 12319 12103 11596 12385 12388 11744 12198 10973 11669 12156 12264 11574 11902 12133 11629 11874 11990 11884 12073 12269 12138 12571 12357 12047 11795 11947 12420 12013 12175 12604 12405 11824 11785 11869 12073 12288 11715 11421 12192 11937 11862 12004 11613 11821 12232 12033 11964 11739 11846 11953 11480 11451 12035 11763 11283 11610 11421 11745 11833 12269 12477 11546 12238 12315 12163 11680 12362 11941 12174 11744 11851 11716 11715 12126 12898 12016
12669 12992 12279 12895 12139 12249 12875 12957 12629 12650 12232 12423 12561 12461 12782 12559 13028 12397 12603 11958 12666 13348 12797 13087 13035 13091 12467 12833 12856 12227 12859 12817 13183 13006 12549 11741 11918 12519 12991 12176 12863 12945 12574 12794 13608 12896 12626 12369 13251 12428 13198 12186 12884 12477 13135 12441 12449 13206 12476 13042 12606 12873 12762 12593 12817 12682 11845 11874 12896 12818 12890 12808 12337 13087 13290 13375 12372 12841 12933 12549 12965 12531 13182 12569 12139 12805 12063 12232 13287 12893 12649 12562 13105 12944 13257 12991 12834 12443 13084 13099 12636 12818 11568 13111 12618 12652 12418 12591 12842 12494 12337 12361 12545 13079 12893 12526 12615 11923 13091 11965 12002 13276 12668 12868 13126 12166 13045 12517 12526 12624 12639 11933 12643 12898 12332 11927 12462 12585 12185 13079 12681 13247 12893 12778 12665 12989 12539 13250 12163 12994 12801 12789 13022 12979 12526 12125 12591 13177 13009 12703 12544 12424 12889 12382 13180 12830 12156 13219 13381 13010 12917 12882 12597 12685 12436 12817 12602 12977 12353 12474 12457 12626 12607 12252 12409 12540 12225 12383 12634 12156 12601 12457 12716 13251 13096 12505 12710 13643 13040 13551 12847 13113 12511 12561 13117 12827 12897 12696 13238 13016 12029 12213 12889 12827 12544 11826 12586 12350 13113 13270 12469 12582 12812 12231 12803 13057 12179 12835 12660 13197 12698 12970 12264 12824 12632 13282 12266 12582 12952 12905 12179 13201 12839 12452 12490 12572 11819 12441 12543 12051 12937 13134 12745 12496 13513 12868 12088 11860 12777 12384 12855 13238 13147 12737 12593 12810 13041 12240 12197 13129 12666 12031 13169 12990 12692 12905 13227 12692 13054 13137 12639 12670 12967 12232 13068 12922 12156 12885 12946 12713 12864 12186 12863 12394 12868 12081 13075 13121 12432 12342 13140 12476 13083 12941 12987 13072 12269 12579 12633 12389 12176 12520 12823 12737 12742 12468 12410 12993 13141 12858 12550 12921 12980 12755 13181 13058 12466 12600 12794 12324 12624 12050 12215 12908 12906 12474 12856 13024 12267 12928 12774 12540 13103 13005 12418 13366 13214 12462 12705 12740 13277 13039 12896 13374 13137 12314 12340 12469 12797 12876 12264 12457 12974 12606 12720 12444 12418 12824 13104 13032 12989 12479 12747 12795 12476 12079 12536 12092 11947 12428 12787 12431 12941 13310 13236 12302 12990 13496 13226 12572 13260 12699 12733 12402 12477 12215 12709 13048 13350 12605
12093 12065 11935 12531 11765 11724 12233 12547 12259 11975 12041 11790 12293 12013 12198 12229 12311 11674 12109 11347 12364 12378 12233 12418 12389 12197 12253 11901 12243 11871 12054 12330 12452 12306 11945 11251 11596 12175 12398 11597 12451 12311 11698 12761 12735 12150 11909 11977 12662 12169 12546 11763 11838 11726 12412 12312 12206 12493 12196 12110 12122 12291 12236 11883 11897 12287 11502 11321 12438 11922 12074 12296 11802 12678 12397 12750 12277 12512 12274 11634 12129 11854 12318 11841 11670 12396 11742 11924 12502 12304 12073 11902 12743 12370 12667 11980 12299 11890 12746 12736 12063 12217 11224 12644 11711 11977 12018 11778 12288 11838 11498 12194 12279 12740 12186 12164 12066 11464 12527 12100 11476 12508 12433 12024 12584 11596 12465 11859 12148 12018 12285 11703 12047 12015 12343 11786 11827 12330 11634 13002 12116 12943 12132 12329 12476 12347 12148 12513 11529 12614 12623 11910 12436 12276 12045 11793 12014 12082 12275 12097 12077 11655 12187 12068 12328 12233 11665 12100 12351 12391 12402 12317 11670 12274 11516 12339 12239 12393 11751 11594 11758 12141 11828 11928 11904 11904 11782 11834 11978 11656 12021 11969 11955 12553 12226 12012 12077 12920 12335 12988 11944 12433 11803 11905 12796 12428 12493 12374 12631 12262 11781 11645 12426 12003 12269 11207 12024 11791 12547 12510 12057 11952 12375 11690 12284 12177 12003 12297 12018 12797 12373 12543 11215 12559 11963 12942 12273 12110 12379 12087 11778 12456 12166 11561 12317 11822 11514 12457 12063 11765 12504 12256 12384 12299 12459 12445 11520 11477 11992 11932 12097 12455 12108 12349 11541 12546 12451 11788 11759 12607 12149 11251 12462 12674 12394 12385 12748 12080 12320 12431 11849 12524 12521 11566 12561 12470 11728 12334 12436 12611 12443 11751 12110 11691 12119 12021 12026 12498 11520 11812 12209 12033 12718 12421 12519 12388 12347 12266 11983 11900 11879 12321 12303 12128 12026 11972 11889 12734 12492 12429 11941 12340 12317 12186 12421 12404 11955 12310 12408 11837 12284 11428 11911 12339 12692 11620 12184 12493 11810 12141 12136 12272 12046 12370 12119 12560 12635 11692 12274 12487 12251 12124 12379 12992 12330 11788 12131 12055 12075 12255 12101 11902 12563 11876 12327 11770 12027 11619 12614 12444 12322 12072 12247 12208 11703 11458 11968 11550 11842 11674 11891 11894 12206 12722 12607 11603 12443 12665 12417 12067 12847 12399 12417 12112 11880 11849 12170 12574 12926 12189
12380 12437 12254 12490 12076 12280 12335 12250 12645 12162 11994 11888 12472 11872 12271 12432 12546 12153 12331 11609 12391 12643 12424 12762 12467 12510 12282 12356 12671 11624 12507 12368 12752 12231 12191 11635 11765 12147 12857 11863 12603 12469 12058 12597 12994 12588 12098 12034 12801 12323 12625 12090 12253 11858 12835 12262 12670 12615 12269 12581 12200 12663 12780 12339 12325 12585 11833 11724 12810 12634 12415 12650 11843 12461 12619 12989 12123 12759 12346 12087 12474 11990 12835 12026 12011 12541 11965 11842 12588 12302 11906 11973 12768 12651 12950 12802 12248 12590 12286 12476 12169 12172 11582 13004 12025 12362 12552 12391 12223 12006 11802 12343 12069 12702 12409 12177 11991 11788 12451 11852 11826 12876 12241 12376 12633 11847 12804 12117 12168 11842 12493 11614 12143 12337 12313 11537 12021 12027 12041 13274 12187 12464 12661 12463 12610 12631 12532 12644 12125 12378 12830 12095 12532 12409 12465 12021 11828 12558 12379 12277 12109 11964 12609 12292 12287 12278 12072 12789 12615 12613 12565 12459 12069 12223 11904 12389 12879 12283 11962 12219 11820 12052 12368 12085 12142 12111 12034 11604 12086 11817 12387 11648 12042 12650 12330 12110 11944 12977 12739 13069 12158 12602 12041 11812 12685 12516 12529 12497 12912 12428 11678 11852 12681 12132 12393 11696 12094 12170 12510 13063 12204 12516 12435 11984 12229 12255 11970 12589 12367 12693 12311 12597 11664 12197 12467 12831 12220 12472 12737 12247 12085 12996 12238 11955 12415 12407 11820 12296 12204 11758 12296 12944 12792 12608 12981 12730 11878 11916 12602 12033 12567 12724 12608 12015 12095 12965 12431 12275 11838 12608 12230 11865 12304 12404 12412 12552 12788 12010 12271 12630 12418 12762 12607 12162 12485 12552 11908 12414 12503 12710 12515 11523 12404 11942 12199 12214 12721 12914 12202 12294 12607 12427 12918 12459 12978 12812 12252 12337 12058 11927 12090 12469 12661 12414 12436 12226 11946 12769 12870 12525 12109 12546 12456 12394 13083 12603 11902 12487 12636 12244 12477 11939 12082 12477 12725 11994 12275 12310 12140 12218 12040 12310 12546 12727 12449 12984 13031 12459 12571 12532 12766 12491 12495 13208 12570 12122 12039 12198 12690 12460 12077 12073 12427 12503 12136 12086 12056 12226 12678 12880 12457 12098 12291 12535 11762 11449 12103 11781 11818 11910 11977 12418 12479 12867 12961 11842 12700 12808 12495 12176 13041 12435 12461 12594 11910 11787 12429 13038 13114 12701
11693 11517 11221 11430 11191 11571 11657 11657 11602 11598 11302 11577 11438 11120 11712 11625 11448 11059 11496 10855 11496 11723 12191 12122 11465 11608 11598 11597 11683 11198 11676 11399 12115 11359 11368 10932 10918 11742 11952 11209 11601 11779 11288 11563 12569 11757 11453 10987 11929 11214 11882 11426 11317 11243 11959 11876 11494 12171 11354 11664 11484 11394 11913 11618 11670 12046 11150 10830 11925 11519 11333 11677 11234 11821 11852 11596 11558 11962 11862 11300 11414 11268 11673 11187 11245 11872 11401 11274 11859 11705 11346 11324 11825 11960 11913 11563 11772 11571 11621 11755 11424 11649 10356 12374 11080 11244 11798 11622 11619 11387 10918 11701 11477 11726 11289 11385 11609 10948 11733 11006 11605 11964 11995 11346 11624 11025 12068 11350 11386 11333 11818 10855 11336 11597 11720 11086 11165 11593 11333 12420 11545 11886 11851 11629 11317 12138 11823 11836 11307 12245 11768 11143 11619 11565 11432 11145 11480 11868 11701 11835 11111 10986 11684 11474 11714 11632 11238 11957 11875 11401 11783 11774 11198 11502 11400 11924 11681 11887 11038 11226 10827 11167 11327 11574 11790 11334 10837 10849 11676 11277 11323 10893 11428 11739 11778 11352 11543 12150 11835 12285 11329 11445 10874 11138 12090 11634 11793 11733 11994 11736 10989 11181 11488 11405 11331 11142 11050 11393 11545 12122 11434 11323 11456 11382 11699 11495 11280 11692 11803 12330 11449 11733 10762 11779 11541 11953 11490 11893 11531 11567 11153 11756 11233 11368 11643 11232 11065 11208 11633 11127 11810 11844 11931 11588 12170 11906 11288 11132 11615 11595 11586 11515 11769 11347 11194 11684 12062 11288 11459 11842 11669 11170 11738 11816 11936 11931 12405 11353 11506 11798 11471 11866 11692 11374 11430 11752 10875 11469 11958 11532 11718 10667 11634 10809 11615 11342 11948 11660 11319 11387 11873 11611 12117 12075 12026 11750 11448 11608 11603 11454 11486 11344 11486 11458 11485 11693 11236 12326 12043 11719 11596 11473 11802 11536 11805 11701 11224 11748 11642 11340 11709 10946 11483 11617 11687 11391 11794 11510 11180 11429 11832 11574 11732 12053 11329 12253 11770 11356 11612 11608 11782 11596 11761 12559 12020 11350 11539 11286 11504 12076 11588 11194 11926 11362 11485 11510 11251 10877 12004 11572 11660 11460 11542 11592 11060 11170 11352 11202 10902 11181 11349 11213 11262 11966 12142 11176 11546 11971 11624 11341 12098 11482 11798 11244 11340 11390 11411 11841 12523 11913
12218 12298 12116 12548 11701 11846 12376 12215 12113 11790 11655 11551 11994 11884 12037 11733 12265 12076 12127 11485 11980 12339 12458 12429 12277 12704 11941 12162 12276 11284 12141 12230 12646 12016 11998 11522 11349 11963 12250 11717 12026 12087 11738 12289 12610 11972 11808 11526 12244 11724 12025 11874 11705 11542 12368 11881 12039 12658 11468 12112 11731 12174 12121 11725 12098 11910 11519 11265 12506 12020 11959 12135 11752 12423 12437 12951 11498 12203 12027 11731 11700 11759 12112 11962 11656 12334 11524 11670 12405 11820 11509 11727 12402 12517 12718 12095 12087 11977 12311 12669 12195 12149 11316 12280 12000 12001 11928 12052 12051 11808 11211 11827 11529 12471 12024 11820 11750 11495 12193 11453 11209 12355 12246 11755 12233 11650 12198 11547 11674 11654 11931 11568 11820 11822 11913 11501 11381 12035 11867 12896 12400 12696 12318 12174 11788 12591 12218 12527 11583 12417 12268 11810 12198 12038 11976 11432 11879 12295 12257 12100 11768 11692 11837 11888 12304 12157 11876 12322 12617 12115 12180 12278 11675 12202 12070 12074 11929 12202 11764 11748 11238 11888 11935 11997 12073 11745 11494 11192 12075 11309 12140 11666 12047 12488 12353 11980 11928 12476 12237 12858 11834 12528 11591 11700 12158 12009 12196 12319 12574 12181 11542 11549 12303 11737 11819 11231 11677 11841 12399 12491 11512 11898 12300 11336 12101 12029 11525 11986 12046 12526 11828 12607 11540 12437 11799 12848 11921 11966 11991 12011 11447 12271 11940 12005 11987 11719 11568 11673 11819 11840 12206 12164 12613 11794 12496 12575 11287 11153 12412 11579 11817 12775 12207 11577 11825 12496 12431 11774 11852 12350 12034 11582 11850 12215 12074 12018 12572 11841 12051 12532 12148 12213 11994 11756 11593 12254 11409 11766 11994 12338 12217 11570 12109 11678 12185 11728 12186 12320 11838 11513 12544 11985 12350 11989 12615 12328 11961 12079 11666 11410 11498 11797 12301 12020 11927 12047 11861 12316 12603 12176 11697 11930 12055 11980 12315 12159 11902 12582 12149 11941 12078 11567 11989 12131 12546 11823 11967 12276 12026 12327 11503 12005 12124 12541 12200 12422 12576 11666 11950 12355 12435 12385 12198 12970 12552 11763 12226 11517 12286 12394 11900 11653 12438 12204 12062 11667 11859 11690 12052 12208 12167 12019 12250 11814 11549 11460 12238 11540 11137 11810 11775 12095 11997 12311 12440 11385 12284 12352 12369 11786 12667 12358 12500 11685 11853 11641 11995 12051 12562 12206
12517 12583 12357 12817 12184 12146 12683 12765 12488 12071 12148 11685 12274 12246 12656 12720 12424 12001 12441 11553 12381 12890 12742 13176 12107 12581 12530 12138 12627 11898 12385 12334 13082 12178 12345 11479 11818 12733 12656 12095 12547 12264 12318 12351 12912 12440 12125 12004 12949 12014 12785 11917 12183 11799 12511 12415 12603 12818 12172 12765 12267 12611 12597 12300 12044 12463 11813 11501 12571 12538 11944 12593 12409 12852 13019 12768 12300 12441 12548 12374 12580 12014 12775 12256 11943 12667 11810 12118 12918 12577 12177 12209 12672 12954 12870 12346 12541 12227 12172 12497 12083 12786 11681 12931 12022 12533 12466 12596 12389 12124 11890 12796 12277 12604 12562 12414 12104 11694 12513 11913 11867 13015 12626 12122 12602 11894 12677 12194 12139 12335 12399 11654 11854 12332 12340 11835 12088 12265 11829 13378 12424 12742 12154 12611 12336 12972 12323 12543 12271 12618 12693 12055 12476 12614 12440 12140 12088 12902 12751 12595 12340 11828 12383 12281 12791 12417 12345 12847 12900 12192 12768 12487 12346 12627 12339 12487 12691 12433 12026 12102 11713 12152 12211 12272 12344 11940 12257 12083 12079 11843 12318 12122 12087 12542 12357 12264 12284 12680 12608 13203 12165 12604 12067 12132 13101 12206 12837 12735 12766 12286 12142 11882 12779 12283 12108 12121 11850 12326 12349 12832 11832 12407 12629 11719 12468 12283 11926 12426 12231 13230 12358 12716 11701 12269 12436 12981 12200 12258 12573 11745 12273 12688 11934 11822 12308 12338 11878 12428 12351 11934 12536 12597 12842 12442 13128 12861 11743 11567 12799 12157 12596 12469 12501 12167 12328 12880 12858 11889 12348 12709 11894 11939 11922 12600 12276 12463 12803 12193 12135 12736 12760 12386 12876 12269 12142 12624 11805 12545 12714 12864 12673 11792 12532 11775 12368 12183 12553 12841 12250 12089 12778 12471 13227 12055 12839 12801 11804 12524 12305 12166 11996 11956 12625 12422 12537 11934 11991 12747 12943 12289 12422 12728 12616 12496 12537 12709 12150 12600 12538 12133 12412 11740 12298 12739 12975 12126 12255 12606 12122 12429 12556 12419 12536 12486 12714 12695 12850 12656 12684 12514 12544 12725 12780 13286 13016 12202 12362 12334 12199 12803 12486 12277 12710 12069 12425 12392 12115 12174 12764 12674 12615 12217 12614 12365 12029 11888 12206 11973 11930 12100 12473 12482 12449 12512 12530 12089 12648 13021 12654 12252 13065 12460 12492 12395 12398 12387 12201 12802 13476 12307
12187 12017 12023 12160 11672 11782 12082 12197 11890 11952 11712 11302 11446 11363 12058 11669 12172 11966 11585 10978 11916 12198 12272 12515 12055 12321 11919 11986 11704 11409 11895 11881 12159 11877 11686 10965 11428 11700 12227 11430 12314 12229 11675 11920 12579 11955 11839 11576 12243 11554 12399 11508 11665 11507 12272 12042 12106 12626 11565 11857 11972 12113 12091 11793 12045 11844 11496 10996 12011 11738 11799 12052 11695 12045 11940 12386 12022 12201 12220 11611 12109 11707 12171 11556 11504 12439 11510 11586 12096 12040 11589 11711 12295 12237 12465 12005 11873 12049 11785 12030 11617 12071 11151 12584 11485 11789 11675 11567 11954 11890 11230 11887 11913 12097 11873 11673 11428 11353 12029 11595 11391 12359 11932 11979 11938 11366 11921 11327 12054 11790 12485 11516 11379 11934 11826 11511 11726 11924 11313 12798 11908 12148 12100 12194 12084 12572 11474 12231 11611 12241 12215 11765 12572 11529 11713 11730 11677 12396 11822 11839 11821 11479 12170 12142 11930 11870 11743 12386 12337 12107 12043 12131 11800 11814 11706 12137 12197 12396 11705 11711 11496 11731 11716 11672 11596 11539 11353 11646 11905 11671 11734 11394 11830 12330 11882 11830 11736 12511 12073 12318 11948 12058 11506 11455 12160 11891 12487 12033 12605 11941 11140 11411 12175 11738 12042 11595 11513 11765 11786 12072 11863 12155 12183 11549 11888 11848 11302 11862 11877 12611 11780 12475 11572 12257 11654 12378 11711 11880 12055 11898 11393 12251 11814 11666 12121 11765 11367 11934 12054 11440 11845 12181 12157 11879 12859 12419 11269 11396 12126 11622 12078 12295 12228 11909 11812 12030 11976 11758 11685 12317 11849 11209 11836 12178 12206 11899 12336 11799 12006 12565 12081 11905 12102 11460 11815 12135 11419 12171 12428 12267 12051 11274 12130 11500 12207 11555 11937 12481 12016 11340 12080 12107 12300 11756 12394 12380 11687 11888 11793 11491 11674 12034 12053 11732 12191 11815 11621 12366 12413 12482 12166 12080 12405 11908 12326 12083 11385 12195 12016 11821 11899 11303 11642 12037 12335 11786 12008 11838 11527 11652 11783 11808 11918 12294 12179 12502 12144 11803 11644 12210 12196 12295 11925 12526 12220 11759 11504 12019 11859 12321 11950 11412 12093 11972 12072 11874 11737 11501 12244 12190 11844 11977 11626 11779 11523 11233 11739 11443 11572 11565 11288 11912 11823 12633 12298 11459 12288 12478 12294 11754 12580 12178 12236 11615 11527 11682 11746 12235 12843 12410
11578 11557 11456 12001 11064 11715 11830 11865 11462 11299 11260 11503 11900 11250 11803 11812 11646 11278 11577 10793 11816 11928 11947 12390 11866 11961 11634 11577 11893 11209 11784 11897 11821 11666 11833 10730 11054 11607 11666 11531 12036 11840 11322 11774 12148 11830 11470 11593 11952 11527 12108 11215 11352 11493 11634 11720 11826 12224 11427 11801 11481 12103 11958 11462 11738 11634 11209 10896 11856 11528 11492 11769 11258 12009 12253 12452 11378 12292 11879 11534 11686 11921 11909 11324 11303 11956 11466 11496 12301 11774 11425 11402 11977 12061 12184 11683 11929 11689 11778 11851 11586 11879 11241 12248 11055 11354 11824 11449 11671 11512 11138 11487 11448 12132 11409 11500 11214 10897 11894 11430 11207 11946 12012 11523 11853 11163 11730 11352 11607 11746 11417 11131 11410 11551 11533 11131 11169 11725 11368 12444 11650 12297 11802 11540 11648 11967 11607 12003 11408 11804 11695 11668 11876 11792 11715 10941 11548 11725 11900 11522 11224 11116 12009 11456 11676 11685 11535 11811 11972 11660 11976 11915 11457 11652 11335 11900 11787 11783 11261 11408 11439 11753 11399 11190 11414 11368 10923 11302 11900 11615 11524 11546 11041 12090 11579 11435 11874 12109 11930 12061 11287 11903 11054 11667 12290 11315 12122 11957 12311 11790 11124 11409 11490 11772 11651 11002 11418 11384 11768 11910 11415 11893 11895 11482 11686 11442 11359 11877 11690 12396 11779 12094 11256 11680 11618 12091 11645 11616 11576 12026 11434 11684 11353 11389 11693 11560 11295 11558 11965 11295 11772 12075 11693 11442 12091 11835 11261 11315 11963 11320 11746 12018 12200 11484 11057 11949 12034 11323 11579 12201 11754 11382 11779 12062 11653 11613 12131 11547 11214 11782 11620 11771 11813 11231 11657 12076 11049 11770 11962 11722 11992 11158 11432 11138 11505 11825 12129 12041 11360 11101 11896 11811 12240 11760 12428 11775 11292 12090 11150 11350 11333 11771 11645 11914 11858 11699 11339 12096 12215 11816 11473 11391 11752 11835 12185 11957 11676 11981 11525 11508 11794 10920 11717 12016 12080 11442 11420 11954 11039 11548 11474 11815 11899 12052 11663 11945 12718 11587 12014 11830 11901 11831 11931 12180 11896 11374 11426 11678 11917 11961 11643 11649 11834 11488 11413 11252 11406 11357 11845 11598 11797 11614 11778 11614 11171 10952 11861 11461 11091 11472 11649 11315 11561 12148 11634 11463 11966 12275 11748 11194 12206 11982 12346 12159 11413 11393 11436 11931 12653 11685
12606 12470 12478 12877 12346 12396 12669 12618 12325 12179 11715 11809 12356 12265 12435 12478 12822 12277 12398 11681 12353 12918 12726 12826 12739 12773 12489 12556 12599 11910 12381 12361 12985 12176 12018 11617 11881 12408 12779 11899 12444 12415 12149 12442 13331 12374 12298 11928 13131 12009 13009 12171 12502 12190 12909 12294 12672 13332 12215 12678 12532 12644 12558 12402 12596 12525 11915 11568 12647 12655 12403 12927 12055 13045 12653 12847 12316 12700 12464 12603 12423 12307 12969 11880 11947 12751 11916 12110 12964 12711 12402 12250 12895 12854 13069 12658 12594 12419 12355 12569 12614 12767 11813 12948 12378 12776 12383 12353 12401 12287 11888 12351 12371 12975 12585 12306 12139 11735 12624 11956 12134 13010 12679 12533 12764 11961 12884 12372 12258 12419 12651 11924 12259 12312 12102 11844 12336 11874 12193 13191 12404 12847 12706 12478 12411 12964 12374 12717 11784 12947 12608 12243 12525 12468 12238 12217 12170 12546 12600 12268 12233 12166 12453 12155 12845 12374 12319 12859 13087 12428 12650 12644 12087 12625 12029 12536 12798 12596 11835 12214 12300 12215 12206 12481 12529 12247 11975 11756 12116 11744 12451 12302 12235 12913 12735 12495 12322 13013 12759 13018 12298 12361 11876 12385 13164 12353 12776 12379 13222 12667 11736 11821 12636 12189 12338 12010 11933 11788 12887 13018 12169 12634 12787 11987 12387 12560 11729 12654 12507 12853 12254 12838 11968 12328 12276 13092 12267 12378 12730 12535 12091 12679 12046 12067 12522 12243 11749 12199 12575 12340 12449 13037 12923 12225 13122 12628 11689 11808 12546 12422 12617 12955 12596 12254 11930 12776 12705 12489 12155 12930 12350 11467 12537 12655 12792 12384 13146 11968 12666 12844 12429 12824 12524 12575 12723 12652 12003 12517 12543 12768 12517 11919 12367 12056 12654 12096 12751 12625 12236 12104 12725 12262 13122 12633 13046 12869 12197 12452 12431 12320 11546 12368 12770 12644 12563 12590 12162 12919 12802 13096 11933 12542 12757 12512 12980 12458 12235 12698 12487 12284 12471 11757 12204 12754 12751 12314 12471 12868 12179 12486 12209 12661 12477 12608 12652 12831 12955 12410 12533 12991 12881 12705 12788 13539 13139 12189 12448 12312 12084 12896 12187 12458 12943 12125 12572 12217 12296 12108 12686 12744 12574 12181 12063 12528 12172 11525 12449 11880 11800 12484 11948 12402 12346 13009 12818 12085 12803 13100 12900 12402 12987 12896 12598 12334 12054 12342 12097 12768 13299 12613
11955 11774 11878 12237 11398 11740 11686 11930 11964 11828 11618 11592 12033 11371 11951 12036 11923 11078 11704 10905 11994 12096 11994 12253 11758 11738 11707 11705 11945 11304 11644 11590 12285 11671 11404 11002 11304 12155 12100 11329 12110 11831 11469 12030 12648 12034 11797 11946 12113 11621 12073 11580 11705 11517 12056 11643 11648 12080 11476 11887 11715 11716 11854 11589 11805 11924 11165 11236 11916 12003 11840 11807 11725 12074 12063 12307 11660 11833 11609 11788 12054 11246 11704 11421 11410 12133 11680 11546 12003 12151 11593 11110 12105 12241 12153 12113 11762 11522 11805 12048 11547 12037 10935 12260 11974 11758 11680 11720 11847 11387 10999 11989 11741 12062 12016 11765 11446 11076 12244 11583 11030 12066 11910 11798 11964 11330 12197 11590 11676 11517 11862 11558 11562 11961 11805 11181 11273 11695 11399 12674 11653 12360 11837 12165 11884 12642 11670 12327 11329 11948 11915 11599 12077 11826 11802 11595 11890 11859 12100 11899 11463 11184 11802 11640 11993 11501 11543 11736 12370 11806 12011 12063 11310 11871 11684 11959 12070 12039 11352 11100 11283 11561 11746 11770 11387 11645 11683 11281 11927 11331 11733 11365 11474 12057 11937 11704 11770 12590 12054 12216 11471 12114 11571 11187 12133 11860 12184 12249 12075 11858 11440 10982 12057 11563 12005 11282 11372 11381 11960 12310 11710 11715 12092 11369 11895 11786 11421 12152 11867 11946 11690 12033 11241 12118 11689 11998 11500 11458 12154 12022 11244 12388 11706 11457 12290 11629 11030 11555 11559 11350 11911 12213 12204 11603 12165 12322 11220 11148 11935 11704 11844 12518 11988 11663 11496 11985 12162 11539 11348 12300 11958 11601 11728 11829 11640 11934 12030 11664 12142 12253 11921 12025 12211 11816 11766 12015 11302 12165 12084 12005 11919 11402 12056 11589 11776 11543 12127 12198 11484 11691 12151 11750 12347 11862 12052 12148 11741 11630 11661 11181 11142 11829 11826 11728 11757 11731 11497 12102 12172 12190 11452 12474 12031 12051 12222 12074 11368 12016 12030 11472 11975 11313 11103 12071 12326 11576 12081 12128 11480 11744 11701 11889 11758 11782 11790 12218 12467 11799 11723 12055 12433 12012 11983 12897 12654 11663 11679 11605 11577 12168 12016 11803 11913 12096 11980 11665 11693 11583 12256 11850 11981 11551 11802 11654 11209 11109 11668 11531 11278 11795 11325 11550 11847 12628 12106 11175 12055 12296 12006 11406 12504 12095 11810 11506 11551 11270 11460 12513 12573 12063
11907 11986 11739 12280 11854 11405 12150 12270 11875 11981 11682 11617 11666 11745 11946 11745 12093 11766 11999 11521 11874 12200 12140 12247 12229 12439 11985 12026 12077 11534 12014 12276 12319 11728 11448 11062 11892 11969 12143 11461 12298 12261 11633 12230 12840 12199 11962 11410 12321 11472 12492 12023 11498 11606 12489 11873 11988 12385 11480 11862 11951 12051 12037 11834 12124 11954 11184 11228 12419 12182 12057 11695 11722 12326 12259 12401 11833 12194 11874 11816 12008 11752 11951 11810 11706 12296 11434 11443 12313 11897 11639 11317 12218 12219 12714 12270 12101 11726 12249 12047 11692 11947 10975 12531 11587 12118 11778 11979 11845 11857 11407 12068 11826 12164 11866 11823 11812 11257 12190 11720 11430 12224 12126 12047 12165 11551 12222 11580 11759 11631 11971 11264 11535 12057 12366 11324 11898 11801 11533 12544 12151 12520 11918 11931 12136 12319 12385 12314 11126 12228 12168 11414 12119 12086 11740 11494 11709 12376 11914 12045 11515 11392 12251 12007 12024 11652 11944 12436 12261 12145 11773 12034 11697 12134 11589 12219 12061 12266 11669 11317 11492 12071 12189 11622 12033 11811 11505 11494 12172 11329 11950 11787 11689 12375 12152 12022 11805 12627 11878 12572 11783 11940 11525 11857 12528 11835 11964 12264 12388 12276 11571 11256 12047 11754 11855 11395 11667 11773 12097 12002 11684 11782 12134 11636 12131 12035 11241 12249 12053 12650 11950 12288 11387 12179 11923 12426 11738 12153 12041 11860 11612 12256 11911 11814 11983 11878 11372 11671 11918 11606 12045 12392 11944 11851 12743 12383 11084 11400 12305 11827 12119 12445 12055 11732 11631 12468 12320 11297 11884 12375 12129 11679 11943 11808 12139 12114 12429 11985 11691 12113 11692 12208 12328 11916 11781 12052 11473 12091 12204 12263 12202 11342 12038 11666 11878 11565 12044 12018 11642 11749 12605 11685 12554 12128 12076 12252 11652 12169 12099 11847 11544 12222 12169 12137 11823 11703 11575 12196 12177 11918 11970 12237 11862 11960 12207 11936 11980 12336 12125 11618 11811 11260 11730 12324 12363 11711 12151 12398 11608 12124 11927 12144 11946 11967 11917 12515 12446 11841 12003 12199 12284 12021 12067 12761 12283 11603 11738 11487 11740 12456 11797 11861 12315 11849 12451 11743 11331 11841 12261 12248 12132 11660 12235 12146 11361 11662 11926 11186 11297 11579 11657 11504 12049 12720 12094 11577 12564 12616 12382 11607 12790 12058 12015 12005 11720 11825 11810 12396 13010 12241
12101 11922 11839 12409 11473 11814 12224 12228 12049 11600 11545 11562 11672 11727 12088 11906 12059 11829 11853 11326 11840 12230 12243 12311 12212 12186 12117 11758 12075 11412 11798 11819 12421 11708 11765 10974 11436 11760 12308 11771 11931 11776 11791 12074 12524 12485 11535 11526 12123 11682 12098 11588 11781 11554 12485 11905 11743 12070 11657 11931 11889 12120 12356 11693 12072 12095 11269 11029 12063 12034 11985 11814 11542 12318 12190 12244 12110 12138 11944 11601 11992 11470 12352 11712 11582 12192 11471 11705 12230 12335 11741 11664 12384 12246 12719 11963 11798 12012 12203 12278 11937 12059 11376 12351 11607 11977 11981 11935 11983 11636 11338 11780 11921 12284 11963 11547 11911 11018 12174 11562 11284 12437 12037 11427 12239 11381 11891 11218 11557 12154 11978 11468 11787 12152 11916 11517 11728 11867 11602 12858 11791 12874 12275 11802 11754 12401 11712 12225 11503 12146 12033 11598 12081 11934 11820 11642 11787 12515 12059 11876 11473 11457 11946 12020 12013 11881 12055 12105 12157 11913 12072 12132 11644 12102 11530 11983 12163 12496 11217 11371 11753 11889 11734 11486 12034 11778 11476 11348 11997 11755 11600 11594 11408 12240 12208 11799 11651 12009 12419 12443 11769 12064 11434 11356 12531 11833 12291 12105 12454 12194 11378 11480 11983 11852 11815 11227 11861 11673 12187 11902 11703 11783 11984 11748 11752 11743 11325 12066 11847 12338 11939 12357 11118 11846 11628 12486 11940 11753 11814 11978 11486 12377 11712 11647 11602 11731 11629 11742 11904 11652 12111 11844 12067 11927 12535 12452 11359 11282 11989 11949 12277 12368 12328 11700 11451 12326 11995 11215 11636 12172 11823 11620 11991 11861 12244 12202 12245 11874 12043 12301 12021 12002 12121 11621 11957 12312 11505 11906 11881 12060 12041 11703 12023 11482 11839 11528 12084 12210 11900 11598 12275 12079 12600 12194 12014 12190 11887 11777 11531 12022 11505 11580 12051 11784 11923 12020 11633 12240 12610 12301 11693 11694 12204 11968 12113 12477 11655 11927 11972 11440 11971 11185 11659 12103 11965 11805 11992 11969 11775 12042 11972 11860 12041 12590 12209 12144 12714 11610 11810 11795 12021 12167 12091 12722 12286 11759 11890 11649 11900 12239 12041 11447 12250 11966 12130 11549 11679 11621 12164 11944 11969 11757 12057 11976 11228 11396 11684 11413 11520 11268 11761 11635 11635 12740 12408 11277 11966 12444 12025 11712 12746 11967 12051 11724 11716 11504 11637 12310 12555 12307
11979 11842 11754 12167 11309 11836 12087 12171 11991 11790 11549 11286 11947 11622 12164 12074 11815 11837 11615 11073 11736 12215 12548 12708 12167 12238 11978 11954 11805 11601 12051 11958 12240 11628 11822 11133 11139 12060 12019 11532 12030 11911 11504 12086 12506 12207 11750 11734 12586 11750 12357 11454 11909 11635 12422 11963 11716 12273 11434 12186 11992 11828 12482 11531 11819 12325 11306 10984 12280 11987 11642 11994 11507 12273 12205 12636 11663 12130 12199 11639 11580 11862 12263 11578 11642 11984 11536 11803 12045 12154 11672 12149 12281 11935 12225 11832 11897 11956 11978 12310 11960 12085 11087 12396 11732 11699 12143 11959 11852 11657 11433 11588 11894 11994 12015 11587 11694 11298 11966 11622 11589 12366 12348 11912 11776 11548 12400 11707 11942 11833 12156 11203 11896 11961 11933 11319 11650 11872 11427 12627 11945 12445 12036 11862 12094 12356 12298 12216 11664 12126 12002 11435 12090 12099 12111 11756 12038 12315 11742 12189 11588 11441 11952 12152 12054 11755 11717 12184 12508 11851 12171 12186 11868 11930 11537 12127 11955 12155 11581 11283 11426 11959 11942 11648 11758 11799 11440 11620 12071 11488 12202 11903 11356 12222 11927 11955 11865 12572 12058 12574 11728 12057 11435 11796 12413 12046 11911 12279 12597 12150 11353 11731 12021 12086 11967 11369 11679 11735 12252 12418 11722 11840 12172 11455 12024 11849 11610 12282 11809 12401 11755 12112 11440 12148 11767 12610 11861 11634 12031 11960 11698 12335 11790 11683 11730 11683 11307 11974 11991 11324 11958 12270 12223 11926 12552 12317 11492 11289 12148 11675 12224 11928 12022 11681 11766 12301 12210 11681 11581 12418 12085 11217 11827 12320 11715 12068 12547 11806 11940 12379 11966 12314 12282 11649 11812 12176 11318 12191 12320 12147 12105 11489 11750 11447 11985 11426 12092 12564 11561 11765 12243 12098 12414 12085 12376 12245 11775 12119 11408 11549 11428 12103 12043 12037 12022 12079 11865 12323 12343 12373 11779 11932 12141 12092 12464 12373 11419 12219 11698 11640 12089 11130 11444 11971 12282 11702 12163 12297 11410 11861 11774 12028 11890 12198 11988 12167 12586 11525 11903 12290 12266 12011 12298 12566 12499 11676 11505 11628 12100 12203 12107 11863 12163 11907 12036 11603 11736 11516 12381 12232 11761 11777 11940 11853 11430 11093 11798 11511 11494 11616 11509 11849 11939 12627 12555 11498 12236 12240 12161 11704 12621 12008 12037 11910 11320 11852 11705 12263 13109 11826
12102 11765 11891 12234 11529 11574 12111 12062 12178 11887 11711 11446 12233 12005 11960 12323 12249 11693 11948 11539 11983 12033 12237 12672 12078 12244 11776 11791 11540 11575 12054 12086 12481 11704 11511 11282 11403 11723 12089 11522 12012 11788 11752 12217 12507 11865 11843 11596 12507 11505 12638 11690 11818 11867 12454 11697 11845 12129 11602 12000 11942 11902 12221 11723 11662 11879 11174 11230 12400 11858 11693 12007 11628 12138 12242 12425 11760 12315 11953 11539 11901 11631 12076 11581 11767 12073 11358 11690 11951 12152 11815 11926 12295 11861 12045 12018 11918 11861 12023 11829 11913 11717 11037 12289 11818 11976 11854 11749 11831 11692 11629 11969 11825 12095 11877 11730 11993 11492 12035 11645 11366 12320 12012 11783 12008 11651 12339 11501 11836 11976 11878 11053 11432 12000 11668 11158 11850 11921 11801 12734 11769 11993 12017 12067 12087 12432 11943 12225 11577 12484 12047 11687 12193 12108 11866 11706 11538 12156 12208 11867 11877 11620 12078 11903 12273 11838 11801 12203 12307 11967 12318 12164 11772 11850 11455 12176 12114 12085 11467 11502 11283 11567 11716 11807 11462 11617 11423 11611 11809 11622 12075 11489 11399 12306 12180 11599 11737 12434 12129 12738 11907 11991 11517 11695 12364 12084 12257 12073 12481 11933 11596 11365 11900 12118 11940 11330 11831 11605 12127 12161 11915 11831 12033 11764 12080 11634 11306 11898 12029 12257 12093 12141 11601 12161 11964 12355 11822 12101 12076 12074 11620 12454 11765 11505 11955 11758 11464 11792 12033 11426 11851 12277 11898 11647 12582 12532 11300 11383 11932 12059 12171 12277 12400 11878 11343 12565 12752 11617 11947 12289 12126 11652 12026 12170 11837 11621 12206 11827 11877 12499 11897 12131 12340 11286 11928 12031 11302 12036 12204 12082 12176 11330 12034 11737 11860 11552 12357 12267 11412 11833 12109 12134 12617 12138 12089 11935 11647 11975 11784 11498 11501 12197 11978 11786 12051 11416 11590 12623 12168 12255 11767 12282 12380 12036 12064 12075 11508 11944 12115 11817 12142 11110 11686 12403 12345 11805 12072 11902 11715 11826 11608 11931 12037 11992 12096 12275 12427 12062 11816 12123 12269 12322 12002 12644 12645 11611 11680 11716 11960 12387 11692 11656 11973 11904 12072 11665 11703 11721 12317 12083 11955 11605 12009 12114 11567 11560 11914 11388 11458 11743 11535 11567 12029 12472 12141 11560 12178 12680 12436 11914 12451 12109 12150 12183 11454 11701 11839 12299 12846 12174
12119 11899 11683 12039 11443 11856 11906 11684 11746 11815 11148 11277 11932 11714 11956 11877 11940 11569 11720 10715 11650 12047 12371 12349 11974 12026 11812 11505 12029 11262 11662 11879 12155 11834 11892 10892 11350 11816 12323 11275 11902 11871 11802 11827 12031 11971 11573 11111 12448 11671 12026 11356 11535 11686 11957 11847 11927 12137 11380 11801 11637 11979 11874 11748 11793 11878 11344 11294 12107 11853 11738 11772 11259 11905 11927 12041 11397 11773 12030 11774 11922 11718 11560 11384 11332 12092 11323 11238 11999 11751 11650 11541 12211 12108 12457 11930 11798 11591 11933 11956 11644 11833 10823 12361 11287 11724 11653 11671 11954 11482 11082 11797 11797 12173 11913 11612 11373 11038 11877 11505 11160 12415 12123 12025 11814 11470 11886 11568 11595 11662 11691 11262 11505 11632 11902 11440 11367 11691 11239 12487 11867 12406 11753 12103 11732 12234 11728 12080 10940 12046 12254 11476 11929 11576 11639 11430 11609 12308 12166 11798 11590 11493 11870 11644 11899 11696 11734 12098 12539 12133 11960 12100 11360 11574 11734 11907 12092 12079 11723 11481 11173 11880 11445 11264 11513 11627 10851 11439 11640 11339 11889 11382 11506 11984 11902 11840 11632 12266 11869 12160 11461 11827 11570 11572 12380 11548 12199 11810 12381 11772 11251 11183 11867 11644 11532 11344 11670 11927 11796 12058 11399 11982 11756 11250 11751 11335 11409 11759 11404 12624 11683 12279 11203 11857 11459 12687 11646 11830 11974 11825 11576 11852 11196 11468 12053 11360 11199 11431 12198 11621 12042 12017 11815 11959 12422 12032 10941 11383 11922 11471 11910 12579 11960 11549 11509 12061 11941 11484 11492 12223 11827 10862 11931 12077 11611 12107 12613 11440 11631 12226 11629 11684 11651 11646 11810 12096 11264 11666 12233 12222 11888 11155 11523 11543 11825 11513 12249 11975 11359 11119 12077 11792 12282 12061 12032 11577 11854 11670 11613 11584 11390 11876 11625 11871 12060 11850 11700 12298 12109 11802 11533 11789 12152 11648 12174 12021 11527 11787 11757 11781 11874 10914 11785 12014 12264 11725 11923 12189 11492 11816 11569 11909 11920 11930 11800 12171 12238 11521 11745 12010 12375 11785 12182 12433 12272 11611 11706 11391 11984 11868 11746 11422 12342 11645 11746 11616 11348 11627 12183 12037 11842 11628 11955 11485 11290 11021 11706 11160 11562 11344 11650 11692 11894 12091 12204 11426 12308 12374 11843 11396 12335 11907 11978 11820 11397 11711 11525 12381 12443 12102
12602 12590 12852 13277 12171 12120 12822 13002 12773 12297 12074 12229 12214 12107 12793 12533 12424 12092 12506 11593 12243 12909 12793 13199 12688 12815 12400 12672 12688 12205 12499 12477 13117 12397 12320 11768 11990 12466 12915 12251 12698 12888 12179 12961 13375 12782 12174 12179 13409 12382 13087 12277 12112 12075 13198 12750 12547 12976 12159 12715 12643 12560 12918 12326 12589 12787 12141 11985 13057 12409 12323 12655 12166 13133 12940 13268 12381 12993 12836 12182 12742 12531 12938 12211 12125 12667 12074 12425 13088 12522 12253 12520 13117 13132 13063 12695 12839 12300 12454 13086 12646 12547 11849 13113 12177 12738 12764 12653 12474 12351 11981 12386 12448 12862 12904 12218 12346 11811 12928 12526 11949 13198 12856 12636 12998 12304 12790 12391 12448 12034 13305 12243 12452 12480 12581 12079 12376 12325 12379 13552 12333 13173 12731 12410 12451 12817 12695 13093 12012 13089 12752 12208 12649 12721 12418 12440 12097 13091 12891 12812 12313 12259 12489 12660 12684 12509 12379 13037 13162 12799 12881 12860 12184 12286 12330 12735 12718 12999 12096 12274 11875 12424 12349 12398 12599 12323 12386 11893 12505 11824 12403 12229 12159 13154 12225 12717 12493 13365 12667 13141 12508 12859 12034 12258 13217 12490 13249 12802 13334 12745 11884 11937 12663 12664 12473 11829 12024 12402 12770 12924 12132 12530 12936 11876 12758 12670 12343 13011 12657 13160 12477 12965 12099 12702 12512 13298 12538 12494 12517 12451 12220 12947 12621 12079 12584 12414 12096 12556 12333 12253 12637 12654 12698 12465 13119 13253 11540 12097 12971 12367 12557 12848 12721 12466 12227 13034 12789 12224 12469 12913 12582 12036 12822 12762 12680 12948 13370 12493 12354 12960 12525 12718 13066 12248 12809 12676 12504 12786 12995 12988 12967 11922 12641 12103 12449 12223 12861 12977 12467 12156 12627 12533 13133 12753 12877 12750 12373 12538 12548 12129 12320 12580 12877 12654 12557 12635 12202 13213 13020 12594 12284 12476 12803 12624 12991 12741 12500 12742 12622 12462 12657 11857 12102 12981 12919 12593 12995 12659 12314 12603 12254 12567 12326 12939 12838 12742 13011 12700 12337 12931 13127 12462 12876 13445 13190 12091 12487 12227 12584 12452 12747 12096 12792 12562 12697 12317 12239 12128 12919 12797 12617 12223 12827 12394 12278 11996 12555 11910 12064 12187 12449 12105 12645 12836 12915 12033 12994 12981 12648 12204 13347 12864 12848 12633 12194 12396 12173 13101 13468 12805
12417 12336 12194 12771 12283 12069 12586 12486 12551 11988 11755 12028 12499 12129 12575 12282 12197 12129 12220 11701 12380 12578 12697 12830 12673 12925 12313 12436 12634 11816 12195 12247 12973 12169 12047 11403 12006 12000 12547 12352 12700 12336 12075 12786 12975 12634 12114 12003 13244 12142 12886 12273 12272 12159 12844 12534 12520 12615 12139 12447 12602 12778 12656 12335 12395 12585 11836 11842 12893 12471 12030 12468 12368 12772 12967 12851 12344 12674 12642 12397 12406 12423 12412 12237 12003 12658 12024 11953 12882 12373 12099 11962 12634 12703 12635 12286 12211 12231 12798 13002 12292 12521 11383 12478 12334 12212 12523 12370 12176 12187 11835 12481 12254 12727 12085 12040 12166 11479 12645 11932 11896 13147 12616 12373 12672 12169 12819 11882 12393 12564 12451 11840 11933 12269 12631 11440 12362 12334 12029 13490 12372 13019 12372 12616 12218 12749 12566 13043 11932 12904 12658 12055 12666 12962 12326 12003 12242 12834 12725 12639 11896 12126 12516 12267 12517 12101 12503 12679 12713 12502 12762 12724 12409 12322 12050 12755 12675 12704 11746 11808 12084 12540 12195 12127 12147 12180 11759 11750 12449 11743 12245 12040 12237 12811 12645 11818 12112 13066 12703 13319 12082 12638 12012 12113 12822 12083 12542 12365 13025 12607 11905 11987 12464 12343 12259 11983 12159 12605 12750 12617 12397 12432 12638 11983 12533 12457 11718 12234 12560 13108 12163 12631 11778 12468 12260 12910 12353 12467 12449 12386 12028 12418 12319 12354 12485 12269 11786 12323 12695 11904 12881 12533 12824 12478 13426 12572 11775 11827 12846 12211 12162 12760 12694 12339 12028 12782 12699 12323 12310 12917 12396 12191 12786 12435 12606 12469 13130 12421 12443 12552 12151 12961 12371 12052 12476 13004 11765 12051 12678 12747 12617 11920 12063 11744 12266 12248 12351 12641 12186 12038 12737 12134 12988 12512 12908 12515 12095 12450 12022 12094 12188 12345 12745 12368 12743 12502 12150 12997 12982 12725 12221 12578 12374 12738 12697 12546 12088 12800 12435 11899 12521 11559 12182 12832 13057 12202 12085 12694 12127 12336 12126 12077 12508 12997 12675 12906 12780 12189 12483 12573 12510 12489 12331 13189 13035 12438 12367 12286 12247 12807 12320 12198 12683 12572 12623 12295 12062 12024 12716 12526 12368 12231 12632 12645 11734 11804 12307 11774 11976 12008 12211 12335 12405 12956 12614 11934 12691 12809 12817 12127 12972 12569 12720 12456 11876 12192 12412 13032 13210 12476
12040 11919 11673 12516 11927 11802 11805 12177 12178 11871 11518 11858 11771 11866 11824 12148 12102 11731 11837 11167 12033 12406 12266 12347 12264 12388 11858 11703 12231 11594 11911 12147 12391 11822 11568 11039 11552 12159 12375 11754 12196 11897 12113 12204 12820 12289 11685 11399 12278 11573 12332 11829 11782 11853 12303 12203 12199 12648 11635 12174 11750 12036 12143 11485 12116 12028 11359 11235 12233 12103 11870 12014 11547 12164 12369 12764 11879 11951 11955 11919 12180 11870 12187 11570 11482 12112 11643 11486 12342 12253 11897 11390 12655 12408 12909 11974 11993 11719 12122 11889 12025 11971 11363 12315 11918 12086 11988 12024 12101 11824 11321 11934 11736 12398 12346 11781 11986 10998 11985 11483 11289 12405 12124 11971 12531 11458 12184 11769 11564 11910 12002 11882 11750 11932 12002 11495 11518 11806 11570 12770 12360 12591 12203 11836 11912 12240 12291 12616 11233 12107 12386 11645 12363 11979 11802 11587 11828 12432 11766 12009 11702 11556 11943 11909 12222 11885 11815 12340 12610 12045 12170 11988 11752 12126 11491 12130 12226 12295 11647 11436 11663 11727 11641 11891 12010 11749 11444 11577 11697 11380 11996 11705 11492 12441 12253 12122 11743 12400 12329 12587 11864 12307 11445 11782 12683 12070 12423 12263 12762 11902 11413 11570 12178 11609 11912 11596 11497 11691 11985 12404 11556 11959 12007 11678 11967 11956 11365 12186 11946 12712 12084 12526 11470 12411 11796 12504 11905 11577 12061 11996 11826 12433 12117 11459 12119 11525 11479 11480 12000 11612 12005 12071 11907 11615 12475 12495 11063 11266 12268 11744 12197 12486 12334 11824 12008 12068 12253 11749 12071 12400 11970 11398 11945 12100 12349 12447 12568 11836 11794 12529 11651 12285 12207 11970 12016 12424 11417 11800 12275 12321 12049 11740 12095 11623 12119 11737 12191 12176 11710 11498 12370 11853 12989 12112 12044 12183 12015 11761 11776 11891 11634 12196 12168 12059 12285 12187 11316 12475 12546 12346 11844 12231 12218 11762 12473 12182 11483 12030 12079 11983 12024 11447 11717 12184 12449 11640 12373 12199 11521 11992 11715 12075 11707 12385 12242 12339 12465 11947 11625 12199 12352 12419 12252 12903 12231 11947 11969 11697 11804 12182 11982 12005 12413 12055 12001 11816 11743 11545 12411 12076 12354 11625 11663 11994 11576 11229 12102 11409 11489 11717 11680 11670 11966 12467 12083 11603 12342 12187 12192 11888 12839 12263 12278 11773 11772 11789 11700 12253 12593 12378
12706 12483 12438 12653 11851 12516 12241 12645 12483 12566 11981 11977 12505 11862 12511 12523 12297 12039 12671 11870 12274 12575 12790 12801 12178 12183 12337 12340 12840 11770 12563 12235 12607 12414 11985 11391 12078 12021 12704 12006 12560 12306 12081 12687 12893 12682 11998 12050 12874 12125 12618 12324 12266 12138 12847 12501 12301 13110 12162 12350 12483 12417 12743 12231 12497 12532 12006 11615 12682 12155 11981 12650 11881 12858 12748 12751 12281 12770 12572 11696 12304 12108 12563 12176 12167 12581 11723 11895 12648 12343 12071 11886 12903 12890 12695 12270 12356 12216 12557 12484 12486 12491 11371 12985 11936 12402 11929 12362 12148 11926 11639 12494 12499 12687 12260 12095 12323 11600 12619 12221 12103 12551 12934 12564 12535 12047 12508 11929 12226 12334 12602 12253 12251 12280 12474 11990 11879 12280 11942 13074 12095 12879 12826 12566 12529 12762 12560 12894 11747 12536 12430 11916 12546 12203 12361 12100 11960 12573 12788 12484 11946 12066 12652 12352 12746 12436 11560 12897 12706 12474 12525 12671 11861 12417 12073 12433 12746 12702 12133 11792 11901 12022 12251 11942 12385 12285 11866 12058 12363 11742 12350 11817 12122 12590 12280 12172 12336 13067 12542 13098 12159 12728 12105 11891 13258 12225 12756 12762 12755 12291 11650 11623 12231 12455 12656 11580 12066 12262 12752 12681 12112 12652 12547 12052 12402 12106 11662 12533 12619 13103 12500 12638 11850 12383 12152 12845 12281 12569 12188 12249 11956 12673 12255 12105 12432 12052 11965 12397 12598 11884 12341 12477 12506 12211 13035 12910 11888 11852 12511 12459 12783 12618 12611 12144 11928 12920 12872 11940 12062 12454 12327 12039 12653 12432 12554 12551 12828 12402 12205 12863 12173 12608 12775 12220 12149 12636 11865 12589 12664 12728 12638 11929 12158 12011 12318 12263 12676 12763 11788 12244 12697 12262 12947 12487 12695 12559 12420 12661 12151 12109 11888 12165 12614 12684 12231 12417 11897 13197 12781 12501 12363 12122 12552 12540 12570 12818 11686 12155 12639 12290 12287 11479 12077 12457 12860 12200 12479 12229 12105 12352 12193 12327 12140 12507 12460 12710 12944 11933 12720 12508 12597 12416 12476 13240 13002 12141 12240 11900 12266 12450 12470 12199 12326 12440 12573 11996 11810 12176 12724 12524 12518 11862 12506 12301 12135 11918 12193 11803 11678 11978 12081 12331 12381 12912 12516 11715 12845 12969 12530 12074 13003 12824 12844 12336 11516 12067 12230 12847 13231 12569
11810 11841 11537 12119 11455 11564 11817 11800 11822 11635 10943 11378 11585 11343 11692 11783 12039 11483 11555 10992 11662 11991 11930 12316 11459 12178 11408 11664 11942 11284 11741 11786 12003 11645 11330 10936 10960 11551 11944 11382 11653 11640 11399 12216 12425 11920 11426 11630 11981 11515 12133 11380 11759 11462 11863 11801 11359 12069 11157 11830 11592 11203 11697 11252 11540 11662 11175 10932 11903 11678 11501 11477 11329 11892 11795 12156 11107 12086 11815 11136 11576 11476 12131 11394 11163 11744 11564 11217 11914 11409 11199 11734 11933 12056 12268 11764 11785 11275 12074 11892 11939 11844 11047 11894 11617 11572 11291 11664 11650 11443 11216 11345 11650 12092 11526 11251 11625 10847 11555 11438 11322 12096 11708 11371 11945 11267 12218 11349 11372 11625 11657 10993 11310 11983 11321 10961 11158 11170 11606 12270 11418 12002 12199 11522 11771 11975 11479 12298 11551 12027 11886 11362 12228 11384 11426 11160 11416 11951 12223 11430 11306 11365 11994 11313 12364 11570 11224 11968 12208 11733 11794 11593 11380 11693 11223 11890 11423 11741 11277 11167 11085 11366 11508 11068 11483 11298 11280 11368 11502 11024 11706 11089 11540 12080 11852 11283 11519 12389 12302 12505 11718 12005 11259 11627 11934 11974 12078 12289 12075 11606 11307 11233 11871 11639 11771 11062 11391 11603 11675 12018 11380 11680 11795 11680 11951 11495 10952 12104 11638 12072 11470 12031 11235 11829 11478 12182 11838 11809 11756 11781 11374 12211 11640 11318 11676 11678 11149 11888 11406 11253 12206 11966 11868 11409 12431 11929 11204 10976 11784 11349 11883 12126 11991 11470 11332 12046 12035 11082 11393 11841 11445 10959 11640 12088 11519 11834 12446 11553 11401 12067 11536 12000 11896 11041 11711 11742 10951 11573 11931 11824 11859 11297 11520 11285 11766 11156 12019 11962 11367 11260 12229 11531 12064 11746 12105 12248 11360 11617 11274 11312 11129 11257 11752 11417 11405 11652 11341 12381 11769 12082 11544 11762 11969 11607 12207 12066 11380 11918 11794 11675 11552 11034 11309 12198 11766 11437 11470 12078 11367 11653 11510 11389 12131 11932 11760 12204 12083 11624 11490 11997 11925 11798 11399 12443 12038 11235 11840 11349 11633 11644 11746 11269 12147 11749 11780 11094 11283 11418 12073 11837 11921 11477 11641 11743 11259 11143 11457 11364 11261 11409 11666 11477 11752 12081 11966 11567 11916 12284 12179 11374 12503 11901 11598 11619 11491 11474 11455 11947 12373 11655
11694 12148 11800 11949 11336 11698 12009 12039 12022 11522 11218 11086 11476 11622 11716 11673 11795 11362 11595 11132 11749 11921 11790 12259 11697 12274 11868 11643 11951 11427 11866 11958 12057 11526 11899 11030 11455 11531 11838 11404 12135 11745 11542 12118 12174 11606 11701 11149 12268 11290 11860 11379 11764 11784 12278 11927 11687 12189 11502 11800 11582 11779 11924 11543 11577 11749 11245 10843 11770 12081 11596 11920 11572 12135 12149 12142 11723 11892 12016 11568 12007 11837 11860 11593 11264 11874 11083 11516 12134 11867 11650 11450 12079 12091 12430 11632 11783 11681 11635 12090 11805 12263 10929 12372 11412 12114 11892 11711 11633 11687 11616 11761 11820 12032 11590 11706 11601 11069 11856 11316 11397 12123 11962 11575 11766 11354 11868 11370 11876 11328 11939 11139 11649 11936 11941 11008 11767 11302 11562 12586 11686 12153 12153 11937 11591 12078 11778 12035 11254 11979 11884 11721 11893 11898 11672 11814 11601 12334 11990 11877 11626 11400 11797 11639 11760 11726 11740 11908 12366 11715 12190 11977 11601 12195 11319 11779 12086 11712 11402 11635 11386 11633 11429 11591 11540 11709 11638 11271 11576 11189 11674 11187 11643 11960 11465 11724 11558 12293 12146 12207 11513 11529 11394 11120 12173 11598 12091 12077 12287 11972 11156 11218 11854 11866 11766 11359 11423 11516 12184 12033 11507 11569 12156 11227 11892 11624 11024 11637 11741 12286 11626 12134 11169 12006 11704 12462 11358 11632 11860 11581 11369 12057 11515 11045 11898 11564 11188 11846 11533 11390 11993 11786 11768 11743 12534 12254 10969 10915 11807 11676 11807 12262 12040 11714 11208 12374 12197 11201 11426 12075 11518 11093 11745 11525 11684 11758 12310 11476 11791 12060 11930 12085 12124 11511 11815 11900 11523 11524 12007 11711 11919 11373 11732 11109 11788 11534 11965 12276 11285 11493 12072 11744 12449 11839 12010 11758 11485 11797 11913 11419 11490 11724 11857 11941 11867 11664 11526 12288 12171 11700 11788 11923 11894 11882 12039 12199 11337 11674 11951 11739 11762 10997 11759 11792 12255 11540 11974 11637 11457 11986 11616 11774 11975 12186 11851 12036 12201 11592 11838 11608 11965 11788 11870 12166 12208 11482 11284 11590 11731 11764 11589 11183 12125 11694 11968 11561 11309 11422 12013 11944 11764 11561 11786 11744 11116 11294 11785 11341 11350 11519 11352 11512 11978 12189 12719 11289 12029 12249 12083 11255 12553 11768 12063 11765 11166 11583 11562 12367 12575 11818
11748 12191 11535 12272 11572 11728 12169 12158 11660 11605 11662 11794 12229 11708 11884 11913 12135 11637 11420 10960 11389 12287 12208 12166 11855 11923 11303 11794 12016 10909 11608 11791 12138 12172 11508 11046 11269 11529 11840 11412 12101 12148 11868 12326 12773 12064 11639 11445 12515 11327 12360 11354 11910 11570 12327 11829 12034 12173 11448 11953 11846 12153 12285 11680 12203 11841 11236 11420 12301 12296 11698 11858 11509 12310 12482 12298 11843 12244 12116 11889 11958 11617 11995 11559 11768 12317 11657 11720 12404 12305 12115 11343 12418 12077 12421 11692 12131 11536 12016 12026 11618 12050 11207 12493 11747 11750 11669 11627 11763 11682 11314 11583 11902 12185 11762 11620 11434 11322 12217 11495 11353 12520 11944 11819 12067 11787 11938 11531 11585 11496 11821 11555 11683 11779 11841 11351 11627 11707 11337 12622 11913 12420 12139 12036 11942 12162 11779 12407 11404 12091 12055 11550 11825 11717 11886 11053 11747 12115 11799 11952 11723 11300 11952 11554 11948 11629 11863 12400 12300 11918 12057 12005 11623 12320 11714 12094 12220 12162 11568 11833 11519 11877 11828 11783 11726 11513 11541 11437 11842 11241 11966 11576 11598 12092 12089 12037 11649 12334 11697 12261 11678 11976 11349 11794 12420 11665 12330 12017 12315 11847 11313 11348 11846 11554 11855 11168 11329 11729 12075 12106 11678 11880 11877 11496 11838 11698 11673 11796 11785 12463 11945 12100 11261 11812 11761 12391 11716 11971 12297 11921 11610 12365 11919 11632 12303 11747 11104 11519 11844 11537 11617 12172 11970 11688 12434 12054 11198 11212 12049 11698 11812 12575 11765 11903 11358 12166 12235 11691 11450 11861 11667 11650 11954 11852 12074 11910 12373 11666 11780 12305 11835 11851 12129 11599 11981 12076 11211 11944 12195 11876 12084 11534 11975 11471 11866 11643 12018 12113 11659 11341 12126 11633 12387 12126 12329 12130 11768 12056 11825 11632 11422 11733 11970 12196 12051 11888 11670 12243 12551 12091 11642 12223 11978 11573 12377 11849 11566 12309 12118 11810 11813 11065 11460 11793 12328 11581 11545 12036 11685 11937 11694 11994 11764 11948 11829 12339 12317 11781 11884 12294 12164 12210 12295 12627 12229 11656 11639 11699 11876 12231 11916 11544 12014 11815 11579 11521 11534 11567 12308 12038 11977 11678 11974 11685 11421 11153 11847 11349 11155 11644 11492 11870 12056 12723 12143 11472 12163 12310 12222 11445 12770 12072 11948 11781 11463 11447 11694 12270 12609 12150
12551 12759 12341 12703 11955 12280 12695 12899 12609 12331 12380 11897 12588 12219 12501 12455 12908 12186 12379 11562 12345 12777 12900 12980 12673 12985 12395 12302 12557 12166 12407 12377 12852 12435 12025 11545 12000 12614 12660 12230 13002 12524 12085 12524 13441 12319 12612 12013 13172 11881 12949 12013 12046 12424 13074 12616 12614 12931 12687 12650 12434 12877 12882 12434 12500 12439 11758 11844 12930 12663 12160 12552 12253 12651 12506 13017 12451 12778 12748 12663 12450 12445 12875 12282 11985 12843 12028 12489 13010 12767 12340 12109 12943 13131 13098 12494 12540 12056 12576 12722 12432 12831 11846 12952 12236 13167 12444 12503 12707 12430 11718 12890 11980 12841 12647 12617 12490 11673 12916 12081 12124 13152 12986 12454 12593 12464 13038 11901 12285 12544 12497 11994 12211 12770 12884 11943 12037 12416 12281 13145 12670 13264 12453 12708 12477 12719 12809 12901 11827 12815 12555 12008 12991 12342 12233 12388 12231 12666 12701 12578 12161 11984 12569 12383 12717 12381 12581 13127 12878 12514 12860 12861 12208 12892 12142 12437 13007 12819 12279 12219 12079 12369 12506 12426 12374 12010 11986 11996 12132 11770 12688 12010 12127 12927 12388 12428 12533 12656 12858 13156 12551 12659 11943 12453 13168 12102 12826 12670 12993 12493 11811 12049 12525 12515 12294 11795 12259 12321 12825 12642 12478 12369 12594 11825 12660 12728 11777 12610 12823 13307 12642 13042 12010 12462 12434 12924 12297 12707 12605 12324 12035 12857 12459 11756 12393 12219 11867 12247 12553 12315 12590 12821 12732 12704 13242 13042 12052 11897 12449 12634 12458 12665 12558 12351 11954 13089 12940 12312 12310 13029 12505 11830 12575 12589 12619 12611 13094 12285 12573 12787 12418 12815 12648 12214 12788 12819 12164 12494 12736 12959 12659 11713 12521 12103 12658 12046 12682 12694 11966 12013 12998 12454 13054 12594 12565 12744 12377 12907 12490 12183 12314 12381 12576 12253 12459 12484 12110 12823 12959 12940 12570 12697 12881 12254 12860 12442 12358 12964 12593 12397 12350 11722 12210 12675 12821 12292 12661 13008 12385 12662 12431 12575 12656 12535 12961 12926 13078 12153 12490 12924 12887 12485 12859 13670 13071 12480 12175 12248 12275 12776 12670 12333 13001 12260 12601 12509 12159 11921 12804 12723 12803 12170 12525 12468 11768 11982 12400 11864 12256 12355 12349 12679 12474 13059 12772 12107 12845 13196 12559 12352 12900 12946 12476 12690 12223 12112 12364 13102 13713 12756
11496 11964 11565 11910 11417 11557 12068 11921 11493 11360 11650 11495 11576 11229 12116 11781 11481 11383 11918 11079 11719 12084 12124 12361 12026 11963 11415 11432 11789 11308 11979 11621 12508 11674 11465 10926 11389 11502 12010 11361 11868 11571 11582 11988 12474 11420 11501 11717 11912 11565 11952 11386 11390 11548 11924 11566 11583 12460 11351 11844 11761 11333 11827 11405 12033 11888 11067 11110 11912 11639 11260 11391 11472 11909 12098 12140 11423 11990 12018 11543 11399 11412 12037 11152 11563 11717 11380 11358 12330 11936 11285 11520 11854 12299 12193 11902 11955 11951 11724 11925 11610 11668 10999 12057 11334 11397 11503 11368 11497 11846 11058 11558 11723 12046 11407 11261 11373 11157 11939 11484 11179 12021 12037 11504 11607 11009 12104 11677 11648 11413 11813 11210 11103 11513 11418 11232 11546 11814 11123 12332 11433 12015 11715 11437 11623 11797 11773 12137 11763 11995 11950 11470 11989 11524 11452 11314 11455 11844 11704 11650 11614 11188 11618 11752 12026 11682 11271 11848 11980 11721 11838 11896 11372 11657 11370 11687 11685 12016 11141 11259 11049 11652 11565 11675 11468 11468 11299 11134 11705 10680 11717 11132 11462 12204 11904 11643 11776 12301 11613 12539 11668 11706 11216 11820 12298 11739 11730 11785 12295 11563 11126 10859 11648 11325 11547 11278 11195 11395 12046 11965 11309 11734 11966 11308 12238 11948 11371 11778 11811 12146 11263 12070 11207 12169 11387 12082 11481 11843 11892 11582 11225 12042 11824 11651 11812 11593 11343 11399 11569 11321 11856 11938 11644 11731 12075 12246 11300 11072 11705 11498 11658 12175 12239 11362 11334 12260 11933 11423 11509 12012 11750 11162 11876 11869 11630 11590 12018 11760 11513 12389 11598 11950 12019 11691 11740 11979 11171 11723 11717 11840 12371 10826 11739 11380 11680 11304 11838 12076 11458 11583 12055 11682 12341 12029 11959 11798 11487 11674 11544 11308 11556 11808 11742 11729 11822 11774 11344 12221 11783 12353 11300 11909 11967 11863 12017 11944 11385 11582 11921 11604 11790 11274 11423 11935 12150 11466 11541 12099 11351 11739 11439 11768 11725 12171 11800 12486 12278 11591 11720 11797 11769 11712 11806 12598 11856 11337 11585 11287 11688 11891 11643 11425 12003 11648 11519 11584 11268 11166 12253 11561 11840 11455 11561 11473 11402 11166 11805 11640 11091 11455 11523 11648 11568 12047 11948 11184 11799 12284 11996 11673 12237 11995 12196 11375 11170 11399 11413 12221 12592 11913
11936 12146 11844 12496 11784 11913 12416 12260 12254 11992 11500 11705 12034 11916 12143 12346 12024 11815 11898 11426 11661 12152 12263 12091 11840 12009 11884 12336 12159 11339 12057 12210 12616 12002 11781 11234 11245 11923 12477 11494 12342 12164 11929 12390 12723 12188 11983 11361 12695 11624 12530 12015 11613 11534 12161 11915 11836 12686 11909 12170 12107 12019 12024 11793 12166 11993 11219 11192 12250 12120 11786 12141 11971 12351 12424 12347 11778 12505 11992 12018 11981 11518 11712 11675 11429 12393 11745 11597 12332 12118 11815 11634 12396 12541 12548 12346 11994 12018 12092 11948 11683 12165 11179 12212 11619 12077 12198 12172 11694 12008 11788 12116 11782 12575 12000 11543 11681 11526 12346 11629 11276 12770 11822 12124 12450 11996 12043 11517 11915 11893 11913 11517 11629 12112 11864 11431 12036 11871 11460 13094 11820 12327 12266 11906 11972 12505 12363 12263 11538 12464 12163 11729 12375 12305 12152 11710 11828 12110 12607 11856 11473 11775 12028 11996 12353 12033 12373 12311 11901 11924 12404 12540 12115 11835 11675 12258 12474 12064 11498 11607 11617 12438 11752 11634 11878 11447 11735 11580 11859 11262 12171 11599 11539 12462 12115 11711 12134 12652 12554 12626 11910 11999 11427 12265 12750 11958 12447 12082 12731 12178 11850 11599 12386 11849 11764 11439 11921 11962 12298 12422 12029 11969 12172 11613 12256 11665 11322 12406 12156 12809 12095 12543 11730 12148 11996 12575 12390 11997 12188 11783 11798 12358 11749 11417 12077 11707 11264 11853 12418 11737 12362 12973 11963 12090 12192 12279 11766 11411 11795 12045 12493 12511 12284 11647 11697 12784 12392 11935 11813 12135 12051 11724 12266 12295 12165 11827 12482 11874 11888 12821 12107 12660 12335 11896 12384 12169 11701 12274 12232 12272 12068 11364 12008 11233 11705 11837 12632 12582 11620 11770 12644 12012 12605 12026 12449 12049 11667 12133 11597 11512 11633 12105 12082 12304 12135 11709 11993 12537 12432 12220 11835 12466 12295 12308 12461 11923 11746 12139 11926 11470 12081 11263 11693 12410 12684 11993 11879 12393 11793 11943 12040 11973 12024 12685 11854 12576 12344 12015 12111 11981 12433 12313 12387 12865 12598 11827 11918 11701 11748 12228 12385 11834 12602 12014 12035 11901 11783 11699 12472 12197 12208 11970 12021 12276 11553 11598 12176 11699 11177 11835 11672 11675 12165 12500 12451 11657 12316 12669 12303 11854 12436 12257 12111 11980 11342 11595 11730 12490 13096 12133
12244 12443 11950 12262 11726 12020 12381 12281 12077 11958 11743 11900 12261 12002 12203 12158 12326 11731 11812 11447 11936 12466 12080 12412 12135 12441 11962 11947 12126 11477 12123 12172 12506 12301 11794 11199 11750 12044 12496 11421 12101 12216 11731 12051 13115 12236 11915 11538 12533 12259 12271 11772 11980 11718 12528 12117 12147 12567 11992 12273 12081 12030 12158 11867 12141 12518 11723 11591 12121 12252 12227 12378 11767 12417 12182 12319 11972 12065 12343 12012 12073 12071 11970 11710 11463 12776 11683 11513 12418 12203 11929 11721 12581 12537 12553 12683 12140 11883 12192 12138 11984 12169 10997 12523 11796 12292 12104 12168 11970 11926 12028 12429 12118 12110 12151 11816 11812 11453 12434 11524 11463 12724 11991 12294 12170 11629 12406 12074 12098 11925 12073 11515 11814 12027 11992 11637 11913 12134 11695 12821 12042 12783 12226 12360 12234 12731 12378 12601 11462 12531 12535 11663 12174 12171 11855 11676 11863 12218 12152 12180 11768 11744 12325 12199 12419 11898 11814 12081 12126 12278 12348 12397 11849 12034 11979 12085 12229 12263 11526 11879 11658 12114 12275 11688 11809 12143 11743 11382 11949 11707 12012 11644 12047 12387 12226 11692 12122 12940 12168 12835 12233 12191 11641 11909 12517 12113 12305 11994 12692 12412 11547 11643 11938 11908 11934 11353 11911 11767 12282 12649 11832 12171 12228 11983 12204 12338 11519 12022 12095 12767 11922 12103 11333 12229 12056 12432 11943 11981 12213 12040 12025 12170 11848 11729 12322 11895 11309 12175 12173 11678 12235 12576 12416 12240 12897 12319 11591 11394 12254 11982 12463 12347 12486 11913 11705 12570 12406 12014 11768 12299 12013 11281 12123 12478 12159 12655 12659 11669 12275 12227 11820 12296 12488 12077 12168 12092 11608 12131 12482 12270 12179 11477 12356 11603 12044 11902 12544 12306 11959 11399 12445 12071 12847 12141 12116 12471 11571 12170 11930 11900 11487 12047 12419 12077 12023 11738 11945 12272 12581 12317 11545 12104 12137 12132 12474 12182 11775 11985 12430 12000 12081 11156 11678 12574 12569 11839 11922 12380 11817 12228 11821 11809 12010 12266 11973 12341 12631 11992 11674 12461 12257 12662 12444 12938 12427 11941 11663 12104 11952 12392 11860 11575 12370 11967 11943 11775 11883 11821 12521 12251 12174 11585 12104 12128 11938 11729 11874 11615 11215 11757 11632 11932 11970 12986 12519 11608 12487 12821 12398 11994 12743 12206 12161 11550 11796 11782 11885 12228 12728 12355
12135 12489 12169 12579 11930 12015 12664 12592 12347 12126 12014 11806 12464 11803 12546 12219 12452 12081 12284 11550 12135 12528 12413 12510 12180 12708 12198 12228 12501 11769 12500 12415 12717 12201 11903 11548 12018 12194 12431 11988 12421 12109 11998 12369 13072 12392 12504 11815 12556 11609 12553 11659 11760 11725 12600 12418 12020 12613 12187 12497 12019 12653 12253 11863 12511 12216 11995 11606 12517 12442 12272 12632 11770 12406 12550 12727 12059 12627 12159 12271 12189 11805 12273 12032 11787 12414 11649 11715 12479 12054 11651 11958 12612 12610 12480 12360 12421 12219 12237 12539 12030 12668 11469 12818 11953 12261 12358 12009 12072 12106 11751 12284 12030 12790 12327 12393 12018 11628 12168 11774 11428 12815 12525 12257 12324 11837 12563 11655 12388 12090 12175 11790 11817 12184 12780 11609 12057 12234 11864 12865 12233 13093 12447 12650 12162 12714 12563 12850 11820 12728 12213 11675 12523 11990 12102 11855 12207 12393 12471 12390 11959 11932 12327 12346 12457 12178 12163 12797 12830 12447 12579 12433 12173 12553 11825 12749 12516 12637 11601 11903 12092 12504 12184 11982 12044 12012 11936 11739 11939 11416 12345 11715 11919 12682 12394 12278 11984 12931 12428 13050 12165 12482 11780 11967 12612 12339 12433 12349 12478 12096 11421 11769 12213 12049 11965 11723 11948 12014 12424 12536 12132 12298 12109 11884 12161 11968 11727 12294 12479 12832 12085 12668 11769 12555 12141 12763 12131 11899 12382 12323 11805 12395 12110 12069 12306 12124 11762 12194 12304 11939 12363 12394 12668 12135 12653 12506 11672 11962 12492 12221 12318 12848 12395 11925 12172 12523 12501 11986 12151 12544 12496 11754 12322 12222 12633 12115 12787 12140 12200 12520 12060 12706 12407 12136 11739 12633 12089 12289 12425 12343 12590 11795 12322 12008 12335 11991 12163 12551 11883 11747 12860 12175 13025 12291 12626 12509 12522 12149 12081 12337 12288 12441 12471 12393 12429 12100 11797 13133 12623 12376 12298 12413 12537 12405 12777 12326 11998 12305 12552 12092 12308 11485 12223 12396 12616 12117 12196 12230 11841 12107 12072 12275 12238 12624 12387 12482 12796 12420 12313 12443 12721 12361 12476 13287 12834 12052 12245 12000 12135 12438 12324 12077 12490 12255 12666 12304 12006 12153 12480 12381 12614 12158 12122 12211 11508 11726 12445 11679 11565 11859 11764 12320 12203 12784 12547 11997 12308 12938 12591 12075 13052 12462 12439 12085 11971 12268 12057 12909 13171 12374
11269 11723 11511 11852 11140 11479 11932 12089 11560 11470 11502 11361 11562 11313 11654 11828 11612 10974 11642 10867 11376 11871 11907 12075 11495 11911 11466 11749 11784 10967 11582 11675 11757 11868 11361 10800 11034 11604 11814 11124 11677 11890 11323 11727 12499 11749 11522 11312 12251 11159 11627 11227 11183 11017 11870 11475 11449 11930 11317 11756 11295 11683 11862 11167 11529 11483 10904 11063 11879 11422 11645 11488 11261 11979 11989 11831 11384 11662 11703 11342 11599 11242 11934 11455 11179 11600 11186 11479 11990 11853 11293 11062 12259 11853 11908 11238 11521 11239 11948 11976 11599 11858 10751 12009 11622 11529 11499 11707 11237 11533 11148 11311 11590 11818 11475 11383 11280 10838 11491 11137 10744 12447 11822 11278 11814 11227 11767 10963 11209 11203 11574 11017 11409 11389 11320 10822 11002 11548 11361 12298 11562 12044 11757 11593 11497 12264 11489 11968 11156 12159 11927 11171 11832 11640 11308 11101 11267 11677 11601 11733 11007 11081 11315 11561 11378 11322 11426 11746 11894 11809 11803 11582 11155 11857 11415 11796 11478 11594 11045 11148 10986 11478 11639 11052 11408 11467 10720 11069 11553 11165 11624 11489 11536 11783 11840 11319 11610 12174 11877 11947 11244 11877 11012 11349 11964 11637 11853 11915 11612 11473 11288 11119 11797 11675 11821 10864 11122 11557 11774 12276 11448 11658 11857 10976 11720 11637 11061 11688 11344 12125 11410 12025 10942 11722 11454 12349 11403 11197 11977 11483 11640 11507 11389 11280 11398 11643 10708 11402 11358 10845 11851 11871 11878 11377 11849 11737 11022 11172 11726 11226 11588 12056 11636 11418 11327 11759 11855 11090 11419 11848 11693 10926 11616 12014 11793 11573 11957 11377 11596 11977 11466 11620 11895 11099 11498 11899 10888 11603 11574 11737 11705 11108 11358 11225 11821 11315 11803 11668 10964 11138 11888 11477 12193 11518 12016 11904 11606 11685 11571 11298 11140 11389 11649 11504 11488 11411 11279 11968 12155 12004 11571 11508 11975 11417 11707 11664 11517 12039 11836 11422 11721 10958 11369 12025 11963 11085 11405 11900 11251 11386 11357 11772 11480 11929 11562 11925 12147 11659 11956 12048 11531 11554 11832 12263 12033 11317 11433 11461 11818 11547 11866 11172 12181 11715 11790 11319 11000 11378 11896 11539 11748 11325 11652 11487 11002 11177 11376 11273 11365 11132 11027 11336 11797 11809 11939 11451 11766 11723 11882 11112 12341 11455 11786 11391 11346 11311 11477 11548 12388 11702
11977 11876 11306 11780 11701 11542 11835 11834 11806 11625 11807 11401 11933 11798 11789 11823 11839 11742 11396 10952 11848 12069 11798 12100 11993 12089 11581 11758 11995 11375 11862 12166 12130 11551 11638 11161 11416 11834 12287 11346 12017 11710 11530 11711 12678 11989 11753 11560 12336 11538 12086 11440 11572 11479 12519 11633 11844 12215 11352 11719 11704 12006 12041 11473 11778 11400 11184 10801 11951 11861 11893 11875 11278 12097 12075 12106 11645 12101 11689 11922 12066 11319 11910 11441 11611 12116 11626 11679 12083 11981 11412 11178 12374 12196 12418 11544 11786 11448 11869 12038 11596 11818 10879 12029 11246 11718 11835 11793 11797 11645 11398 11639 11886 11922 11661 11485 11452 11060 11860 11259 11244 12405 12354 11797 12032 11490 11909 11475 11901 11596 11950 10954 11713 11734 11765 11446 11668 11652 11572 12541 12012 12127 11890 12011 11959 12154 11593 12349 11469 12330 12247 11611 11846 11555 11795 11057 11538 12053 12015 11561 11628 11104 11614 11716 11945 11630 11369 12338 12358 11554 12068 11807 11435 12042 11194 12127 11963 11897 11514 11291 11168 11402 11672 11297 11324 11767 11303 11155 11713 11305 11709 11404 11469 11968 11755 11824 11827 12054 11841 12687 11628 11823 11221 11542 12191 11717 11852 12092 12411 11935 11451 11388 11741 11574 11873 11498 11591 11611 12025 12111 11365 11924 11705 11410 11900 12014 11315 11930 11729 12431 11554 12011 11326 11729 11640 12480 11560 11560 11828 11494 11429 11789 11763 11627 11541 11319 10959 11501 11795 11173 11872 12237 11862 11574 12354 11874 11273 11058 11831 11491 11492 11790 12019 11808 11717 12089 11861 11749 11572 12090 11561 11312 11796 11865 11839 12006 11904 11632 11836 12282 11748 11937 12164 11508 11536 12042 10954 11734 11988 11747 12013 10979 11738 11223 11465 11608 12010 12118 11119 11377 11937 11706 12419 12006 12274 12194 11483 12013 11577 11355 11398 12022 11794 11849 11934 11792 11422 12226 11916 12345 11881 11980 12223 11717 11964 11742 11290 11774 11976 11609 11499 10826 11510 11671 12089 11362 11707 11963 11365 11637 11503 11385 11714 12256 12000 12216 12223 11807 12004 11883 11779 12059 12205 12663 12532 11834 11649 11464 11625 11612 11709 11459 12440 11657 11940 11648 11404 11669 11832 12146 11872 11622 12005 11698 11418 10894 11479 11240 11199 11398 11568 11448 11769 12004 12103 11281 12063 11940 12280 11625 12396 11683 11863 11610 11136 11463 11467 11861 12628 11995
13004 12865 12699 13169 12301 12768 13003 12908 12799 12490 12321 12537 12493 12369 12870 12781 12927 12392 12905 12079 12838 13189 12861 13354 12974 13003 12750 12391 12982 12304 12770 12702 13005 12699 12659 11977 12461 12594 12867 12781 12805 12452 12664 12912 13413 12715 12654 11992 12934 12570 13159 12279 12415 12410 13407 12570 13011 13285 12581 12670 12736 12504 12940 12300 12649 12741 12145 11998 12890 12924 12837 12725 12426 13058 12915 13267 12727 12625 12976 12435 12673 12617 12827 12160 12363 13101 12215 12417 13436 12747 12360 12200 12945 13340 13258 12905 12893 12620 12728 12989 12703 13092 12111 13125 12500 12653 12529 12793 12704 12662 12015 12783 12557 12773 12851 12457 12672 12082 12703 12151 12319 13280 12793 12763 13011 12133 12892 12278 12523 12641 12543 12070 12204 12480 12741 12097 12338 12758 12229 13198 12506 13375 12941 12818 12659 13088 12876 13284 12353 13119 12916 12360 12957 12729 12501 12162 12674 13262 12711 12720 12632 12679 12691 12553 12976 12775 12647 12839 12988 12524 13207 12841 12132 13027 12338 12572 13208 13240 12293 12541 12366 12818 12593 12326 12690 12665 12272 11975 12749 11982 12741 12246 12294 13416 12749 12597 12720 13195 13092 13410 12364 12870 12287 12389 13405 12582 13008 12923 13845 13088 12088 12254 12933 12533 12525 12222 12435 12615 12544 13049 12381 12392 13193 12117 12686 12721 12043 12639 12928 13318 12615 13217 12146 12973 12564 13329 12482 12784 12693 12838 12444 13182 12643 12217 12803 12592 12163 12243 12748 12637 12828 12963 12690 12641 13263 13057 12201 12072 12893 12552 13011 13112 13284 12591 12911 13339 13144 12437 12661 12877 12567 12311 12825 13077 13092 13105 13497 12743 12946 13277 12435 13122 12968 12442 12499 12710 11959 12557 12866 12914 12944 12032 12692 12424 12639 12573 13033 13069 12015 12171 12924 12408 13259 12997 13025 12837 12287 12815 12620 12490 12290 12503 12746 12606 12789 12763 12073 13054 12916 12837 12491 12975 12760 12504 12973 12641 12604 12689 12683 12589 13168 11767 12278 13194 13359 12786 13082 13054 12378 12817 12475 12837 12712 12932 13372 13250 13446 12802 12933 13055 13031 12895 12783 13628 13203 12733 12586 12428 12448 13082 12673 12542 12918 12754 12715 12590 12217 12488 13243 12717 13222 12605 12887 12689 12376 12088 12691 12258 11952 12599 12749 12502 12732 12907 12999 12282 12875 13442 12912 12754 13164 12965 12826 12518 12447 12304 12321 13148 13949 12977
12255 12095 11880 12391 11640 11594 12163 11923 12092 11558 11339 11529 11717 11514 12196 12122 12149 11594 11721 11071 11671 12357 12353 12616 12146 12432 11917 11784 12225 11190 12260 12148 12414 11760 11545 11196 11420 11879 12449 11713 12351 12286 11643 12398 12293 12226 11807 11309 12358 11539 12353 11491 11696 11470 12520 11853 12194 12330 11494 11734 12020 11911 12081 11623 12083 12004 11162 11163 12094 12166 11589 12169 11689 12275 11924 12409 11536 12120 11854 11687 11940 12043 12075 11692 11669 12246 11719 11399 12253 11991 11577 11853 12045 12196 12234 12003 12180 11654 11999 12094 11785 12065 10855 12496 11601 12095 11808 12102 11857 11721 11505 11626 12150 11941 11801 11527 11409 11115 12163 11481 11440 12478 12452 11776 12114 11280 12158 11963 11681 11663 12363 11411 11798 11592 11754 11517 11424 12161 11449 12570 12063 12721 12265 11744 11793 12202 12015 12259 11834 12353 12137 11776 12331 11952 11724 11491 11949 12068 11786 11932 11932 11900 12120 11803 12615 11927 11594 12092 12164 11760 12213 11925 11337 11877 11564 12002 11611 12039 11498 11036 11397 11628 11578 11771 11643 11598 11596 11603 11987 11870 11638 11313 11614 12037 11698 11895 11836 12673 12094 12384 11484 11984 11663 11731 12609 11884 12216 12141 12625 12086 11436 11437 12163 12067 12104 11542 11397 11633 12162 12225 11795 11673 11999 11791 12074 11881 11109 11986 11882 12637 11808 12106 11292 11883 11902 12254 11623 12055 11789 11990 11642 12031 11863 11500 11963 12096 11195 11667 11926 11606 11958 12386 12141 11804 12597 11977 11134 11201 12232 11588 11843 12388 12420 11680 11736 12498 12183 11746 11789 12573 11751 11219 12179 12212 11700 12130 12212 11929 11981 12279 11981 11927 12339 11601 11876 12114 11071 12476 12333 12095 12060 10978 11956 11352 12008 11616 12237 12493 11727 11555 11996 11973 12451 12270 12374 12361 11776 12040 11556 11360 11535 11868 11885 11905 11937 11976 11470 12132 12431 12317 11741 11866 12223 11997 12191 12201 11615 12322 12040 11689 11814 11248 11797 12194 12222 11848 11993 12286 11927 11945 11992 11751 12150 12774 12069 12260 12688 11642 11926 12060 12226 12471 12203 12636 12303 11504 11952 11647 12257 11994 12037 11725 12130 11902 11936 11292 11486 11479 12319 12165 12049 11842 11869 12174 11385 11574 11645 11463 11259 11706 11765 11470 12022 12577 12520 11376 12338 12661 11878 11693 12942 12002 12022 11996 11369 11793 11801 11809 12666 12239
12150 12321 12060 12834 11757 12429 12486 12539 12150 11844 11908 11898 12451 11816 12384 12338 12311 11726 11976 11795 12247 12667 12665 12780 12405 12315 11822 12264 12455 11404 12150 12264 12504 12258 11966 11176 11627 11960 12387 11749 12367 12349 11848 12649 13004 12431 12099 12014 12872 12111 12781 11667 12197 11758 12478 12306 12241 12670 11886 12379 12366 12589 12688 12265 12110 12406 11659 11578 12397 12427 12351 12272 11899 12927 12670 12727 12045 12477 12006 12067 12343 12162 12452 12041 11648 12598 11903 11792 12753 12750 12104 12132 12585 12257 12723 12273 12122 11954 12180 12420 12272 12349 11485 12805 12048 12098 12286 12193 12006 12158 11677 12137 12205 12846 12396 11942 12076 11553 12419 11931 11767 12497 12514 12081 12489 11700 12424 12069 12066 11968 12299 11917 12002 12467 12125 11982 11726 12260 11979 13262 12121 13093 12568 12487 12071 12557 12083 13098 11836 12326 12751 12183 12582 11929 12332 11917 12034 12626 12447 12320 11874 12008 12301 12001 12512 12180 12156 12597 12795 12492 12540 12592 11866 12584 12033 12437 12524 12461 11951 11813 11973 12171 12032 11961 11666 12086 11817 11923 12049 11810 12050 12174 12015 12676 12265 12450 12108 12879 12620 12712 11845 12391 11634 11702 12940 12035 12660 12440 12938 12220 11871 11973 12283 12330 12016 11393 11866 12006 12621 12331 12195 12312 12612 11964 12254 12385 11955 12294 12210 12603 12288 12676 11758 12475 12195 12544 12195 12297 12398 12005 11859 12601 12245 11875 12414 12076 11682 12097 12166 11753 12254 12472 12477 12149 12896 12500 11522 11673 12572 12170 12404 13062 12373 12203 11925 12732 12616 11887 11903 12607 12326 11625 12104 12385 12481 12400 12457 12062 12552 12763 12382 12241 12601 12449 12316 12328 11593 12632 12456 12151 12411 11672 12394 12086 12221 11589 12706 12416 11855 11745 12839 12361 12357 12320 12499 12436 12015 12233 11924 11710 11862 12293 12340 12711 12345 12246 11969 12736 12780 12640 12115 12276 12318 12327 12607 12182 11991 12618 12424 12253 12393 11481 12070 12729 12705 11865 12222 12596 12059 12244 12002 12043 12062 12241 12237 12244 12722 12218 12258 12417 12639 12785 12453 12899 13014 12069 12051 12027 12484 12731 12163 11998 12957 12394 12345 11968 12059 12061 12574 12047 12314 11934 12294 12168 11686 11799 12238 11652 11558 12139 11821 12107 12232 12949 12617 11798 12537 12659 12533 12036 12939 12582 12259 12206 12092 11902 12148 12834 13222 12414
12286 11895 11698 12249 11702 11812 12101 12134 12081 11898 11682 11489 11540 11837 11864 11849 11942 11541 11877 11450 12113 12070 11934 12210 11948 12114 11712 11709 11884 11782 12071 11950 12204 11773 11394 10817 11484 11694 12211 11572 11686 11992 11548 12056 12666 11992 11322 11468 12349 11540 12061 11266 11533 11693 12419 11751 11615 12209 11723 11742 11934 11829 12097 11577 12006 12022 11530 11298 11942 11934 11767 11763 11548 11993 12137 12506 11462 12079 12003 11476 11725 11621 11976 11614 11355 12376 11564 11659 12297 11812 11326 11219 12284 12199 12601 11983 11934 11928 12263 12338 11575 12474 11082 12297 11801 11960 11583 12001 11885 11607 11176 11651 11652 11912 11753 11570 11685 11030 11871 11588 11368 12537 12085 11707 12029 11456 12161 11561 11537 11677 12103 11084 11466 11985 11834 11017 11614 11624 11509 12186 11881 12210 11677 12090 12044 12222 11971 12292 11509 12280 12220 11674 11932 11931 11737 11482 11386 12082 11856 11946 11555 11636 11901 11884 12450 11787 11427 12266 12506 12087 11844 12051 11574 11824 11222 11906 11995 11776 11221 11419 11563 11657 11803 11390 11818 11627 11541 11368 11737 11544 11584 11689 11534 11953 11875 11608 11611 12725 11988 12367 11687 11956 11544 11466 12467 11811 12201 12237 12515 11798 11500 11327 11967 11732 11766 11379 11422 11648 11836 12190 11725 11654 12147 11865 11754 11457 11158 11989 12177 12433 11798 12000 11498 11970 11626 12660 11623 11732 12001 11733 11783 12187 11702 11571 11477 12013 11178 11875 11986 11292 12053 11936 12252 11832 12594 12249 11053 11204 11804 11447 11688 12615 11880 11778 11400 12257 11995 11461 11497 12255 11968 11307 12150 12044 11591 11950 11933 11374 11882 12265 11734 11973 12058 11621 11934 12063 11262 11795 12021 12309 12252 11411 11615 11452 12006 11785 12242 12099 11374 11237 12413 11743 12137 11927 12060 12429 11628 11934 11420 11488 11543 12018 12083 11867 11858 11397 11496 12293 12341 12174 11521 11989 12070 11610 12122 12046 11315 11919 12094 11611 12076 11341 11290 11986 12104 11718 11715 12446 11453 11983 11671 12286 11720 12322 12110 12510 12452 11603 12038 12236 12071 12132 11743 12515 12467 11683 11557 11504 11989 11775 11875 11483 12175 12114 11998 11779 11697 11515 12046 11855 12042 11567 12117 11969 11829 11252 11786 11322 11621 11426 11520 11599 11767 12206 12342 11458 11971 12250 12221 11788 12338 11861 11827 11780 11284 11595 11622 12280 12705 11826
12406 12298 12199 12225 11594 12095 12257 12209 12228 12028 11849 11809 12164 11917 12391 12179 12075 11945 12092 11412 12070 12524 12703 12751 12872 12335 11904 12111 12306 11782 12298 12195 12491 12133 11825 11239 11665 11925 12442 11902 12267 12088 11830 12105 13035 12514 12117 11873 12510 12049 12457 11756 11887 11697 12483 12099 12133 12497 12057 12250 11970 12356 12417 11927 12399 12149 11902 11699 12770 12027 12117 12295 11962 12609 12687 12626 11756 12378 12341 11934 12090 11614 12276 12071 11802 12159 11633 11821 12398 12464 11653 11947 12564 12623 12578 12173 11905 12140 12453 12711 12024 12331 11162 12716 11847 12040 12382 11996 12360 11766 11478 12096 12394 12494 12355 11986 11871 11846 12584 11882 11742 12647 12519 12677 12518 11495 12610 11953 12030 11653 12347 11282 11877 12256 12262 11710 11826 11848 11857 12944 12326 12225 12389 12215 12258 12623 12460 12689 11988 12816 12579 11857 12356 12209 12172 11872 12183 12892 12579 12249 11902 11788 12255 12225 12482 12212 11910 12586 12486 12280 12634 12501 11841 12143 12082 12184 12423 12510 11901 12079 11861 12234 12054 11960 11909 11943 11499 11647 12076 12046 12126 11915 12389 12156 11999 12032 11863 12635 12590 12782 11899 12389 11494 12114 12418 12112 12606 12427 12598 12430 11933 11819 12363 12050 12245 11537 11894 12209 12522 12334 11998 12199 12215 11676 12172 12236 11699 12494 12170 12902 12052 12701 11490 12295 12325 12659 11978 12420 12208 12206 12028 12349 12208 11799 12461 12023 11413 12134 11847 11735 12463 12154 12454 12219 12764 12300 11422 11560 12057 11929 12195 12672 12226 12220 11720 12544 12593 11947 11863 12253 12317 11795 12192 12414 12230 12242 12744 12061 12231 12620 11978 12244 12046 12081 12196 12488 11575 12143 12693 12326 12342 11480 12187 11321 12382 11994 12595 12120 11906 11605 12742 12304 12563 12532 12689 12561 12194 12274 12006 11760 11902 12103 12122 12330 12238 12313 12083 12672 12848 12443 12265 11980 12405 12595 12834 12079 11890 12699 12382 11747 12433 11439 12033 12137 12529 11664 12194 12261 12114 12481 12069 12127 12401 12523 12464 12433 12655 12141 12238 12496 12318 12455 12267 12914 12639 11877 12139 11919 12231 12147 12176 11858 12293 12308 12301 11845 11863 11769 12393 12361 12420 11870 12537 12140 11771 11475 12104 11775 11890 11810 11861 12034 12156 12781 12538 11764 12632 12981 12425 11747 12999 12237 12224 11953 11701 11806 12139 13000 13071 12296
12814 12615 12462 13202 12442 12357 13008 12401 12910 12289 11980 12093 12623 12338 12641 12603 12869 12182 12458 11841 12159 12851 13086 12821 13037 12699 12538 12321 12678 11952 12512 12642 12919 12445 12367 11832 11943 12405 12715 12389 13109 12834 12236 12757 13374 12854 12403 12276 12877 12605 12946 12416 12517 12038 13037 12323 12768 12859 12278 12395 12431 12419 12769 12471 12818 12579 11980 11690 12926 12753 12278 12753 12396 12780 12923 13333 12103 12884 12484 12047 12401 12398 12321 12075 12249 13340 12068 12321 12792 12607 12259 12337 12841 12765 13203 12667 12729 12452 12775 12832 12457 12832 12034 12963 12042 12674 12622 12438 12740 12130 12110 12376 12531 12797 12421 12031 12051 11788 12799 12617 11744 13002 12719 12540 12739 12134 13049 12228 12424 12317 13086 11832 12264 12481 12577 11953 12285 12619 12181 13188 12559 13044 12660 12699 12519 13012 12593 12964 11658 13122 12613 12448 12784 12768 12547 12463 12127 13124 12904 12774 12324 12015 12487 12507 12769 12677 12602 12876 13108 12873 12490 12974 12241 12468 12364 12797 12977 12976 12084 12335 12092 12453 12376 12258 12646 12149 12197 12000 12688 12045 12520 11854 12336 13108 12557 12242 12687 13045 12817 13152 12212 12546 12161 12164 13184 12714 12815 12534 13335 12853 11978 12231 12537 12435 12323 12042 12225 12879 12827 12600 12514 12381 12828 11945 12560 12430 12078 12858 12662 13058 12549 12775 12260 12892 12630 13271 12173 12375 12798 12657 12224 13032 12464 12135 12376 12386 12393 12169 12623 12314 12524 12718 12753 12488 13320 12929 11823 12265 12788 12314 12966 13087 12778 12368 12072 13272 12934 12304 12705 12773 12480 11773 12838 12846 12739 12703 13190 12441 12389 12907 12516 12849 12470 12402 12517 12673 12157 12518 12958 12793 12802 11757 12515 11997 12529 12376 12675 13037 12379 12141 12923 12911 13220 12963 12980 12715 12466 12359 12335 12540 12260 12665 12796 12721 12566 12810 12236 13263 13049 12973 12478 12696 12749 12559 12864 12649 12077 12768 12301 12553 12707 11769 12417 12740 12907 12706 12607 12784 12423 12637 12570 12330 12858 12998 12946 13171 13099 12436 12768 12565 12755 12832 12673 13353 13203 12215 12378 12426 12557 12838 12369 12047 12959 12422 12476 12143 12128 12099 12942 12545 12815 12112 12518 12842 12049 11768 12825 12037 12125 12042 12197 12202 12431 13070 13338 12085 12918 13283 12811 12031 12961 12930 12788 12856 12031 12240 12379 13047 13686 12830
12068 12199 11926 11995 11998 11880 12129 12105 12110 11811 11657 11710 11785 11768 12144 12055 12088 11978 11779 11682 12011 12253 12539 12421 12269 12323 11734 12013 12402 11415 11749 12082 12122 12048 11577 10936 11610 12031 12395 11521 12620 12151 11730 12340 12952 12340 11472 11687 12557 11641 12661 11590 11949 11559 12351 12277 12496 12425 11428 12329 12061 11887 12058 11949 12218 12138 11460 11380 12360 12234 12160 12282 11737 12252 12520 12467 11979 12290 12085 11836 11847 11833 12143 11814 11917 12418 11844 11580 12623 12108 12129 11901 12444 12017 12404 11912 11998 11903 12291 12329 11914 12070 11213 12519 11762 12060 11679 12127 12003 11441 11658 11914 12011 12417 12253 11981 11824 11133 12344 11676 11661 12639 12301 12188 12186 11777 12452 11700 11954 11715 12398 11704 11872 12133 12289 11584 11793 11769 11731 12581 12278 12388 12465 12717 11816 12467 11992 12663 11403 12514 12147 11930 12349 12060 12078 11766 11960 12283 11963 11957 11843 11856 11929 11897 12072 11725 11952 12561 12473 12260 11875 12399 11668 12216 11528 12209 12117 12379 12009 11570 11711 12108 11887 11837 11865 11721 11392 11578 11877 11503 11818 12031 11930 12471 12116 12274 11916 12812 12271 12357 12009 12162 11665 11895 12947 12039 12374 12340 12586 12099 11646 11563 12317 11884 12141 11498 11542 11733 12454 12196 11686 12006 12153 11912 11952 11965 11703 12499 12261 12733 12298 12486 11472 12499 11929 12773 12001 11488 12091 12157 12143 12014 11808 11858 11966 11604 11395 11954 12100 11976 12609 12240 12037 11886 12916 12142 11598 11595 12065 11627 11981 12876 12068 12047 11686 12599 12507 11680 11455 12437 11865 11706 11991 12237 12203 12230 12616 12011 11953 12457 12024 12189 12619 12032 11987 12276 11402 11753 12236 12196 12175 11550 12279 11612 12222 11991 12207 12322 11695 11409 11983 12088 12746 12149 12103 12263 11937 12047 11683 11676 11427 12007 12261 12396 11966 11948 11758 12621 12464 12308 12115 12261 12182 12107 12124 12151 11716 12074 12055 12128 11742 11166 12033 12318 12517 11353 12205 12031 11936 12079 11607 12283 11911 12373 12348 12504 12528 11841 12206 12377 12351 12216 12488 12926 12621 11859 11874 12030 11934 12330 12113 11953 12215 11924 12437 11599 11851 11996 12390 12507 12259 11764 12079 11943 11268 11488 12226 11552 11579 11976 11898 11718 12173 12519 12372 11772 12237 12604 12361 11634 12838 12345 12084 12053 11722 11746 12004 12462 13002 12668
12546 12376 12349 12657 12243 12397 12687 12591 12467 12201 11946 11474 12319 12088 12416 12345 12532 11895 12477 11421 12307 12359 12418 12403 12243 12274 12106 12400 12434 11728 12076 12395 12565 12303 11802 11347 11444 12179 12524 11784 12423 12397 12038 12256 13133 12293 12229 12014 12791 12136 12850 12088 11996 11729 12493 12481 12250 12737 11937 12194 12238 12277 12517 11949 12184 12089 11698 11622 12646 12251 12163 12247 11783 12696 12523 12711 11997 12528 12549 12144 12231 12045 12399 11630 11656 12682 11811 12118 12380 12064 11819 12024 12630 12522 12730 12298 12340 11840 12290 12556 11994 12421 11551 12519 12083 11954 12123 12247 12233 11935 11425 12165 12190 12646 12356 12073 11768 11541 12719 11718 11754 12814 12503 12117 12574 11798 12345 12055 11951 12051 12469 11739 12078 12366 12318 11780 11885 12193 12038 13150 12133 12264 12578 12327 12248 12748 12141 12730 11656 12815 12438 11822 12399 12049 12159 11996 11861 12603 12587 12282 11754 11772 12232 11978 12293 12414 11944 12531 12624 12111 12594 12590 11864 12132 11814 12206 12588 12394 11746 11908 12011 11995 12049 11662 12131 11697 11613 11862 12103 11720 12136 11985 11959 12440 12029 12480 12301 12701 12395 12832 11922 12219 11548 11878 12876 12382 12625 12477 12597 12055 11621 12014 12459 12233 12028 11353 11914 11988 12521 12809 12082 12482 11871 11643 12319 12086 11920 12186 12167 12845 12089 12421 11765 12134 12157 12518 11841 12210 12131 11821 12195 12349 12160 12081 12377 11900 11489 11936 12088 11634 12420 12724 12557 12411 12774 12675 11471 11508 12523 12099 12189 12669 12289 11967 12196 12195 12868 12106 12193 12648 12056 11889 12140 12266 12157 12483 12590 11933 12297 12642 12087 12511 12721 12244 11908 12274 11652 12217 12531 12133 12310 11747 12539 11642 11958 11616 12523 12235 12034 11887 13117 12340 12777 12268 12666 12479 12025 12463 12157 11679 11750 12144 12277 12408 11993 12129 12205 13023 12317 12387 12100 12507 12683 12195 12391 12233 11786 12480 12276 11881 12302 11515 12116 12374 12593 12041 12442 12323 11825 12348 12109 11798 12250 12554 12270 12756 12723 12512 12014 12212 12356 12525 12409 13249 12822 12175 12035 12019 12478 12419 12148 11801 12711 12264 12276 11947 12204 11920 12566 12382 12229 12109 12268 12184 11956 11236 11990 11541 11585 11987 11948 11908 11988 12644 12401 11764 12214 12765 12528 11914 12948 12352 12279 12271 11939 12065 12147 12725 12901 12479
13146 13129 12907 13539 12574 12839 13223 13247 12960 12934 12389 12659 12791 12252 13154 12974 12789 12461 12883 11999 12587 12975 13324 13697 13200 13387 13165 12847 13080 12653 12926 13362 13175 12668 12736 12036 12478 12979 12962 12957 13350 12956 12993 13045 13861 13109 12794 12756 13336 12726 13416 12483 12910 12706 13351 13081 13099 13542 12742 13105 12926 13175 12765 12730 13002 12990 12308 12233 13166 13066 12895 13126 12388 13040 13626 13504 12732 13099 12783 12731 13157 12611 12948 12736 12906 13255 12628 12351 13301 13244 12524 12776 13234 13254 13373 13161 13256 13093 12936 13142 12547 13100 12324 13407 12765 12943 12867 12820 13052 13030 12607 12716 12711 13390 12896 12556 12825 12227 13065 12530 12310 13487 13313 12952 12966 12835 13313 12556 12784 12457 12819 12335 12366 13203 12861 12437 12679 12872 12610 13660 12988 13448 13069 12865 12745 13340 13175 13322 12690 13487 13204 12786 13109 13129 12650 12316 12525 13201 13198 12770 12949 12605 13201 12995 13224 12975 12902 13507 13582 13120 13232 13367 12610 13223 12354 13077 13170 13293 12255 12548 12493 12778 12569 12832 12894 12942 12753 12032 12714 12354 12977 12399 12732 13118 12996 12823 13147 13557 13259 13635 12572 13218 12558 12738 13645 12833 13207 13432 13392 13147 12243 12477 13164 13006 12825 12592 12491 12684 12990 13288 12904 12700 13147 12438 12995 12674 12621 13127 12574 13648 12918 13258 12500 13151 13006 13348 12878 12934 13007 12836 12649 13337 13017 12815 13064 12539 12568 12820 12909 12586 12984 12962 12972 13169 13650 13266 12311 12337 13121 12569 13049 13437 13649 12604 12846 13415 13213 12634 12627 13257 12889 12214 13202 13337 13068 13215 13332 12947 12698 13732 13192 13001 13128 12610 13007 13241 12409 12880 13466 13325 13240 12274 13046 12239 12927 12579 13507 13613 12526 12253 13166 13011 13929 13017 13527 13359 12910 13141 12652 12683 12674 13256 12687 13235 13167 12924 12756 13373 13530 13103 12917 12867 13240 12969 13281 12940 12688 13299 13182 12941 13090 11996 12413 12949 13402 13008 12844 13039 12603 12899 12600 12844 13086 13694 13212 13237 13465 12966 13073 12897 13294 13216 13097 14033 13322 12863 13175 12830 13146 13282 12893 12330 13721 13082 13195 12695 12807 12564 13566 13216 13307 12725 13189 12885 12597 12222 12884 12638 12318 12511 12387 12903 12813 13261 13515 12832 12911 13639 13070 12615 13431 12992 13250 13095 12545 12564 12570 13234 14177 13243
12603 12238 12092 12551 12062 11868 12230 12583 12762 11969 11732 11665 12236 11713 12339 12432 12486 11935 12038 11377 12641 12462 12566 12737 12438 12562 11992 12159 12448 11761 11901 12282 12463 12089 12153 11607 11773 12207 12373 11788 12594 12165 11804 12286 13067 12223 11930 11909 12661 11999 12661 11985 12095 11697 12462 12276 12344 12701 12048 12276 12134 11923 12298 12050 12411 12398 11709 11467 12364 12257 12014 12202 12045 12862 12789 12599 11869 12760 12433 12002 12238 12107 12378 11837 11754 12412 12095 11789 12522 12263 11913 12058 12455 12677 12858 12104 12222 11966 12467 12281 11939 12452 11393 12556 12155 12193 12145 12220 12163 12063 11717 12222 12061 12648 12220 11990 12116 11317 12462 11926 11549 12895 12170 12112 12221 11868 12674 12028 12200 11834 12544 11590 12631 12360 12052 11740 12251 12417 11867 13023 12154 12739 12545 12649 12040 12779 12351 12693 11634 12887 12183 12358 12732 12384 12463 11642 12144 12653 12368 12249 11886 11881 12035 12361 12493 12175 12085 12459 12528 12332 12217 12452 12072 12286 11838 12154 12593 12604 12119 11797 12001 11939 12017 11698 11931 11999 11906 11883 12091 11606 12316 11863 12180 12399 12152 11861 12086 13066 12313 13002 11936 12445 11752 12156 12970 12297 12478 12888 12510 12174 11547 11734 12633 12233 12064 11730 11713 12086 12773 12539 12288 11925 12359 11768 12283 12475 11990 12281 12634 12853 12308 12302 11978 12285 12149 12803 12192 12198 12361 12361 11874 12403 12032 11715 12331 12134 11409 12144 12429 11901 12548 12427 12586 12142 12905 12536 11803 11713 12382 11990 12155 12672 12510 11958 11744 12845 12933 12189 12207 12736 12514 11870 12147 12235 12355 12165 12947 12365 12281 12595 12532 12536 12447 12035 12009 12527 11794 12238 12466 12190 12467 11793 12289 11616 12056 11900 12279 12854 11666 11551 12650 12366 12747 12388 12641 12391 11946 12100 12121 12253 11878 12248 12495 12296 12333 12289 12031 13112 12521 12151 12085 12162 12534 12375 12867 12418 12049 12574 12527 12062 12442 11192 12086 12611 12765 11925 12288 12351 11794 12169 12042 12323 12322 12544 12329 12830 12855 12747 12325 12224 12600 12680 12398 12812 13056 12006 11983 12318 12049 12548 12145 11696 12827 12134 12252 12162 11977 12361 12702 12626 12264 12014 12325 12087 11675 11271 12293 12003 11654 12135 11895 12307 12280 12540 12597 11825 12329 12866 12421 11886 12788 12060 12305 12327 12138 12123 12253 12820 13106 12365
12433 12498 12307 12631 11951 11987 12708 12681 11988 12145 11958 11860 12473 12129 12351 12382 12279 11754 12334 11570 12148 12764 12490 12708 12282 12511 12388 12508 12522 11876 12615 12357 12839 12512 11945 11260 11821 12262 12467 12195 12394 12510 12213 12404 12759 12499 12372 11869 12852 12022 12707 12127 12353 11957 12647 12068 12533 12784 11991 12538 12628 12435 12771 11998 12445 12449 11420 11623 12214 12406 12262 12371 11847 12749 12640 12833 12097 12561 12356 11954 12534 12045 12340 11746 11825 12562 11894 11888 12664 12586 12319 11896 12711 12900 12661 12720 12486 12358 12367 12704 12072 12642 11851 13130 11964 12250 12440 12200 12402 12013 11760 12253 12345 12417 12304 11929 12173 11765 12582 12030 11999 13122 12622 12144 12461 11739 12349 12035 12049 12134 12259 11843 11911 12398 12290 11738 12084 12227 11750 13030 12436 12774 12466 12438 12308 12857 12624 12643 12097 12674 12622 11996 12457 12475 12257 11654 11896 12544 12581 12249 12121 11897 12439 12489 12543 11741 12140 12496 12779 12366 12531 12520 12100 12011 12103 12376 12399 12407 11849 12119 12023 12443 12276 11803 12409 11935 12150 11734 12721 11891 12296 12141 11958 12682 12142 12333 12187 12789 12650 12962 12105 12422 11997 11948 13152 12391 12794 12615 12952 12412 11663 11902 12231 12444 12314 11712 12119 12380 12582 12940 12264 11990 12258 11786 12399 12279 11464 12551 12656 13105 12399 12571 11795 12311 12135 12840 12066 12232 12268 12466 11931 12824 12526 11884 12459 12215 11930 12128 12103 11881 12380 12768 12432 12045 13065 12694 11761 11227 12327 12148 12469 12834 12594 12455 11947 12632 12598 11998 12044 12667 12065 12047 12471 12397 12332 12624 12673 12077 12143 12750 12546 12251 12512 12221 11945 12523 11824 12135 12477 12388 12386 11715 12063 11535 12121 11961 12761 12443 11891 12302 12709 12359 13178 12434 12556 12645 12280 12601 12086 12062 11748 12102 12490 12487 12377 12097 12002 12815 12819 12661 12193 12387 12545 12517 12670 12671 11779 12108 12605 11966 12190 11501 11884 12191 12714 12161 12464 12424 11806 12459 12366 11924 12381 12830 12335 12710 13126 12233 12208 12273 12557 12677 12311 13212 12713 12175 12107 12036 12228 12455 12466 11835 12725 12325 12476 11551 12159 12073 12601 12414 12538 12045 12639 12339 12014 11771 12206 11804 11639 11927 12269 12200 12217 12652 12785 11848 12795 13078 12253 11952 13111 12494 12532 12368 11924 11970 12093 12643 13253 12612
12777 12850 12567 13035 11947 12622 12548 12916 12693 12335 12100 12412 12806 12516 12736 13087 12743 12076 12502 11849 12716 12998 13082 13049 12911 13228 12597 12455 12791 12072 12822 12876 13259 12401 12546 11643 11912 12577 13065 12296 12688 12630 12244 12936 13377 13098 12521 12298 12969 12346 12863 12303 12487 12270 13094 12716 12539 12927 12628 12793 12779 12737 12916 12336 12644 12649 12342 11962 12939 12545 12557 12484 12297 13183 13189 13043 12657 12724 12636 12307 12595 12118 13012 12441 12091 12920 12381 12610 12980 12937 12495 12061 13083 13207 13091 12840 12725 12995 12718 12840 12517 12812 12214 12969 12392 12584 12663 12738 12479 12468 11992 12627 12419 12974 12905 12508 12403 11945 12591 12322 12012 13230 13247 12577 12976 12127 12909 12350 12527 12639 12743 12076 12508 12782 12465 12034 12603 12390 12019 13554 12684 13441 12844 12924 12852 13270 12466 13054 12007 13024 12912 12447 12747 12543 12751 12148 12495 13057 12953 12537 12530 12205 12755 12366 13085 12770 12639 12989 13005 12644 12851 12754 12231 12790 12478 12805 13027 12971 12687 12197 12505 12635 12306 12210 12423 12228 12354 12022 12242 12339 12825 12611 12332 13114 12643 12315 12478 13137 12968 13182 12404 12948 12423 12546 12853 12784 12664 13060 13356 13044 11954 12146 12645 12764 12622 11960 12461 12684 12812 12975 12454 12463 12885 12164 12431 12720 11991 13042 12960 13086 12567 13057 12151 12970 12719 13053 12269 12544 12960 12689 12479 12823 12425 12479 12859 12494 11961 12462 12926 12440 12898 12977 12901 12486 13396 13031 12075 11961 12653 12331 12726 13227 13054 12427 12448 13181 13112 12309 12434 13021 12807 12356 12831 12663 12772 12770 13019 12456 12460 13097 12703 12966 12662 12416 12772 13057 12156 12571 12616 12695 12994 11751 12648 12408 12830 12678 12934 13089 12083 12537 13025 12340 13515 12473 12591 12708 12528 12768 12489 12068 12372 12648 13009 12694 12647 12459 12258 12904 12772 12831 12454 13020 12874 12910 12953 12871 12180 12817 12658 12376 12948 11995 12129 13411 13052 12414 12804 12695 12364 12703 12517 12537 12418 12897 12798 12962 13437 12627 12820 12804 13049 13152 12757 13900 13129 12780 12155 12222 12660 13092 12888 12560 13176 12632 12834 12496 12488 12700 12732 12763 12715 12121 12947 12710 12356 12026 12692 12265 11784 12011 12334 12346 12552 12893 13121 12192 12827 13268 12823 12342 13151 12814 12696 12612 12223 12545 12784 13144 13741 12846
11745 11880 11934 12232 11510 11671 11803 12015 11941 11702 11447 11484 11604 11671 11651 12055 11944 11608 11784 11101 12075 11841 11993 12432 11943 12292 11687 11751 11904 11334 11577 11889 12229 11677 11800 10911 11233 11654 12037 11485 12092 11896 11519 11875 12499 11782 11518 11435 12219 11375 12452 11611 11490 11646 12641 11780 11605 12151 11575 11773 11622 11661 11742 11817 11709 11978 11319 11082 12288 11748 11694 11913 11429 11869 11990 12355 11608 11947 11859 11628 11787 11720 11831 11535 11431 11834 11664 11882 12136 11962 11614 11313 12152 12427 12199 11862 11762 11781 11907 11956 11925 11841 11085 12381 11567 12016 11559 11597 11926 11628 11036 11875 11423 11917 11579 11625 11659 11336 12120 11576 11230 12132 11713 11781 12073 11608 12022 11376 11874 11644 11826 11057 11861 11830 11740 11423 11487 11590 11542 12362 11893 12204 11898 11994 11728 12187 11847 12262 11490 12480 12077 11357 12013 11858 11599 11539 11520 11769 11963 11766 11452 11607 11820 11713 12028 11700 11803 12305 12136 11605 11811 12064 11541 11833 11454 11748 12045 12089 11552 11941 11431 11571 11380 11550 11332 11501 11476 11523 11733 11326 11605 11624 11552 11926 11877 11809 11565 12365 11986 12592 11641 11889 11359 11481 12161 11841 12162 12066 12330 12062 11416 11404 12058 11944 11591 11309 11507 11418 11885 12050 11846 11980 11892 11458 12015 11571 11305 12201 12067 12355 11887 11959 11367 11919 11831 12073 11835 11825 11528 11786 11521 12114 11940 11441 11949 11592 11302 11524 11997 11411 11967 11758 12062 11842 12347 12143 11406 11336 11731 11813 11948 12010 12305 11416 11174 12600 12173 11488 11720 12217 11840 11410 12016 11899 11780 11640 12339 11785 11671 12385 11794 11974 12043 11294 11879 12092 11429 11812 11920 11891 11851 11184 12051 11301 12009 11593 11924 12100 11442 11539 12133 11973 12138 12010 12219 12398 11778 12041 11932 11469 11467 11865 11915 11717 11612 11883 11531 11881 12269 12211 11812 11968 11879 11945 12032 11828 11263 12186 12169 11892 12279 11224 11889 11971 11968 11506 12111 12160 11589 11828 11652 11665 11940 12076 11765 12402 12252 11915 11813 12094 12409 12158 11971 12438 12318 11599 11655 11657 11637 11715 11598 11525 12273 11422 11776 11658 11595 11403 12005 11960 11681 11564 11798 11840 11413 11164 11909 11276 11282 11618 11610 11521 11845 12183 12052 11275 11986 12598 12485 11484 12156 12305 11864 11884 11447 11474 11637 12351 12617 12143
12064 12595 12188 12208 12142 11910 12164 12267 11995 12032 11704 11708 12417 11947 12332 12088 12413 11950 11841 11574 12034 12410 12237 12366 12013 12516 11954 12197 12299 11919 11934 12024 12411 12185 12038 11489 11392 12118 12611 11539 12485 12388 11831 12216 12847 12330 11986 11798 12674 11757 12400 12015 11872 11597 12576 12022 12049 12498 12161 12341 12299 12026 12269 12180 12018 12468 11463 11668 12402 12254 12067 12054 11535 12522 12497 12260 11940 12307 12087 11922 12032 11993 12362 11809 11604 12528 11940 11803 12617 12213 11964 11738 12498 12548 12767 12090 12189 11766 12106 12333 11990 12206 11329 12490 11686 12132 12265 12147 12277 11881 11686 11933 12342 12417 12154 12194 11992 11549 12495 11690 11668 12757 12423 12181 12138 11806 12325 11784 12384 11799 12348 11663 12206 12143 12067 11421 11873 12098 11570 12882 12024 12658 12472 12410 12050 12417 12324 12574 11825 12337 12286 11661 12553 11887 12342 12092 11766 12481 12380 12160 12023 11479 12121 12143 12383 12002 11886 12592 12493 11878 12351 12299 11941 12088 12033 12081 12282 12286 11887 12028 11856 12139 11934 11841 12030 11724 11665 11684 11841 11647 11765 11878 12039 12459 11996 12205 12062 12505 12214 12852 12026 12253 11494 11865 12197 11812 12173 12496 12499 11967 11646 11453 12195 11953 11895 11325 11832 12135 12408 12699 11874 11831 12112 11731 12378 12324 11609 12178 12330 12677 12020 12436 11363 12351 12041 12806 12164 11991 12204 12057 12007 12437 12107 11704 12102 12301 11574 12046 11980 11758 12645 12291 12425 12058 12675 12447 11441 11355 12240 11838 12284 12410 12058 11814 12018 12191 12853 11700 12100 12561 11959 11512 12296 12325 12350 12245 12500 12012 12002 12403 12218 12270 12218 12060 11834 12613 11841 12251 12174 12006 12353 11548 12213 11402 12120 11642 12500 12332 11941 11752 12550 12293 12743 12314 12461 12273 11810 12202 11840 12051 11610 11869 12486 12472 12197 12327 12135 12676 12595 12640 12148 12067 12438 12496 12539 12175 12000 12425 12131 12222 12218 11361 12068 12499 12325 11790 12402 12618 11677 12296 11995 11877 11816 12418 12171 12613 12879 11918 12079 12614 12417 12352 12275 12946 12570 12137 11771 11913 11912 12414 12160 11915 12304 12072 11937 11828 11845 11994 12594 12516 12179 11879 12217 12055 11547 11530 12025 11236 11285 11722 11860 11910 12333 12776 12613 11524 12415 12565 12224 12132 12817 12313 12374 12070 11856 11597 12150 12461 13023 12147
12360 12503 11952 12603 12003 12104 12541 12361 12091 11953 11855 11534 12068 11882 12467 12482 12396 12504 11656 11509 12163 12571 12398 12518 12443 12288 12203 11931 12238 11739 12154 12026 12500 12026 11657 11310 11825 12088 12550 12000 12955 12343 12202 12402 12995 12540 11938 11975 12504 12097 12743 11944 11615 11986 12462 12051 12188 12385 12055 12497 12457 12013 12583 12051 12275 12098 11500 11405 12468 12365 11866 12243 11908 12589 12770 12716 11937 12443 12080 11873 12235 11777 12292 12123 11869 12605 11827 11744 12474 12396 11876 12110 12504 12598 12922 12317 12374 12302 12363 12160 12002 12488 11372 12544 11924 12072 12133 12311 12074 11791 11977 12104 12038 12490 12206 11670 11886 11454 12277 11821 11673 13106 12648 12385 12390 11784 12412 12027 11747 12224 12332 11826 12115 12282 12179 11700 11829 11958 11745 12956 12015 12558 12334 12317 12271 12314 12131 12595 11606 12557 12652 11931 12481 12343 12086 12135 12096 12390 12165 12185 12019 11742 12427 11958 12417 11894 12317 12503 12404 12636 12580 12738 11977 12310 11895 11999 12240 12651 12018 11847 11755 12300 12113 11886 11836 11784 11782 11658 12244 11673 12217 11897 11411 12581 12087 12047 12204 12870 12636 12887 12071 12532 11678 11919 12808 12291 12933 12252 12706 12353 11389 11901 12325 11952 12390 11659 11538 12282 12433 12486 11784 12346 12478 11993 12218 12193 11908 12312 12123 13023 12077 12818 11887 12492 12063 12563 12095 12003 12405 12512 11866 12618 12214 11718 12140 11907 11378 12009 12254 11634 12391 12696 12284 12262 13150 12593 11596 11739 12503 12110 12380 12805 12373 12018 11924 12353 12973 11734 12322 12472 12066 11681 12005 12370 11844 12358 12635 11976 12210 12833 12192 12258 12522 12241 12273 12470 11540 12585 12837 12560 12470 11747 12286 11807 12378 11872 12647 12556 12129 11652 12838 12183 12617 12329 12574 12408 12244 12474 12112 11868 11490 12662 12496 12487 12271 12076 12021 12934 12390 12635 12034 12282 12634 12305 12526 12317 11833 12542 12266 11868 12290 11351 11751 12747 12599 11967 12203 12481 11536 11880 11990 12171 12179 12526 12213 12449 12687 12051 12287 12398 12511 12789 12522 12972 12535 12134 11936 12286 12450 12197 12281 11831 12640 12338 12393 11831 12083 12089 12373 12295 12072 12088 12512 12312 11910 11478 11947 11852 11601 12171 12037 12133 12375 12684 12561 11570 12837 12667 12536 12062 12999 12461 12164 12027 11773 11969 12279 12754 13111 12724
11982 11916 11718 12027 11870 11945 12222 12349 11972 11941 11692 11628 12082 11796 12483 12240 12200 11791 11797 11373 11948 12006 12158 12555 11846 12056 12078 12039 11855 11624 11845 11840 12164 12213 11666 11187 11307 12010 12305 11434 12692 11880 11511 12283 13041 11994 12065 11688 12569 11789 12301 11708 11794 11602 12260 11860 12054 12431 11902 12013 12051 12205 11940 11807 12011 12137 11500 11421 12221 12118 11986 12158 11748 12364 12358 12407 11942 12592 11954 11794 11920 11758 12219 11898 11539 12427 11526 11677 12453 11909 11890 11722 12447 12082 12285 12312 12066 12118 12019 12739 11939 12545 11286 12274 11702 12183 11820 12049 12164 11749 11372 11832 11923 12238 11932 11654 11658 11389 12308 11809 11331 12636 12011 12159 12206 11737 12359 11382 11635 12103 12002 11656 11968 12069 12034 10923 11897 11779 11855 12751 11833 12328 12233 12230 11766 12480 11837 12701 11584 12052 12318 11605 12268 11892 11891 11732 12114 12076 12045 12027 11807 11945 12036 11990 12056 11880 11918 12350 12320 11760 12329 12155 11593 11912 11599 12179 12509 12270 11746 11614 11587 11877 11965 11839 11869 11891 11520 11632 11793 11599 11971 11713 11878 12313 11811 11887 11953 12470 12354 12686 11859 11931 11548 11754 12945 12255 12238 12023 12313 12009 11315 11821 12207 11832 12208 11275 11817 11715 12226 12393 11980 11847 12361 11271 11819 11763 11576 12239 12218 12378 12132 11984 11607 12346 11732 12572 11767 11846 12058 12075 11778 12396 11925 11809 11950 11845 11202 12072 11880 11528 12037 12056 12482 11907 12655 12169 11499 11632 11705 11795 12040 12444 12152 11941 11537 12314 12335 11651 11598 12366 12128 11425 12285 12305 12072 12036 12360 11823 12075 12369 12027 12189 12471 11654 12028 12375 11545 12015 12236 12329 12181 11524 12124 11380 12029 11456 12153 12456 11628 11728 12433 11894 12461 12165 12476 12274 12042 12133 11957 11526 11845 12092 12043 11920 11729 12001 11752 12447 12284 12411 11943 12253 12184 12074 12420 12269 11750 12321 12222 11994 12163 11691 11848 11849 12501 11789 11962 12043 11884 11878 11713 12141 12160 12386 11795 12576 12556 11917 12107 12428 12355 12239 12308 12665 12669 11972 11839 12122 11857 12133 11834 11778 12270 12283 12240 11941 11820 11810 12379 11931 12068 11729 11994 11818 11733 11282 11961 11634 11226 12121 11921 11785 12264 12507 12362 11547 12099 12331 12158 11825 12438 12465 12041 11950 11715 11557 11865 12457 12694 12220
12431 12322 12186 12721 11777 12070 12213 12600 12364 12114 11790 11958 12209 11945 12110 12303 12474 11869 11810 11483 12023 12783 12352 12369 12316 12481 12164 12019 12562 11921 12006 12361 12482 11695 12133 11208 11408 12067 12741 11905 12550 12193 12161 12491 13092 12548 12101 11880 12757 11839 12398 12073 11971 12049 12672 12272 12230 12558 12018 12359 12281 12005 12493 11919 12566 12279 11516 11555 12440 12245 12231 12128 11925 12373 12533 12698 12153 12283 12303 12273 12433 12329 12390 11862 11592 12704 11340 11841 12569 12335 11906 11867 12488 12469 12787 12360 12341 12202 12541 12468 12137 12609 11698 12614 12088 12202 11814 12160 12362 11708 11635 12119 12169 12352 12132 12203 11887 11588 12274 11816 11677 12949 12382 11998 12717 11750 12561 11940 12232 12200 12169 11428 12206 12073 12287 11585 12126 12409 12108 13018 12005 13208 12734 12573 12379 12595 12321 12791 11631 12987 12319 11853 12391 12222 12010 11880 12263 12829 12419 12280 11994 11960 12400 12031 12491 11917 12015 12913 12753 12281 12820 12579 11952 12182 11699 12610 12739 12552 11786 11812 11799 12179 12165 11933 12284 11946 11829 11455 12106 11549 11969 11902 12222 12562 12317 12114 12095 12891 12799 12937 12189 12213 11757 11905 12894 12279 12627 12071 12754 12142 11578 11577 12659 11825 12304 11485 11982 12570 12559 12626 12013 12235 12154 11884 11993 12246 11567 12386 12221 12850 12136 12877 11992 12500 12093 12758 11892 12145 12108 12015 11621 12530 12612 12095 11785 11877 11547 12045 12275 11810 12429 12341 12820 12204 12883 12932 11470 11879 12391 12022 12083 12818 12584 12063 11947 12795 12582 11884 11979 12765 12229 11615 12434 12218 12512 12654 12862 11858 12159 12639 12173 12266 12544 12051 12478 12470 11781 12408 12236 12420 12310 11674 12175 11960 12411 11784 12661 12514 12126 11882 12753 12070 12691 12363 12513 12549 12131 12369 11947 11984 11569 12223 12258 12449 12132 12455 11970 13007 12956 12514 11993 12028 12964 12230 12508 12386 11926 12051 12132 12092 12245 11383 11855 12766 12677 11948 12161 12053 12063 12218 12122 12039 12247 12915 12381 12438 12798 11951 12333 12595 12647 12598 12431 13551 12916 12256 12034 11970 12343 12373 12295 11692 12672 12074 12306 12276 11773 11941 12714 12281 12540 11757 12216 12159 11851 11523 12169 11835 11541 11987 11955 12112 12259 12593 12656 11673 12507 12539 12861 12073 12781 12059 12389 11811 11877 12059 12271 12697 13173 12630
12407 12426 11780 12654 12301 12165 12368 12455 11967 12272 12095 11877 12351 12222 12566 12755 12435 11877 12411 11558 12275 12586 12670 12624 12473 12803 12276 12155 12625 11793 12594 12015 12558 12202 12175 11221 11614 12291 12430 11420 12558 12321 11821 12603 13161 12534 12322 11836 13116 12185 12571 12023 12278 11996 12556 12364 12424 12888 12092 12667 12370 12304 12616 12026 12384 12300 11568 11857 12487 12227 12389 12040 12099 12449 12717 12693 12058 12444 12188 12155 12549 12090 12311 12240 11989 12482 11812 11985 12509 12642 12273 12235 12684 12523 12739 12594 12321 12141 12339 12523 12039 12364 11561 12797 12079 12390 12208 12468 12383 12332 12140 12332 12208 12502 12436 12075 12170 11657 12672 11651 11668 12991 12382 11964 12509 11739 12709 11840 11949 12462 12510 11915 12083 12481 12349 11683 12055 12224 11888 12928 12465 12746 12524 12533 12413 12671 12362 12757 11814 12684 12880 11959 12430 12192 12267 12003 12214 12560 12653 12341 12136 11881 12218 12268 12428 12161 12196 12686 12733 12071 12902 12381 12061 12239 11786 12482 12832 12168 12324 11846 11493 12295 12083 12300 12433 12179 11994 11864 12085 11786 12353 12175 12303 12639 12515 12585 11905 12689 12343 13150 12499 12331 11926 12441 13244 12606 12628 12478 12704 12260 11916 12101 12385 12194 12089 11892 11919 12209 12649 12669 12148 12363 12612 12019 12613 12280 11925 12698 12260 12599 12460 12385 11829 12181 12265 12922 11932 12296 12678 11949 11773 12616 12200 12132 12298 12324 11818 12051 12617 11828 12590 12826 12363 12318 13029 13012 11618 11698 12257 11903 12325 12684 12767 12243 11979 12387 12663 12052 11956 12843 12567 11784 12442 12168 12405 12545 12637 11891 12529 12607 12427 12517 12640 12216 12497 12470 12136 12115 12374 12475 12147 11701 12330 12001 12307 11827 12931 12410 12045 12168 12733 12268 13088 12186 12400 12476 11980 12402 11986 12322 12026 12633 12343 12401 12482 12153 11887 12704 12248 12882 12218 12671 12763 12558 12793 12343 11879 12548 12271 12160 12645 11692 12257 12542 12662 11680 12445 12426 12160 12435 12244 12336 12125 12373 12184 12574 12757 12460 12072 12352 12840 12545 12617 13166 13166 11964 12252 11987 12230 12512 12272 12215 12430 12376 12455 12248 12079 11989 13082 12391 12328 11995 12031 12416 11639 11971 12187 11947 11700 12227 12297 12020 12403 12990 12499 12156 12627 12475 12479 11862 12926 12455 12470 12062 11808 11846 12147 12864 13256 12686
13016 12744 12806 12990 12577 12486 12983 12804 12608 12427 11824 12423 12592 12534 12838 12856 12539 12506 12431 12004 12769 13044 12886 13301 12899 12736 12668 12634 12798 12371 12710 12686 13095 12644 12702 11752 12099 12630 13089 12376 12934 12756 12478 12691 13408 13070 12394 12376 13322 12328 13168 12384 12407 12314 13176 12682 12590 13302 12335 12772 12639 12719 12566 12335 12616 12550 12091 11910 12834 12648 12464 12504 12500 12868 13193 13038 12569 12964 12601 12496 12533 12669 12945 12559 12355 12847 12313 12487 13163 12555 12504 12213 13048 13331 13247 12885 12622 12768 12852 12993 12380 12724 12122 13108 12888 12396 12591 12761 12931 12653 12194 12682 12594 13144 12666 12337 12721 12178 12816 12130 11932 13437 12710 12729 13102 12286 13211 12357 12434 12477 12751 12089 12064 12608 12676 11916 12168 12568 12432 13456 12568 13055 12838 12711 12909 13318 12749 12990 12381 13302 13080 12236 12826 12475 12540 12476 12420 13141 13039 12892 12665 12335 13061 12447 12873 12727 12519 12994 13298 12837 13033 13012 12453 12627 12028 12929 12795 12972 12151 12488 12162 12486 12211 12483 12613 12647 11932 12187 12603 12296 12648 12275 12573 13096 12960 12499 12194 13327 12899 13231 12531 12909 12622 12356 13403 12832 13170 13059 13079 13015 12267 12248 12946 12549 12814 12276 12171 12604 12730 13024 12437 12565 12769 12351 12493 12665 11995 12568 12545 13376 12543 13067 12360 12607 12418 13489 12439 12467 12728 12807 12144 12972 12722 12383 12622 12361 12110 12380 12660 12284 12797 12599 12806 12701 13486 13256 12097 12099 12715 12091 12602 13206 13036 12751 12383 13058 12847 12518 12440 12865 12771 12184 12949 13075 12830 12895 13247 12657 12549 13248 12569 12950 12913 12551 12810 13031 12119 12524 12662 13086 12629 11993 12518 11942 12686 12437 13056 13139 12346 12247 13252 12609 13322 12507 13241 12772 12370 13056 12214 12251 12272 12781 12794 12612 12631 12413 12396 13176 12963 12910 12572 12716 13038 12555 13243 12504 12134 12874 12757 12597 12535 12098 12361 12992 13061 12362 12614 12727 12373 12891 12523 12637 12857 13153 12874 13145 13199 12557 12474 12502 12941 12937 12653 13343 13373 12618 12723 12302 12586 12940 12724 12122 13334 12724 12946 12685 12497 12344 12947 12821 12682 12713 12476 12819 12254 12205 12531 12087 12193 12484 12255 12371 12592 13045 13034 12131 12921 13547 12898 12308 13265 12784 13159 12448 12248 12294 12877 12914 13560 12739
12817 12427 12648 12980 12290 12581 12767 12759 12097 12214 12206 12271 12651 12193 12529 12260 12574 12145 12247 11617 12181 12811 12727 13019 12681 12838 12683 12404 12594 12117 12723 12773 12833 12525 12201 11724 11949 12169 12996 12044 12726 12474 12205 12402 13293 12531 12551 11937 13075 12235 12697 12119 12422 12285 12893 12468 12289 13017 12297 12523 12501 12501 12490 12065 12332 12387 11739 11636 13132 12587 12500 12417 11936 12478 13030 12833 12558 12522 12263 12319 12685 12339 12730 12237 12086 12950 12374 12056 12621 12806 12168 11984 12969 12855 12862 12596 12544 12230 12574 12779 12367 12810 11859 13156 11898 12135 12499 12189 12197 12240 11946 12239 12429 12936 12212 12145 12085 11774 12789 12189 11861 13117 12496 12621 12745 12297 12645 11976 12274 12352 12777 11831 12195 12601 12398 11707 12044 12502 11655 13200 12469 13025 12525 12527 12470 12681 12299 13151 12234 12580 12641 12218 13020 12587 12329 11844 12330 12804 12552 12414 12306 12055 12478 12019 12978 12479 12505 12920 12879 12384 12734 12505 12284 12681 11985 12775 12704 12693 12270 12016 12008 12416 12210 12176 12408 12303 12217 11652 12445 12141 12447 12247 11966 12966 12545 12569 12606 12971 12530 13221 12306 12763 12125 12195 13304 12445 12918 12356 13279 12834 12146 11947 12280 12342 12372 12384 12298 12313 12797 12645 12202 12493 12681 11939 12685 12358 12177 12407 12243 13017 12734 12953 11802 12781 12478 13144 12065 12189 12183 12505 11860 12799 12074 12372 12503 12270 12021 12323 12740 12426 12905 12727 12482 12512 13095 12689 12154 12206 12448 12037 12276 12831 13173 12220 12305 12815 12821 12225 12329 12953 12584 11669 12886 12481 12664 12785 13221 12484 12558 13073 12513 12604 12647 12155 12558 12630 11898 12671 13077 12686 12783 11797 12587 12206 12506 11947 12578 12944 12094 12105 12543 12393 13084 12787 12811 12516 12312 12709 12059 11991 12154 12546 12628 12502 12426 12559 12362 13223 12873 12746 12646 12669 12550 12490 12566 12660 12155 12736 12674 12372 12447 11937 12308 12671 12841 12207 12652 12844 12120 12382 12584 12275 12592 13001 12320 12782 12897 12160 12422 12544 12520 12852 12405 13243 13156 12265 12375 12052 12344 12574 12187 12417 12996 12689 12363 12238 12360 11936 12814 12802 12526 12316 12619 12319 12065 12041 12502 12126 11955 11832 12294 12261 12314 13238 12855 11994 12677 13262 12781 12536 12942 12983 12911 12337 12394 12034 12425 12948 13559 12822
12410 12605 12377 13228 12346 12386 12606 12917 12620 12214 12113 12188 12595 12286 12713 12392 12633 11840 12306 11822 12497 12821 12919 12767 12603 13059 12483 12549 12719 11692 12663 12581 12862 12375 12287 11921 11883 12443 12856 11842 12644 12912 12304 12635 13039 12574 12332 11938 13262 12194 13167 12409 12180 11842 13022 12534 12598 12870 12134 12643 12563 12360 12626 12581 12638 12739 11900 11767 12810 12425 12307 12731 11955 12762 13113 13060 12631 12791 12491 12004 12666 12495 12717 12246 12277 12958 12215 12224 13033 12709 12344 12272 12690 12760 12983 12621 12922 12315 12780 12787 12449 12623 11581 13171 12131 12620 12339 12436 12284 12599 11841 12285 12569 12893 12258 12576 12591 11732 12681 11917 11521 13008 12764 12346 12982 12172 12647 12040 12364 12055 12404 12248 12118 12164 12632 11890 12154 12546 12177 13553 12557 13075 12601 12499 12442 12958 12338 12910 12108 13294 12873 12010 12488 12559 12180 12041 12039 12875 12695 12475 12113 12497 12542 12313 12728 12545 12377 12845 12978 12735 12616 12674 11925 12494 12155 12685 12503 12645 11822 12061 11940 12508 11985 12247 12610 12302 11938 12111 12545 12092 12362 12272 12270 12845 12556 12490 12429 12941 12642 13438 12390 12449 12069 12055 13000 12843 12832 12877 12923 12684 12163 12096 12387 12581 12711 11632 12122 12441 12583 13060 12224 12606 12652 12284 12674 12700 12169 12540 12651 13208 12675 12693 11764 12799 12641 13118 12519 12489 12652 12336 12122 12642 12236 12242 12564 12139 12133 12482 12329 12111 12538 12880 12888 12263 13230 12869 11621 12122 12752 12317 12421 12829 12916 12366 11895 12769 12996 12214 12483 13026 12571 12017 12620 12451 12408 12431 12893 12252 12406 12739 12611 12827 12881 12332 12582 12509 12202 12563 12664 12650 12499 11781 12397 11987 12577 12087 12728 12732 12014 12198 13056 12365 13239 12417 13102 12771 12539 12682 12307 12372 12366 12669 12417 12826 12181 12443 12560 12803 12976 12577 12279 12699 12399 12191 12654 12790 12159 12810 12859 12355 12552 11759 12526 12823 12671 12354 12394 12989 12107 12162 12470 12621 12408 12696 12284 12924 12864 12594 12732 12371 13110 12437 12672 13424 13218 12175 12150 12365 12590 12798 12543 11967 13042 12301 12873 12205 12372 12213 12869 12543 12281 12366 12433 12319 12088 12359 12552 11870 12039 12076 12309 12118 12772 12766 13085 12134 12939 13019 12775 11834 12900 12617 12477 12701 12070 12383 12645 12886 13238 12887
12365 12375 12379 12741 12237 12175 12806 12628 12390 12306 12198 12110 12233 12450 12289 12800 12416 12355 12195 11821 12724 12750 12523 12911 12678 13044 12290 12315 12724 11918 12503 12657 12626 11998 11988 11429 11905 12361 12936 12149 12259 12571 11823 12718 13449 12696 12130 11972 13449 12000 12629 12199 12109 12452 12768 12340 12250 13245 12145 12819 12896 12676 12644 11932 12303 12658 11685 11454 12835 12727 12583 12249 11942 12713 12658 12785 12419 12455 12730 12363 12506 12094 12625 12154 12173 12570 12123 12182 13012 12465 12175 11608 13170 13005 12947 12748 12395 12513 12977 12650 12464 12378 11503 13119 12260 12470 12236 12456 12373 12203 11973 12452 12497 12695 12577 12228 12168 11584 12462 11917 11955 12794 12689 12297 12530 12070 12805 12725 12177 12232 12723 11713 12205 12298 12242 12004 12181 12492 12088 13352 12479 12927 12408 12585 12593 13169 12514 12685 12013 12893 13022 12221 12674 12638 12723 12014 12348 12658 12741 12319 12140 12193 12489 12149 12776 12591 12181 12608 13031 12703 13071 12950 12297 12564 12101 12573 12462 12566 12072 12159 12027 12416 11848 12181 12269 12415 11838 11845 12286 11864 12414 12355 12438 12589 12601 12316 12105 13067 12666 12920 12255 12734 12036 12443 13180 11907 12784 12794 12905 12599 12076 11648 12375 12364 12637 11867 11974 12045 12824 12692 12237 12732 12593 12171 12563 12461 11740 12625 12191 12921 12173 12860 12159 12522 12308 13122 12325 12239 12210 12500 12102 12673 12460 11939 12695 12390 11729 12429 12943 11724 12745 12998 12682 12375 13089 12890 11686 11813 12559 12153 12578 12734 12730 12284 12243 12738 12778 12100 12417 12871 12705 11885 12592 12278 12203 12450 13014 12241 12765 13028 12276 12558 12686 12313 12476 12756 11878 12578 12726 12757 12725 11673 12270 12268 12610 12207 12752 12677 12129 12182 12659 12079 12658 12616 12711 12437 12105 12472 12281 11926 11926 12595 12624 12223 12313 12386 12426 12632 12666 12655 11985 12653 12878 12739 12528 12879 12288 12553 12977 12168 12668 11891 12188 12847 13168 11976 12359 12786 11843 12790 12314 12592 12429 12605 12635 12840 12819 12298 12466 12686 12804 12600 12400 13307 12931 12169 12042 12085 12441 12600 12575 12314 12902 12590 12717 12116 12363 12088 12643 12566 12688 12136 12425 12755 11948 11549 12286 12048 11912 12071 12160 12238 12482 13080 12544 12148 12747 12901 12716 12106 13062 12506 12649 12196 11936 12437 12166 12924 13451 12874
12780 12954 12448 13179 12430 12592 12867 12811 12774 12570 12280 12268 12681 12389 12601 12720 12614 12360 12500 11627 12460 12845 12623 13041 12633 12845 12721 12653 12789 12185 12819 12709 13079 12553 12318 11608 12118 12301 13276 11978 12719 12705 12409 12965 13028 13049 12429 12092 12997 12372 12953 12380 12326 12217 13057 12576 12588 12936 12203 12693 12750 12385 12473 12307 12474 12937 11872 11834 13040 12441 12449 12980 12150 12877 12841 13064 12302 12778 12422 12160 12962 12326 12945 12279 11874 12780 12273 12247 12985 12804 12229 12220 13132 12934 13178 12817 12618 12505 12946 12846 12257 12841 11753 13183 12135 12845 12310 12575 12839 12463 12059 12637 12520 12886 12747 12349 12248 12187 12737 12378 11987 13156 12613 12576 12862 12132 13092 11998 12576 12533 12637 12139 12148 12765 12556 11955 12327 12640 12388 13414 12538 13006 12838 12867 12890 12972 12670 13383 12120 13096 12995 12438 12781 12591 12363 12343 12322 12940 13048 12756 12158 12438 12567 12757 12890 12517 12377 13076 12923 12745 13042 12811 12433 12409 12081 13017 12644 12852 12129 12196 11808 12341 12547 12091 12467 12600 12234 12045 12596 12296 12655 12219 12413 12579 12565 12327 12448 13112 12665 13400 12564 12970 12313 12246 13281 12689 12865 13002 13118 12687 12353 11847 12534 12847 12435 11905 12348 12525 12967 12802 12220 12406 12840 12373 12562 12416 11981 12895 12873 13404 12756 13248 12010 12502 12382 13232 12419 12691 12829 12442 12097 12628 12466 12326 12195 12461 12187 12601 12628 11964 12629 13006 12760 12450 13134 12877 12001 11984 12880 12415 12616 12986 12802 12316 12079 13196 13200 12022 12630 12861 12457 11932 12948 12830 12495 12913 12752 12503 12657 13100 12449 12641 12991 12175 12820 12976 12277 12882 12713 12815 12678 12193 12690 12065 12667 12317 12799 12634 12612 12508 13227 12476 13147 12608 13098 12782 12748 12684 12602 12218 12092 12772 12828 12735 12601 12499 12259 13055 13028 13042 12390 12637 13164 12408 13025 13085 11935 13133 12914 12309 12523 11992 12216 12967 13011 12484 12799 12829 12154 12427 12418 12620 12676 12592 12248 13113 13170 12354 12700 12788 12742 12581 12673 13289 13091 12456 12695 12342 12836 12863 12364 12256 12745 12457 12906 12120 12407 12526 13036 13111 12570 12255 12928 12622 12132 11919 12524 12133 12250 12168 12382 12563 12595 12860 12970 11980 12848 13588 13202 12173 13339 12998 12829 12724 12156 12328 12361 13253 13314 12602
12046 11875 11833 12436 11721 11845 11881 11873 11821 11877 11489 11327 11421 12113 12078 11868 11596 11653 11746 11322 11524 11922 12075 12335 12050 12187 12035 12145 11986 11653 12007 11914 12276 11775 11754 10945 11212 11894 12433 11287 12184 11761 11806 11953 12479 12381 11770 11220 12814 11763 12258 11838 11853 11667 12474 11711 11888 12452 11579 11981 12303 12088 11826 11869 11967 11864 11218 10918 12426 12187 11847 11999 11694 12135 12086 12553 11489 12408 12055 11717 11963 11968 12159 11594 11471 12118 11906 11456 12188 11918 11799 11340 12109 12393 12348 12205 11837 11812 11946 12190 11915 12106 11201 12264 11628 12196 11915 11771 12095 11770 11471 11570 11726 12380 12052 11734 11660 11345 12464 11575 11330 12321 12185 11948 12249 11382 12171 11546 11928 11706 11939 11132 11516 11835 12165 11322 11922 11760 11756 12744 12144 12324 12288 11902 11946 12260 11977 12235 11431 12541 12194 11471 12278 11931 11774 11331 11714 12420 12301 11782 11498 11541 12089 11863 12206 11843 11702 12156 12137 12032 12122 11978 11803 11894 11433 12024 11889 12238 11514 11609 11472 12033 11528 11745 11689 11785 11591 11227 11590 11273 11628 11782 11815 12352 12365 11539 11718 12579 12208 12491 11722 11948 11236 11618 12590 11887 12146 12086 12390 12234 11361 11379 11989 11685 11755 11555 11510 11906 12191 12427 11824 11590 12084 11554 12094 11855 11598 12276 11902 12281 12132 12366 11582 12191 11800 12386 11850 11812 11991 11991 11451 12199 11713 11942 11904 11508 11394 11985 11819 11842 12185 11941 12295 11660 12544 12164 11281 11355 12042 11707 12012 12325 12233 11914 11238 12481 11929 11761 11694 12385 12109 11314 12007 11939 11863 12064 12393 11682 11804 12000 11840 12395 12016 11342 11964 12207 11318 11950 12316 12224 12288 11208 11785 11584 12126 11520 12395 12272 11631 11313 12284 11850 12421 12144 12032 12427 11577 12162 11689 11591 11528 11860 12461 11892 11759 11768 11712 12354 12326 12289 11907 11683 12046 12107 12101 12008 11425 12083 12402 11823 12235 11378 11711 11897 12389 11717 12321 12099 11688 11853 11738 11773 12072 12566 12164 12436 12545 11929 11651 12224 12313 12235 12083 12733 12507 11628 11627 11968 11929 12169 11874 11557 12506 12198 12098 11692 11375 11467 12616 12451 12200 11610 11800 12197 11505 11446 12162 11530 11359 11739 11524 11538 11565 12336 12220 11728 12462 12491 12310 11765 12339 11979 12186 11635 11577 11912 11690 12378 12776 12135
12737 12768 12518 12859 12533 12496 12768 12965 12717 12554 12078 12258 12586 12438 12781 12786 12712 12260 12596 11921 12942 12842 13113 13226 12676 13136 12674 12703 12759 12258 12754 12522 13300 12780 12344 12006 12182 12777 13123 12394 13142 12686 12765 12979 13599 12855 12539 12406 13019 12675 13077 12610 12381 12540 12797 12450 12644 13403 12307 12822 12890 12654 12870 12282 12700 12753 12220 11812 13179 12559 12427 12841 12260 13138 12684 13314 12207 12788 12805 12591 12737 12355 12658 12395 12517 13127 12341 12216 12985 12695 12520 12394 13314 13325 13225 12335 12931 12382 12875 12980 12684 12666 12160 13232 12607 12522 12596 12653 12565 12534 12178 12560 12653 12870 12395 12484 12400 11984 12685 12355 12192 13154 12633 12991 12826 12142 12951 12238 12575 12682 12684 12090 12464 12553 12664 12279 12706 12494 12691 13373 12670 12909 12978 12725 12812 13271 12758 12991 12580 12761 12968 12758 12783 12695 12456 12415 12585 13274 12852 12865 12564 12206 12619 12677 12987 12810 12500 12840 13146 12869 12665 12624 12103 12674 12416 13029 12882 13105 12370 11981 12011 12324 12197 12353 12317 12466 12369 12018 12484 12256 12845 12417 12510 12995 12835 12477 12619 13616 12927 13253 12498 12582 12111 12421 13185 12882 13110 12859 13026 12725 12142 12236 12768 12810 12549 12209 12348 12280 12741 12797 12637 12864 12769 12115 12803 12544 12237 13151 12885 13283 12389 12986 12516 13197 12533 13527 12617 12636 12571 12768 12237 12904 12660 12430 12795 12441 12157 12366 12717 12170 12813 13041 13202 12833 13498 12963 12166 12032 12763 12371 12803 13317 13212 12618 12217 12796 12998 12516 12474 13148 12627 12362 12674 12756 12593 13019 13270 12582 12538 13093 12634 12729 12957 12464 12764 13161 11935 12449 12790 12952 12858 12003 12512 12264 13087 12233 12629 13099 12198 12513 12685 12711 13542 12919 13378 13293 12341 12819 12310 12210 12285 12636 12823 12629 12855 12748 12353 13278 13239 13405 12449 12959 12818 12966 12971 13084 12314 13283 12763 12478 12783 11926 12671 13258 13151 12492 12534 12777 12078 12442 12500 12494 13001 13074 13190 13018 13516 12463 12861 12888 13169 13161 13095 13373 13016 12619 12551 12523 12815 12514 12412 12489 12962 12605 12531 12457 12390 12864 12895 12623 12845 12452 12854 12814 12434 11848 12519 12198 12061 12234 12643 12660 12670 13099 12669 12490 13008 13262 13356 12286 13383 12618 12885 12682 12473 12678 12669 13025 13681 13081
12720 12547 12148 12491 11818 12345 12042 12524 12574 12472 11778 11833 12336 11948 12391 12531 12526 11957 12156 11374 12039 12535 12485 12931 12274 11957 12384 12280 12608 11911 12290 12105 12566 11996 12306 11516 11871 12198 12575 11855 12749 12345 12081 12674 12715 12642 12369 11907 12747 12132 12321 12037 12199 12250 12556 12423 12298 12811 12109 12325 12025 12334 12311 12183 12267 12409 11562 11495 12629 12169 12189 12015 12367 12822 12957 12751 12312 12428 12369 12008 12456 11913 12512 12045 11760 12632 12100 11953 12450 12472 12001 11828 12711 12633 12774 12408 12308 12254 12468 12727 12349 12681 11434 12790 11974 12368 12228 12267 12162 12119 11823 12204 12403 12479 12080 12040 12327 11597 12644 12295 11907 12983 12066 12024 12558 11931 12238 11947 12219 12024 12613 12115 12292 12191 12454 11425 12305 12356 12067 12877 11813 12600 12459 12583 12082 12846 12568 12910 11777 12702 12654 12143 12257 12340 12118 11807 12294 12291 12639 12302 11857 11939 12535 12230 12200 12413 12048 12569 12695 12347 12388 12590 12101 12344 11876 12375 12467 12208 11878 12174 11542 12463 12096 12007 12105 11960 12073 11771 12543 12004 11911 12139 11958 12228 12448 12225 12052 12808 12741 12898 12254 12376 11841 12254 12932 12094 12947 12731 12717 12107 11635 11560 12238 12521 12228 11872 11894 11929 12621 12330 11969 12074 12651 11615 12456 12113 11752 12573 12026 12613 11938 12988 11898 12360 12157 12731 12261 12152 12245 12427 11882 12554 12333 11880 12365 12244 11402 11818 12202 11870 12587 12613 12316 12123 12997 12790 12091 11873 12630 12257 12330 12723 12629 12028 11656 12762 12420 11933 11825 12634 12346 12007 12634 12696 12431 12260 12740 12002 12472 12682 12234 12651 12602 11956 12352 12661 11798 12310 12658 12598 12171 11994 12137 11853 12179 11819 12393 12817 11887 11810 12837 12150 12889 12403 12649 12570 12177 12452 12519 12293 11934 12334 12223 12275 12409 12132 12125 13023 12878 12495 12277 12402 12621 12404 12769 12731 11760 12790 12239 12189 12522 11810 12212 12481 12746 12204 12653 12571 11900 12365 12387 12264 12393 12745 12344 12598 13019 12436 12352 12491 12668 12354 12603 12822 12906 12134 11922 11928 12419 12499 12279 11822 12453 12568 12388 12062 11992 11649 12484 12432 12516 12160 12267 12340 11714 11604 12338 12140 11708 12115 12009 12134 12072 12620 12581 11861 12441 12761 12539 11821 12975 12290 12675 11960 12072 11724 12035 12631 13477 12403
11895 12352 12011 12554 11711 11526 12193 12007 12067 11869 11706 11714 11926 11721 11852 11896 12371 11677 12004 10955 12145 12308 12428 12704 12404 12312 12074 11937 12052 11405 11965 11989 12644 11426 11691 11128 11477 12150 12195 11677 12348 12098 11779 12308 12495 12004 11790 11653 12351 11412 12102 11920 11528 11632 12246 12063 11965 12388 11577 11986 11958 12064 12036 11891 11852 12020 11263 10924 12325 12221 11977 12223 11568 12502 12318 12485 11606 12165 11779 11874 12032 11797 12042 11806 11500 12211 11693 11701 12367 11756 11821 11427 12329 12244 12514 12113 12132 11499 12348 12248 11896 12360 11206 12525 11739 12136 11890 12005 12075 11503 11509 11633 11678 12146 11947 12039 11776 11276 12346 11916 11372 12331 12250 11882 12452 11589 12079 11579 11639 11764 12194 11404 11743 11789 11729 11428 11727 12068 11989 12819 11832 12443 12267 12001 11970 12670 12135 12425 11652 12386 12142 11871 12318 11878 11720 11883 11928 12322 12259 11862 11892 11597 12305 11935 12309 12155 12015 12485 12506 12086 11961 12208 11630 12160 11411 12272 12069 12271 11711 11545 11348 11660 11799 11856 12103 11610 11614 11490 11668 11232 12114 11649 11757 12419 11818 11719 12049 12431 12444 12703 11449 12227 11672 11772 12361 11784 12242 12261 12161 12099 11415 11088 12082 11939 12069 11503 11626 11989 12290 12344 11450 11583 12440 11551 11860 12011 11373 12065 11771 12479 11694 12248 11762 11953 11670 12804 11843 12068 12162 12007 11715 12096 12062 11334 11947 11853 11517 11929 12019 11450 11989 12071 12319 11581 12485 12488 11168 11422 11998 11642 12090 12201 12205 11548 11685 12413 12337 11593 11720 12584 12050 11551 12172 11950 12031 12068 12625 11911 11850 12434 11956 11831 12289 11660 11792 12166 11500 12137 12314 12023 12439 11352 11781 11835 12201 11809 12133 12346 11817 11450 12107 12039 12724 12137 12440 12067 11839 11948 11813 11976 11644 12396 11978 11853 11932 11761 11530 12554 12438 12210 11661 11848 12068 12249 12534 11959 11606 12033 12162 11904 12034 11391 11768 12227 12519 12133 11874 12137 11922 12023 11745 11867 11867 12140 12195 12226 12684 11843 12007 12384 12234 12169 11924 12904 12325 11760 11734 11595 12124 12147 12250 11869 12158 11863 12080 11633 11332 11876 12295 12430 12208 11744 12066 11797 11352 11513 11903 11624 11174 11343 11852 11729 11877 12115 12160 11567 12108 12612 12180 11427 12540 12343 12082 11884 11935 11594 11530 12465 12927 12314
11903 11801 11479 12244 11664 11859 11754 12231 11907 11681 11382 11945 12126 12005 11913 12098 11790 11687 11787 10796 12236 11820 12070 12327 12149 12501 11778 11882 12048 11208 11926 12195 12079 11745 11495 10725 11493 11899 11953 11742 12305 12218 11403 12124 12727 12050 11692 11417 12391 11573 12069 11948 11689 11165 12413 11793 11681 12357 11853 12097 11872 12025 11886 11436 12076 12296 11266 11137 12224 12222 11924 12156 11670 12469 12180 12523 11441 12308 11822 11596 11803 11871 11560 11628 12040 12226 11921 11788 12136 12107 11804 11870 12290 11975 12319 11805 11885 11756 12146 12124 11833 12248 11075 12395 11717 11790 12107 11955 11887 11576 11381 11723 11916 12356 11787 11571 11218 11253 12131 11782 11189 12325 12260 12075 12243 11643 12222 11863 11911 11503 11970 11250 12002 11798 11936 11233 11654 11925 11605 12664 12029 12120 11936 12311 11981 12621 12093 12691 11462 12309 12277 11457 12384 12087 11994 11537 11934 12351 11880 11808 11582 11468 11602 11839 12057 11882 11608 12089 12183 12026 12330 11904 11540 11736 11795 11897 12091 12163 11863 11754 11622 11843 11774 11657 11626 11428 11683 11420 11809 11410 11640 11300 11794 12331 12191 12039 11723 12547 11980 12393 11450 12195 11693 11810 12108 11826 12093 11863 12475 12256 11419 11611 12319 11628 11828 11581 11797 11895 12035 12391 11615 11730 12318 11400 12108 11748 11298 11946 12106 12141 12023 12409 11234 12204 11866 12502 11659 11789 11785 12285 11792 12125 11700 11479 12000 12008 11286 11758 12001 11461 12035 12301 12137 11778 12566 12203 11267 11444 11956 11700 12111 12114 11885 12187 11442 12229 12002 11761 11702 12443 12045 11240 11947 11989 12134 12196 12380 11843 11774 12167 11622 12041 12190 11558 11721 12207 11202 11728 12223 12227 11952 11267 11957 11301 11652 11721 12213 12372 11290 11460 11961 11927 12646 12208 12430 12082 11800 12223 11760 11452 11494 12206 12283 11623 11929 11879 11870 12050 12206 12306 11629 11930 11995 11968 12094 11986 11755 12054 11996 11640 11955 11020 11643 12078 12336 11472 12129 12375 11522 11855 11737 11814 11834 12362 11999 12668 12128 11718 12018 12119 11937 12031 11963 12538 12279 11512 11841 11726 11822 12294 12000 11664 12082 11664 11922 11707 11804 11637 12319 11923 11991 11574 11780 12247 11533 11208 12048 11579 11182 11694 11411 11640 12102 12240 12630 11521 12281 12428 12230 11970 12871 12215 12187 11946 11323 11979 11821 12385 12949 12171
12093 11997 12023 12357 11450 11827 12031 12326 11951 11903 11678 11672 11773 11657 12066 12286 12034 11846 12016 11139 11936 12335 11963 12292 12145 12537 11787 11747 12056 11603 11835 12008 12431 12201 11583 10777 11187 11965 12305 11404 12470 11718 11601 12369 12666 11872 11789 11507 12426 11942 12068 11676 11807 11772 12222 11737 12203 12149 11507 12098 11996 11998 12066 11703 12010 12143 11601 11323 12280 11915 12051 12174 11472 12411 12184 12410 11966 12215 11607 11727 11941 11834 12190 11508 11591 12288 11753 11584 12055 11940 11981 11838 12148 12161 12658 12352 12189 12138 11959 12153 11842 12111 11417 12616 11524 12013 12010 11802 11937 11993 11516 11675 11780 12388 12142 11955 11710 11137 12382 11543 11470 12174 11961 11995 12050 11512 12108 11647 11803 11244 11827 11615 11825 11775 11732 11400 11796 11976 11483 12796 12020 12495 12023 12118 12062 12370 12128 12390 11388 12630 12429 11651 12064 11864 12234 11833 12098 12260 12086 11852 11686 11731 11836 11719 12187 11793 11737 12145 12035 11860 12308 11952 11559 11983 11443 12045 12107 12354 11972 11630 11679 12189 11681 12003 11732 11732 11473 11297 11785 11477 11903 11868 11822 12383 12278 12322 11916 12689 12296 12574 11834 12086 11585 11575 12838 12041 12169 11841 12639 12077 11303 11625 12305 11802 11989 11232 11426 11384 12373 12409 11579 11783 12152 11349 11954 11749 11438 12177 11892 12648 11976 12380 11382 12105 11696 12386 12004 11727 12121 11724 11746 12533 11922 11842 11866 11648 11668 11945 11848 11873 12504 12240 12033 11856 12780 12484 11081 11437 12109 11643 12357 12225 12281 11709 11568 12155 12467 11498 11607 12608 12210 11379 12384 12119 12226 12179 12728 11841 11899 12467 11766 12511 12300 11621 12045 12365 11849 12092 11808 12165 12324 11244 11677 11677 11677 11625 12240 12423 11804 11455 12250 11910 12709 12155 12472 12235 11872 12351 11782 11636 11572 11864 12477 11980 11692 11946 11717 12413 12075 12288 11759 11976 12166 12116 12117 12277 11547 12104 12148 12230 12192 11037 11590 12285 12649 11721 12187 12057 11814 12127 11904 11810 12137 12333 11956 12366 12539 11737 11765 12203 12244 12256 12332 12889 12667 11682 11843 11591 11776 12093 12032 11789 12475 11786 11999 11931 11541 11550 12464 12214 12305 12008 11635 12015 11479 11422 11933 11834 11483 11995 11695 11730 12067 12646 12079 11470 12121 12546 12315 11833 12609 12266 12129 11687 11808 11739 11876 12371 12817 12322
11864 11774 11608 12156 11514 11340 11816 12327 11847 11721 11496 11179 11835 11591 11550 11813 11731 11498 11748 11312 11539 11939 11962 11923 11519 11956 11557 11681 11664 11150 11531 11593 12019 11417 11672 10870 11229 11525 12153 11457 12003 11708 11360 12007 12430 11653 11561 11497 12038 11338 11958 11298 11401 11287 12039 11806 11637 12194 11315 11911 11541 12078 11747 11329 11713 11870 11548 11255 11900 11837 11680 11648 11360 12018 12140 11940 11351 12016 11633 11455 11706 11291 11937 11646 11455 12277 11114 11517 12097 11847 11295 11357 11919 12194 12008 11624 11881 11628 11754 12012 11462 11784 10890 11882 11189 11722 11538 11921 11766 11331 11384 11608 11451 12010 11770 11470 11431 10971 11770 11235 11247 12412 12167 11275 11897 11342 11930 11376 11600 11465 11838 11174 11120 11284 11618 11127 11407 11712 11503 12706 11759 12017 11931 11800 11517 11877 11900 11844 11238 11717 12062 11127 12049 11630 11789 11151 11325 12015 11741 11770 11494 11578 11844 11656 11844 11482 11446 12302 12046 11865 11946 11813 11332 11834 11071 11553 11855 11817 11269 11084 11043 11368 11788 11529 11645 11443 11319 11160 11469 11157 11621 11232 11331 11791 11794 11701 11326 12293 12035 12564 11721 11650 11170 11544 12193 11983 11923 11606 11916 11467 11272 11272 11943 11597 11358 11058 11333 11776 11746 12065 11516 11557 11980 11341 11829 11517 11186 11853 11875 11973 11692 11717 11332 11876 11586 12373 11508 11830 12024 11638 11181 11733 11693 11751 11735 11670 11246 11685 11934 11193 11740 12206 12152 11889 12166 11938 11158 11105 12133 11439 11556 12049 12052 11423 11415 12071 12204 11160 11423 11806 11620 11113 12079 11821 12031 11992 11734 11250 11717 12237 11693 11812 12192 11459 11346 11698 11332 11617 11894 11873 12033 11018 12027 10808 11404 11636 11768 12070 11531 11311 12018 11653 12225 11805 12011 12160 11669 11667 11527 11399 11087 12061 11818 12084 11467 11470 11482 12160 12168 11779 11988 11823 11802 11746 11868 11557 11281 12059 11891 11831 11884 11119 11397 12097 12218 11665 11873 11915 11269 11610 11557 11635 11509 12068 11764 11983 12087 11919 11678 11857 11863 12045 12063 12528 12140 11693 11756 11378 11649 11956 11509 11225 11876 11546 11878 11473 11567 11659 12044 11872 12431 11361 11756 11813 11302 10850 11667 11163 10950 11179 11249 11478 11829 11983 12063 11373 11599 12317 12227 11787 12352 11508 12062 11645 11392 11167 11185 12133 12678 11820
12201 12339 12167 12880 12191 12453 12705 12720 12471 12465 11912 11703 12099 12267 12680 12229 12699 12125 12257 11970 12346 12449 12399 12947 12344 12790 12524 12177 12405 11622 12570 12338 12905 12318 12130 11532 11715 12095 12883 12014 12781 12528 12080 12586 13182 12401 12254 11838 12806 12216 12620 11893 12456 12029 12707 12345 12167 12858 12065 12440 12269 12343 12779 12211 12319 12655 11851 11430 12555 12362 12161 12349 12111 12711 12614 12995 12220 12890 12474 12634 12634 12052 12577 11992 12120 12846 11818 11790 12714 12501 12169 12267 12629 12991 12834 12427 12521 12465 12433 12626 12080 12590 11483 12900 11990 12716 12412 12440 12182 12128 12184 12664 12474 12803 12290 12343 12017 11775 12390 12100 11972 13157 12602 11916 12560 11928 12656 12092 12299 12244 12395 12058 12023 12299 12447 12055 12472 12302 11541 12985 12274 12937 12390 12282 12498 12753 12410 12580 12145 12676 12584 12005 12686 12459 12202 11684 12040 12888 12562 11997 12108 11884 12464 12194 12736 12167 12184 12819 12944 12090 12816 12841 12029 12324 11980 12511 12676 12463 12455 11846 11782 12652 12079 11854 12073 12339 12049 11819 11999 11849 12366 12148 12099 12985 12557 12506 12477 12974 12644 13068 12449 12429 11785 12099 12729 12123 12577 12453 12887 12720 11670 12433 12450 12738 12309 11675 11925 12026 12684 12958 12532 12578 12335 11984 12467 12616 11934 12841 12489 12927 12643 13093 11803 12579 12605 13029 12288 12279 12589 12435 11967 12693 12116 11800 12462 12216 12014 12349 12485 12179 12708 12859 12807 12788 13157 12956 11917 11709 12573 12174 12692 13075 12603 11914 12046 13389 12832 12232 12306 12571 12660 11748 12589 12374 12644 12404 12828 12073 12310 13054 12152 12689 12709 12514 12534 12671 11842 12753 12526 12345 12575 11680 12314 12015 12377 11886 12710 13081 12032 11946 12705 12107 13280 12645 12752 12706 12007 12643 12253 12054 11924 12655 12301 12519 12556 12637 11977 12808 13175 12754 12096 12509 12873 12242 12803 12514 12203 12606 12445 12176 12334 11604 11940 12965 12760 12313 12619 12377 12039 12187 12407 12429 12795 12852 12668 12625 12936 12174 12755 12576 12925 12419 12477 13168 12899 12225 11870 12060 12232 12911 12642 12253 13004 12425 12678 11958 12258 11937 12806 12754 12689 12105 12269 12437 11841 12006 12390 11783 11853 12239 12074 11982 12531 12586 12720 11697 12745 12923 12763 12034 13014 12639 12373 12269 11672 12216 12405 12741 13148 12588
12562 12558 12540 13027 12006 12780 12827 13083 12722 12270 12231 12014 12631 12116 12376 12822 12535 12256 12336 11835 12372 12751 12731 12848 12690 12949 12691 12155 12260 12202 12276 12444 12729 12393 12329 11636 11866 12707 12755 12177 12734 12581 12766 12823 13364 12665 12494 12156 13007 12028 12822 12206 12089 12022 13082 12166 12591 12873 12215 12546 12245 12503 12823 12191 12474 12916 12028 12072 12668 12848 12239 12668 12117 12753 12792 12799 12294 12955 12675 12413 12720 12277 12766 11999 12162 13112 11975 12394 12866 12878 12353 12316 13020 13049 13200 12747 12728 12658 12772 12508 12258 12937 11825 12909 12191 12353 12117 12669 12575 12458 11986 12625 12247 12840 12662 12290 12389 12083 12772 12150 11904 13124 12619 12481 12636 12049 13044 11804 12282 12463 12382 11882 12167 12461 12468 11748 12245 12325 12281 13298 12319 12962 12856 12487 12635 12959 12118 13175 12121 12798 12586 12183 12722 12620 12321 12255 12460 12881 12837 12380 12406 12162 12620 12310 12706 12337 12413 12940 12688 12636 13076 12733 12262 12639 12041 12581 12959 12819 12113 12218 12283 12394 12564 12307 12328 12422 12066 11995 12610 12125 12524 12116 12015 12573 12370 12037 12372 12942 12794 12957 12454 12653 12142 12496 12876 12514 12930 12522 13100 12650 11867 11866 12654 12560 12581 12121 12100 12426 12640 12915 12535 12383 12727 12093 12466 12698 12025 12377 12525 13108 12547 12631 12004 12505 12382 12942 12135 12580 12449 12531 12406 12721 12455 12381 12612 12187 11729 12355 12761 12062 12473 12816 13064 12445 13123 12948 12016 11688 12545 12096 12733 12983 13094 12568 12302 13140 13254 12172 12475 12828 12227 12170 12413 12879 12579 12581 13101 12395 12627 12980 12795 12482 12912 12092 12577 12902 12362 12631 12888 12904 13046 11998 12392 12186 12509 12326 12954 12922 12424 11870 13094 12518 12904 12613 12921 12881 12567 12719 12343 12298 11867 12338 12306 12711 12573 12487 12280 12877 12782 12764 12284 12600 12582 12420 13254 12547 12255 12588 12721 12407 12916 11927 12298 12967 13081 12694 12544 12750 11822 12517 12270 12770 12581 12875 12646 12979 13010 12738 12698 12945 12666 12935 12717 13387 12830 12207 12550 12420 12441 12742 12541 12153 13110 12534 12560 12433 11986 12422 12989 12508 12692 12077 12738 12447 11984 12030 12375 12297 11887 12103 12482 12062 12471 12935 12781 12293 12709 13215 12952 12243 12837 12491 12665 12468 12512 12098 12219 13341 13326 12773
12481 12887 12147 12748 11988 11963 12565 12585 12595 12223 11832 11871 12311 12225 12132 12119 12604 12106 12409 11625 12294 12815 12572 12922 12425 12816 12173 12067 12501 11747 12399 12655 12768 12371 12358 11440 11710 12195 12692 11845 12764 12397 12103 12500 13162 12421 12320 11989 12699 12106 12732 11710 12185 11844 12684 12344 12410 12877 11581 12221 12383 12374 12675 11969 12234 12607 11399 11356 12473 12464 12020 12584 12045 12783 12897 12633 12041 12569 12336 11948 12528 12240 12495 12184 11904 12711 11863 12020 12813 12631 12194 11892 12930 12477 12694 12675 12599 11898 12684 12595 12235 12507 11533 12634 12003 12317 12364 12311 12298 11854 11850 12182 12283 12517 12101 12227 12314 11518 12349 12033 11689 12911 12602 12257 12803 11953 12877 11979 12248 12261 12458 11545 12020 12395 12203 11823 12341 12435 11963 12739 12273 12756 12491 12518 12513 12787 12478 12521 11801 12741 12668 12351 12911 12336 12272 11909 12366 12873 12832 12685 12429 12087 12443 12356 12623 12484 12205 12796 12923 12447 12414 12822 11820 12449 11655 12731 12459 12473 12170 11996 11690 11940 12022 11907 12163 12196 11880 12293 12122 11740 12370 12047 12210 12927 12503 12050 12020 13122 12657 13292 12258 12466 11767 11984 12907 12328 12320 12678 12773 12386 11656 11792 12356 12493 12001 11668 12061 12151 12676 12601 12137 12073 12687 12097 12206 12500 11718 12572 12297 13082 12275 12748 11974 12385 12053 13167 12224 12332 12591 12337 12115 12561 12432 11949 12191 12126 11908 12167 12264 11658 11936 12507 12512 12076 13129 12792 11483 11940 12785 12185 12350 13054 12453 12372 11979 12757 12556 12218 12049 12695 12612 11813 12864 12628 12314 12532 12498 12155 12110 12860 12309 12604 12727 12177 12413 12546 11773 12722 12432 11999 12560 11964 12257 11900 12519 11821 12621 12805 11852 12044 12882 12268 13178 12388 12654 12181 12016 12781 12323 11904 11719 12260 12427 12673 12399 12340 12007 12716 12714 12615 12457 12372 12785 12251 12888 12355 11593 12590 12525 12315 12372 11788 11797 12647 12728 12451 12017 12541 11859 12610 12496 11982 12427 12314 12305 12533 13007 12327 12269 12741 12661 12608 12342 13317 13269 12412 12056 12249 12461 12635 12298 12089 12850 12507 12824 11808 11985 12168 12710 12688 12568 11975 12645 12329 12166 12007 12208 11847 11868 11908 12114 11907 12236 12773 12453 11928 12514 12822 12869 11765 13318 12804 12645 12161 11938 11916 12500 12690 13414 12376
12038 12136 11726 12393 11820 11892 12334 12231 11983 11803 11661 11833 12302 11821 12261 12543 12250 11781 11671 11369 11890 12356 12008 12330 12107 12458 11944 12007 12175 11882 11969 12032 12197 11798 11779 11049 11503 11668 12289 11866 12262 12140 11809 12062 13001 12037 11961 12013 12579 11779 12494 11660 11859 11554 12482 11936 11965 12385 11962 12150 12207 12110 12235 12001 11885 12287 11524 11471 12291 12276 12110 12065 11484 12524 12325 12329 11723 12288 12026 11563 11911 11896 12383 11834 11633 12256 11620 11495 12322 12130 12120 11901 12603 12561 12533 11947 12070 11882 12031 12267 11952 12152 11000 12483 12042 12026 11936 12114 11887 11791 11743 12303 11816 12370 11835 11783 12033 11447 12401 11336 11461 12701 12395 12034 12250 11642 12423 11600 12137 12041 12059 11474 11646 11999 11954 11304 11570 11750 11946 12822 11950 12497 12408 12187 11964 12126 12081 11989 11604 12613 12501 11783 12133 11787 11919 11696 11966 12335 12315 11871 11978 11267 12013 11988 12396 11817 11857 12383 12097 12139 12170 12127 11733 12116 11559 12294 12178 12345 11770 11761 11717 11864 11874 11854 12022 11532 11691 11635 11824 11313 11975 11762 11893 12439 12047 11739 12070 12675 12573 12806 12058 12071 11675 11881 12337 12132 12450 12035 12339 12140 11624 11602 11906 11967 12103 11601 11385 12228 12247 12434 12164 12008 12099 11827 12013 12139 11400 11976 12190 12602 11904 12358 11229 12142 11736 12503 11533 12024 12255 11904 11785 12460 11811 11535 12021 11772 11369 12094 11863 11675 12234 12298 12062 11947 12758 12129 11579 11507 11977 11957 12002 12480 12440 12202 11827 12369 12235 11923 11786 12329 11841 11569 12247 11937 12092 12090 12656 11713 11989 12577 12022 12144 12244 11991 11997 12194 11412 11888 12253 12361 12150 11432 12060 11743 12184 11568 12271 12467 11815 11691 12468 11722 12439 12417 12404 12478 12271 12216 11789 11570 11921 12137 12200 11896 11828 11977 11839 12770 12447 12299 11695 12053 12062 12380 12464 11971 11824 12073 12175 11745 12196 11053 11538 12503 12356 11572 12192 12538 11723 12058 12042 12004 12181 12267 12034 12269 12248 12082 11812 11983 12292 12372 12411 13053 12315 11653 11916 12043 12055 12307 12057 12011 12355 11993 12267 11668 12165 11801 12202 12314 12133 11885 11785 12256 11238 11615 11876 11430 11637 11729 12008 11682 12247 13001 12525 11542 12460 12883 12274 11980 12610 12298 12362 12244 11996 12067 11955 12655 12981 12129
11962 11738 11146 11974 11401 11700 11615 11742 11801 11590 10966 11445 11358 11393 11693 11807 11914 11334 11493 11153 11522 11620 11722 11935 11818 11495 11270 11543 11548 11300 11739 11523 12028 11707 11503 10693 11022 11583 12208 11271 11731 11729 11743 11747 11995 11766 11389 11094 12043 11305 11960 11455 11427 11372 12041 11469 11760 11863 11420 11889 11360 11655 11648 11385 11677 11395 10813 10959 11717 11583 11438 11788 11320 11507 11740 12121 11329 11768 11381 11507 11422 11502 11646 10986 11344 11817 11367 11550 11841 11517 11306 11530 12112 11689 12232 11735 11307 11067 12058 11378 11570 11867 10905 11832 11637 11341 11355 11561 11655 11509 11025 11651 11526 11950 11343 11304 11428 10787 11684 11305 10844 11908 11439 11445 11944 11109 11956 11365 11712 11402 11733 11097 11442 11431 11689 10931 11559 11108 11199 12163 11345 11713 11961 11835 11640 12176 11419 12077 11248 11803 11695 11261 11620 11801 11313 11158 11117 11738 11739 11218 11137 11517 11738 11424 11689 11486 11646 12078 11948 11773 11861 11739 11237 11484 11283 11751 11591 11518 11293 11360 10999 11192 11325 11323 11424 11127 11088 10953 11263 10826 11453 11394 11301 11658 11696 11494 11482 12218 11809 11979 11408 11776 11005 11340 12232 11763 11872 11794 12142 11590 11247 11242 11330 11498 11711 11283 11285 11310 11583 12071 11415 11480 11688 11143 11860 11234 10941 11852 11580 11971 11477 12039 10874 11515 11584 12442 11610 11351 11840 11737 11326 11982 11494 11101 11376 11160 11097 11385 11560 11295 11857 11789 11862 11534 12125 11774 11314 11254 11732 11256 11728 11999 11856 11573 10805 12069 11797 11425 11554 11847 11536 10761 12318 12158 11706 11799 12015 11488 11378 11805 11499 11661 11661 11277 11820 11708 11135 11650 11649 11685 11436 11106 11492 11262 11816 11241 11804 11828 11119 11142 11915 11767 11952 11873 12167 11303 11534 11584 11482 11193 11038 11455 11631 11550 11365 11656 11303 12016 12192 12074 11145 11445 11944 11452 11842 11984 11290 11669 11725 11557 11390 10757 11365 11879 11836 11554 11710 11610 10989 11536 11603 11337 11887 11735 11833 12042 12086 11557 11907 11774 11935 11869 11833 12201 12190 11438 11403 11417 11565 11578 11401 11447 11889 11667 11529 11157 11186 11190 12039 11815 11739 11471 11690 11725 10942 10902 11379 11080 10966 11399 11348 11053 11184 11896 11803 11335 11596 12132 11890 11301 12158 11687 11908 11854 11295 11283 11654 11817 12364 11796
12379 12040 11979 12694 12011 12109 12202 12571 12043 12019 11811 11769 12139 12165 12444 12344 12414 12104 11962 11670 12296 12749 12535 12594 12163 12314 11801 12265 12176 11455 12189 12224 12691 12080 11918 11420 11609 11869 12757 11594 12316 12200 12535 12288 12850 12421 12011 11795 12782 12018 12641 11824 12268 11927 12341 12236 12129 12509 12191 12376 12374 11909 12271 12018 12114 12225 11504 11214 13023 12595 11940 12534 11774 12606 12413 12817 11932 12508 12233 11841 12193 12138 12478 12031 12050 12436 11817 11882 12834 12355 11973 11886 12582 12454 12575 12037 12289 11982 12318 12629 12147 12220 11381 12524 11760 12257 12215 12071 12303 12374 11575 11847 12328 12561 11891 11896 12044 11733 12506 11941 11449 12887 12292 12232 12306 11666 12515 11692 12331 12232 12461 11593 11560 12254 12341 11772 11981 12234 11829 12848 12461 13013 12338 12456 12081 12864 12349 12790 11581 12555 12247 12086 12739 11950 11934 11695 12066 12628 12158 12397 11941 11807 11899 12173 12416 12101 11723 12412 12409 12633 12606 12449 12021 12297 11811 12324 12230 12598 11855 11589 11568 12406 11986 11897 11910 12079 11765 11575 12167 11486 12125 12254 12206 12471 12343 12330 11884 12580 12174 13025 12076 12342 11687 12158 13229 12027 12857 12401 12914 12480 11430 11909 12211 11957 12160 11367 11803 12395 12459 12499 12039 12122 12529 11934 12094 12093 11674 12169 12274 12906 12091 12498 11648 12236 12066 12838 12062 12065 12379 12222 11842 12244 11941 11883 12087 11946 11856 11985 12288 11817 12353 12584 12528 12128 12944 12628 11503 11693 12675 11881 12376 12803 12293 12027 11693 12293 12392 12189 12060 12358 12184 11725 12290 12553 12356 12556 12821 11974 12239 12259 11802 12644 12492 11899 12179 12440 11724 12227 12413 12445 12165 11632 12390 12038 12020 11851 12140 12546 11905 11690 12496 12308 12832 12315 12454 12059 12067 12292 11665 11876 11631 12228 12192 11956 12441 12288 11864 12703 12593 12443 11905 12405 12629 12330 12389 12475 11708 12421 12583 12156 12019 11378 12192 12373 12440 11903 12276 12379 11602 12214 11991 11991 12421 12414 12326 12760 12375 12274 12209 12355 12694 12243 12340 12885 12580 11866 12171 12011 12493 12534 11947 11999 12673 12116 12183 11727 11984 11443 12717 12353 12273 11927 11692 11958 12044 11435 12039 11630 11804 11934 11954 11893 11934 12488 12450 11885 12186 12777 12564 12013 12638 12569 12402 11660 11699 11767 12044 12723 13006 12352
12184 11847 12275 12329 11704 11729 12277 12165 12067 11478 11167 11447 11859 11824 12373 11876 12165 11669 11897 11360 11985 12642 12469 12291 11987 12012 11946 11988 12357 11410 11967 12139 12654 11656 11897 11107 11500 12121 12408 11456 12224 12046 11607 12366 12808 12133 11766 11709 12381 11739 12441 11749 11704 11479 12283 12297 12108 12279 11927 12379 11841 12309 12126 11905 12342 12275 11369 11144 12066 12045 11620 12400 11720 12819 12571 12550 11935 12192 11990 11822 12135 11678 12167 11884 11428 12389 11830 11862 12157 12279 12013 11773 12386 12347 12450 12227 11937 11763 12145 12596 11976 12312 11060 12697 11638 11838 11935 12095 11995 11831 11391 11935 11948 12386 12071 11809 11497 11058 12255 11506 11083 12301 12394 11796 12201 11450 12208 11932 12178 11941 12223 11545 11683 11761 11795 11392 11569 12020 11430 12932 11995 12790 12106 12292 12012 12300 11809 12483 11691 12536 12412 11760 12016 12178 12021 11369 12184 12193 12270 11891 11609 11596 12057 12040 12361 12020 11963 12173 11957 11985 12191 12451 11855 12088 11677 12293 12277 12254 11418 11567 11477 11970 11858 11670 11760 11758 11882 11432 12086 11491 11950 11750 11799 12233 12044 11673 12067 12843 12304 12605 11996 12256 11288 12051 12609 12066 11960 12386 12476 12117 11301 11650 11986 11693 11846 11462 11406 11610 12056 12483 11913 11847 12109 11503 11936 11990 11793 11920 11702 12605 12121 12117 11226 12203 11906 12558 12010 11869 12312 12092 11584 12046 11918 11573 11943 11680 11283 11989 12209 11803 12023 12313 12470 11995 12737 12375 11549 11348 12222 11597 12012 12501 12472 11942 11729 12228 12174 11823 11806 12463 12127 11656 12002 12417 12334 12373 12351 11956 12172 12197 12059 12136 12165 11823 12155 12413 11203 12113 12180 12088 12055 11562 12038 11490 11964 11869 12093 12292 11815 11741 12568 11730 12563 12005 12263 12153 12029 11947 11958 11669 11680 12065 12278 11977 12258 12030 11621 12458 12177 12057 11911 12097 12299 12056 12627 11709 11860 12028 12187 11590 11981 11384 11711 12407 12438 11972 11976 12046 11599 12183 12082 11877 12185 12414 11991 12381 12525 12125 12166 12056 12297 12540 12161 12719 12407 12022 11907 12057 11758 12635 11876 11674 12316 11847 12359 11537 11867 11595 12267 11962 12117 11891 12000 11912 11571 11573 11833 11828 11572 11839 11730 11907 11931 12078 12651 11640 12536 12440 11895 11619 12813 12279 12107 11917 11838 11791 11803 12443 12917 11908
12233 12231 11801 12371 11838 11939 12193 12116 12319 11749 11552 11960 11864 12195 12452 12089 12432 11931 11938 11293 12384 12265 12191 12775 12338 12320 12355 12282 12386 11482 12193 12258 12220 11865 11756 11227 11845 12302 12220 11956 12427 12109 11838 12581 12693 12245 12112 11692 12324 11851 12581 11925 12311 11858 12386 12076 12252 12694 12139 12165 12061 12208 12402 11759 12339 12128 11610 11558 12763 12311 12150 12244 12062 12648 12381 12564 11801 12699 12043 11975 12191 11957 12239 11755 11607 12330 11643 11655 12756 12259 11758 11679 12516 12489 12625 12270 12288 12428 12289 12374 11881 12368 11380 12716 12146 12199 11970 11967 11988 11731 11636 12096 11938 12683 11879 11996 12212 11525 12345 11744 11647 12680 12089 12075 12458 11874 12428 11469 11771 11969 11959 11703 11728 12357 12070 11328 11614 12136 11893 12888 12196 12696 12633 12145 12410 12225 12378 12931 11877 12400 12322 12073 12401 11818 11992 11707 11970 12269 12167 11932 11892 11629 12111 11787 12524 11834 12163 12213 12412 12291 11974 12335 11943 12333 11753 12333 12210 12270 11621 11768 11840 12123 11836 11686 11779 11608 12179 11451 11911 11789 11996 11889 11631 12688 12261 12105 12132 12649 12262 12759 12017 12174 11792 12016 12910 12284 12461 12264 12731 12241 11806 11635 12205 12305 11965 11444 11591 11957 12319 12483 12291 12236 12448 11738 12201 12078 11432 12277 12231 12740 12168 12519 11675 12388 12119 12391 11762 12308 11981 12310 11862 12383 12337 11866 12391 11835 11303 11959 12050 11365 12318 12392 12420 12030 13061 12382 11406 11399 11983 11990 12255 12855 12274 11679 11588 12772 12333 11743 11911 12284 12199 11676 12133 12173 12307 12220 12699 11621 11994 12658 12250 12202 12330 11989 12287 12500 11426 12135 12396 12572 12079 11277 12043 11745 12231 12102 12370 12368 11733 11792 12220 12222 12695 12402 12610 12688 12080 12105 12078 11654 11467 12267 12464 12452 12258 12238 12122 12601 12952 12416 12035 12202 12181 12523 12380 12358 11736 12483 12307 11822 12376 11478 12004 12444 12470 11867 12216 12553 11741 12152 11757 12374 12443 12767 12485 12624 12786 12310 12178 12050 12595 12582 12116 12812 12296 11741 11955 11939 12318 12113 12010 11940 12515 12038 12167 11925 11593 11985 12294 12179 12274 11989 12234 12625 11690 11702 12337 11761 11409 11843 12013 12000 12238 12856 12452 11962 12496 12659 12702 11832 12613 12391 12475 12109 11826 11771 12007 12861 12823 12414
12867 12562 12545 13250 12312 12354 12688 13146 12777 12491 12245 12217 12545 12380 12649 12507 12417 12159 12426 11966 12356 12706 12707 13067 12971 13146 12704 12359 12829 12128 12594 12647 12830 12595 12267 11779 12050 12512 12888 12378 12921 12588 12461 12898 13683 12590 12525 12190 13396 12270 13164 12143 12385 12254 13342 12698 12749 13073 12411 12528 12389 12801 12807 11963 12534 12557 11921 11942 13221 12679 12506 12859 12437 12785 13083 13338 12234 12623 12716 12446 12296 12443 12567 12433 12146 12790 12245 12391 12968 12965 12506 12378 13077 13204 13207 12383 12347 12269 12975 12863 12268 13062 11933 12912 12480 12706 12716 12733 12659 12389 12483 12486 12273 13179 12936 12637 12520 12263 12918 12359 11967 13411 12789 12667 12931 12478 13057 12182 12360 12410 12556 11974 12438 12724 12736 11956 12352 12526 12446 13169 12858 13112 12981 12911 12314 13061 12929 13088 11780 13009 12902 12403 13106 12810 12683 12368 12388 13097 12798 12338 12231 12265 12692 12369 13204 12634 12519 13018 13045 12371 12959 12839 12287 12616 12295 12781 12917 12848 12153 12226 12148 12476 12532 12613 12556 12464 12292 12123 12105 12308 12631 12210 12342 13053 12709 12490 12375 13209 13014 13115 12693 12866 12264 12563 13040 12496 12931 12569 13176 12987 12153 12231 12888 12565 12686 12005 12059 12461 12843 12964 12389 12389 12999 11868 12708 12543 11822 12847 12880 13110 12594 12971 12527 12751 12700 13266 12431 12416 12888 12692 12325 12976 12493 12292 12875 12617 11945 12981 12554 12128 12699 12726 12916 12578 13298 12830 11671 11852 12678 12322 12648 13457 12710 12522 11989 13463 13252 12383 12235 12778 12958 11764 12693 12826 12459 12910 13224 12239 12606 13169 12673 12686 12859 12402 12559 13026 12229 12566 12804 12829 12861 11941 12741 11876 12853 11940 12840 13207 12346 12020 12800 12456 13233 12625 12763 12727 12381 12615 12530 12280 12290 12480 12892 12517 12522 12564 12195 13048 13087 12979 12319 12707 12681 12545 13025 12497 12588 12849 12763 12324 12634 11659 12294 12818 12960 12544 12787 12710 12472 12616 12448 12969 12682 12745 12791 12955 13054 12221 12667 12870 13114 12893 12703 13386 13306 12254 12440 12404 12578 13101 12344 12626 12945 12609 12667 12202 12484 12295 12937 13037 12564 12328 12689 12903 12065 11987 12859 11851 12094 12417 12242 12251 12865 13332 12990 12251 12814 13406 12845 12183 13275 12862 12635 12545 12347 12583 12319 13109 13619 12555
12582 12570 12152 12425 11976 12006 12769 12578 12389 12301 12063 11618 12398 12139 12447 12610 12498 12240 12188 11369 12248 12742 12625 12660 12895 12606 12382 12154 12267 11691 11838 12529 12816 12144 12175 11461 11656 12126 12586 11921 12586 12376 12311 12702 13304 12623 11974 11932 12891 12015 12712 12087 12217 12126 12803 12110 12273 12748 11855 12475 12431 12461 12439 12065 12266 12526 11907 11453 12578 12519 12269 12395 11932 12783 12753 12860 12149 12687 12731 11743 12205 12128 12543 12072 12071 12582 11815 11928 12556 12382 12202 12253 12917 12730 12826 12384 12371 12282 12845 12513 11974 12285 11469 12864 12174 12082 12304 12143 12094 12215 11767 12328 12330 12559 12471 12076 12532 11739 12448 12230 11798 12776 12771 12251 12216 12008 12768 12100 12089 12354 12590 11470 11986 12402 12338 11769 12054 12456 12173 13355 11972 12819 12435 12413 12638 12740 12545 12793 12006 12890 12366 12096 12632 12454 12079 11976 12136 13114 12745 12386 12276 11901 12706 12379 12555 12298 12032 12607 12649 12181 12655 12505 12225 12334 12093 12465 12424 12818 12166 11962 11951 12178 12341 11768 12035 12256 11876 11956 12349 12107 12153 11642 12383 12399 12344 12127 12004 12914 12677 12853 12097 12238 12148 11928 12654 12249 12545 12603 12845 12645 11772 11976 12640 12189 12447 11521 11788 12206 12479 12698 12002 12440 12322 12092 12484 12272 11960 12248 12352 13030 12186 12552 11838 12631 12390 12712 11762 12482 12674 12554 11815 12492 12050 11964 12382 12177 11735 12232 12200 11607 12128 12509 12698 12089 13233 12768 11619 11409 12634 12023 12708 12613 12494 12119 11987 12549 12715 12155 12051 12713 12208 11874 12458 12645 11893 12537 13085 12280 12150 12836 12035 12428 12463 11902 12563 12344 11870 12416 12692 12242 12515 11704 12273 11701 12656 12181 12795 12596 12208 11973 12770 12597 12994 12354 12867 12834 12046 12201 11995 11931 11940 12143 12275 12388 12310 12178 12337 13070 12748 12672 12322 12545 12861 12094 12670 12643 12027 12241 12374 12370 12618 11548 12287 12719 12858 12344 12000 12311 11931 12407 12326 12287 12579 12704 12486 12995 12612 12083 12555 12636 12612 12873 12575 12971 12563 12154 12261 12190 12518 12254 12125 11918 12751 12113 12191 12284 12267 12161 12607 12438 12489 12232 12302 12275 12118 11539 12025 12166 11954 11898 12018 12132 12663 12751 12746 11982 12728 12794 12754 12099 13090 12075 12618 12164 12175 12171 12415 12605 13152 12375
11946 12046 11936 12629 11774 11991 12320 12241 12167 11734 11458 11357 11998 11840 12237 11852 12366 11733 12095 11329 12216 12173 12349 12457 12191 12068 11540 11978 12238 11914 12116 12264 12348 11936 11768 11014 11752 11774 12327 11538 12432 12238 12030 12361 12706 12320 11899 11799 12441 11944 12475 11670 12158 11705 12444 12000 12420 12648 11549 12361 12099 12048 12001 11742 12151 12367 11496 11518 12126 12287 11826 12369 11753 12584 12311 12472 12013 12261 12050 11834 12086 11916 12320 11514 11405 12264 11653 11639 12632 12318 11722 11692 12415 12446 12336 11934 11816 11961 12479 12352 11958 12514 11298 12615 11792 12009 12079 11812 12232 11952 11489 11976 12175 12685 12051 11863 11902 11583 12178 11630 11357 12029 12156 12278 12243 11539 12604 11662 11810 11928 12071 11536 11447 11977 12081 11445 11954 11926 11670 12637 11967 12707 12090 12057 12168 12600 12198 12598 11853 12725 12547 11811 12370 12284 12095 11632 11912 12315 12228 12241 11578 11719 11869 12175 12291 12148 11512 12436 12441 12190 12011 12026 11893 12272 11643 12310 12097 12489 11511 11521 11958 11848 12289 11837 11989 12041 11863 11630 11884 11578 12356 11661 11848 12328 12457 11875 11849 12901 12134 12897 11904 12438 11451 11917 12731 11968 12284 12314 12724 12337 11631 11428 12214 11800 11900 11491 11608 12056 12453 12297 11897 12395 11838 11401 11931 12079 11779 12351 12090 12607 12133 12215 11778 12271 12111 12411 11760 11719 12103 12188 11700 12622 11954 11887 11969 11887 11674 11847 12004 11580 12074 11865 12265 12153 12649 12519 11561 11464 12169 11690 12209 12710 12383 11788 11622 12543 12155 11897 11829 12282 12168 11608 12223 12238 12113 12435 12328 11624 12060 12425 11694 12283 12474 11893 12030 12287 11632 11912 12155 12130 12328 11383 12035 11710 12132 11672 12532 12251 11563 11642 12594 11850 12536 11982 12458 12382 11737 12032 11621 12007 11814 12043 12143 12115 12037 12120 11582 12542 12238 12251 11889 12568 12283 11787 12394 12154 11672 12255 12091 11912 12046 11442 11758 12111 12342 11538 12025 12069 11584 12059 12048 12127 12213 12457 12264 12522 12690 12269 12044 11887 12463 12326 12069 12922 12623 12004 12122 11823 12036 12385 11877 12033 12441 12260 12093 11771 12012 11844 12465 12334 12185 11700 12043 12180 11630 11406 12191 11518 11532 11603 11858 11662 11966 12434 12414 11738 12463 12480 12316 11521 12719 12056 12225 12085 11805 11770 11750 12506 13022 12468
11912 12103 11629 12210 11751 11652 12057 12357 11929 11794 11338 11357 12071 11490 12145 12100 12102 11457 12041 11157 11986 12162 12550 12162 11914 12209 11670 11708 12310 11576 11785 11990 12362 11992 11634 11211 11242 12264 12096 11797 12258 12014 11955 12346 12950 12212 11814 11594 12397 11689 12323 11631 11803 11599 12062 11885 11924 12584 12060 12234 11768 12160 12185 11656 11974 12076 11473 11223 12228 12203 11800 12110 11677 12264 12136 12582 11553 12304 12261 11868 12084 11669 12301 11664 11802 12537 11860 11688 12332 12160 11981 11410 12462 12460 12548 12050 12273 12010 12323 12214 11879 12356 11197 12283 11738 11963 11934 11832 11864 11776 11274 11912 11868 12371 12203 11818 11825 11221 11990 11724 11327 12517 12138 12110 11920 11758 12253 11465 11808 11589 12125 11634 11777 11832 12078 11587 11499 11714 11814 12737 11794 12509 12078 11922 12181 12640 11954 12463 11678 12202 12142 11571 12469 11906 11931 11256 11609 12364 12205 11781 11779 11469 12080 11512 12139 12089 11817 12348 12267 11903 12343 12135 11681 12302 11645 12199 12216 12020 11960 11435 11589 11910 11941 11588 11934 11875 11612 11394 11717 11573 12039 11588 11605 12051 12002 11893 11803 12634 11916 12289 11880 12536 11332 11779 12223 11595 12186 12271 12555 11990 11452 11775 12026 11843 11869 11254 11497 11837 12305 12551 11876 12072 12054 11033 12126 11646 11463 12264 12101 12600 12323 12159 11367 12258 11965 12431 11572 12141 11848 11960 11650 12206 11735 11532 12233 11651 11142 11567 12070 11574 12101 12165 12393 12199 12431 12280 11460 11303 12023 11743 12105 12493 12170 11923 11751 12487 12412 11679 11602 12126 12160 11769 12025 12311 12040 11890 12449 11834 12165 12237 12001 12205 12312 11646 11825 12316 11414 12037 12281 12205 12170 11137 12021 11556 11922 12006 12181 12186 11628 11448 12395 11599 12591 12034 12105 12388 11791 12405 11882 11511 11630 12015 12116 12091 12272 12086 11761 12222 12082 12098 11779 12397 12151 12179 12439 11933 11628 12671 12059 11693 11976 11298 11742 12182 12652 11761 12140 12074 11603 11970 11890 11741 12259 12438 11834 12541 12405 11960 12105 12541 12386 11839 12162 13073 12554 11885 11993 11686 11833 11927 11906 11692 12434 11986 12253 11864 11685 11782 12213 12248 12186 11940 12103 11955 11522 11524 12020 11367 11302 11810 11569 11855 12028 12211 12356 11528 12420 12566 12069 11527 12630 12301 12115 11983 11520 11576 11953 12474 12539 12107
12637 12666 11998 12437 11886 12132 12350 12401 12484 12175 11810 11788 12358 11769 12131 12377 12281 12102 12356 11678 12160 12528 12287 12533 12253 12347 12366 12239 12088 11781 12306 12168 12717 12313 11929 11462 11805 12196 12595 11894 12376 12354 12262 12405 12847 12318 11746 11689 12747 11968 12811 12228 12155 11690 13103 12070 12125 12599 11737 12224 12372 12299 12238 12023 12150 12407 11545 11396 12366 12318 12019 12287 11689 12500 12492 12651 12113 12193 12563 12074 12393 11994 12508 12014 12004 12530 12020 12038 12769 12486 11957 11940 12531 12799 13010 12723 12345 12136 12524 12195 12218 12403 11325 12820 12101 12032 12347 12776 12178 12112 11782 12227 12095 12589 12316 11943 12419 11753 12282 11821 11798 13068 12378 12352 12637 11894 12647 12043 12135 12262 12389 11556 11839 12397 12180 11731 11838 11995 11861 12956 12300 12578 12694 12391 12335 12642 12074 12644 11997 12778 12732 11965 12446 12331 12166 12017 12051 12519 12445 12161 12098 12159 12505 12247 12538 12160 12085 12687 12529 12495 12579 12518 11848 12320 11822 12380 12760 12211 11708 11973 12050 12011 12211 12267 12578 12211 11848 11804 12020 11664 12211 11745 12002 12578 12407 12495 12176 12566 12392 13055 12078 12115 11757 11868 13222 12530 12577 12654 12472 12169 11660 11664 12552 12281 12295 11847 11973 11710 12480 12526 12177 12067 12613 11994 12575 12239 11671 12415 12038 12580 12205 12624 11617 11978 11902 12955 11963 12173 12370 12183 12144 12395 12297 11943 12363 12052 11742 11994 12521 11609 12399 12678 12585 12006 13037 12271 12028 11588 12201 11904 11968 12614 12694 11910 11990 12861 12749 11614 12124 12144 12057 11837 12584 12488 12363 12440 12769 12322 12294 12520 12333 12262 12783 11869 12411 12540 11715 12296 12408 12473 12462 11575 12341 11612 12340 11783 12610 12703 11914 12087 12816 12151 12760 12177 12490 12409 12154 12253 11595 12017 11828 12025 12612 12523 12179 12286 12092 12831 12510 12586 11913 12231 12750 12423 12462 12444 11679 12399 12758 11950 12641 11509 12071 12382 12641 12082 12489 12699 12041 12208 12253 12175 11949 12876 12439 12507 12688 12213 12338 12542 12400 12560 12345 13312 12737 11758 12243 12212 12118 12604 12181 11819 12554 12387 12404 12076 11991 12044 12618 12568 12237 12096 12379 12485 12099 11937 11845 11498 11683 11766 12163 12061 12299 12663 12610 11805 12548 12926 12646 12038 12873 11910 12620 11843 11960 11669 12603 12531 12840 12378
11916 11810 11395 12184 11528 11600 11690 12294 11744 11623 11317 11425 11764 11520 11964 11946 11354 11298 11927 10889 11616 12102 11915 12069 11961 11982 11585 11727 11627 11282 11583 11842 12387 11926 11553 10738 11405 11770 11758 11443 12001 11861 11784 11917 12518 11916 11591 11406 12225 11807 12132 11685 11939 11552 12353 11658 11741 12287 11471 11763 11800 11791 11650 11528 11922 12022 11286 10878 12076 11837 11721 11872 11293 12498 12138 12146 11813 11924 11761 11760 11651 11761 11709 11617 11665 12269 11396 11434 12342 11933 11612 11518 12395 12439 11997 12044 12017 11657 11792 11809 11846 11880 11102 12218 11570 11767 11269 11852 11634 11587 11264 11691 11843 12101 11776 11624 11460 11013 11927 11544 11136 12414 11633 11701 11992 11466 11803 11490 11737 11513 12038 11488 11387 11897 11667 10971 11507 11675 11545 12461 11761 12499 12069 12026 11609 12355 11741 12223 11028 12030 11696 11399 12336 11772 11518 11451 11437 12195 11856 12251 11456 11489 11715 11452 12186 11567 11575 11891 12235 11731 11975 12108 11637 11674 11280 12030 11921 12202 11277 10953 11532 11692 11444 11850 11541 11704 11711 11178 11608 11516 11464 11594 11404 12144 12158 11916 11415 12383 11710 12634 11489 12066 11123 11452 12359 11920 12042 11898 12274 11884 11591 11423 11912 11808 11507 11231 11446 11608 12029 12059 11833 11531 12058 11274 11827 11749 11193 12057 12215 12452 11731 11992 11234 11995 12050 12239 11737 11490 11877 11733 11492 11971 11780 11428 12166 11540 11071 11940 11847 11320 12010 11851 12070 11611 12488 12106 11345 11184 11853 11671 11984 12232 12131 11627 11503 12352 11995 11264 11023 11936 11772 11379 11985 11912 11987 11932 12245 11581 11587 12137 11744 12020 12257 11349 11932 12133 11259 12106 11923 11941 11890 11355 11966 11231 11749 11342 11834 12029 11352 11568 11760 11588 12294 12101 11897 12147 11613 11761 11315 11544 11667 11714 12092 11640 11855 11648 11404 12169 12251 11903 11393 11827 12024 11785 11682 12097 11299 11792 11829 11422 11965 11338 11481 12072 12209 11808 11637 11958 11603 11594 11624 11686 11880 12129 11832 12030 12114 11636 11703 11827 11856 12199 11812 12277 12127 11444 11634 11603 11689 11995 11838 11159 12025 11582 11958 11489 11986 11587 12357 12016 12050 11380 11814 11748 11314 11132 11954 11099 11277 11378 11298 11595 11576 12311 12082 11234 11973 12497 12183 11508 12610 12002 11752 11808 11452 11629 11602 12255 12367 11760
11675 11774 11246 11802 11005 11518 11623 11851 11385 11195 10755 11149 11215 11372 11567 11653 11404 11311 11364 10339 11344 11749 11394 11779 11298 11690 11267 11563 11285 11207 11367 11556 11822 11389 11077 10709 10486 11146 11619 10956 11539 11560 11117 11308 12206 11397 11389 10943 11719 11225 11654 11148 11201 11169 11967 11070 11258 11809 11311 11704 11054 11577 11534 11100 11058 11290 11004 10719 11642 11543 11138 11668 10940 11620 11805 11914 11187 11573 11471 11061 11277 10931 11422 10851 10795 11696 11076 11362 11614 11470 11317 10943 11887 12015 11812 11646 11233 11346 11277 11381 11290 11712 10870 11811 11021 11665 11316 11305 11284 11182 10805 11428 11314 11769 11531 11588 11082 10746 11360 10934 10755 11877 11321 11524 11672 11077 11225 10884 11308 11302 11716 10578 11045 11343 11290 10675 10907 11011 10965 12092 11384 11750 11756 11371 11429 11732 11270 11938 10880 11791 11734 11374 11504 11516 11210 10998 11291 11525 11711 11308 11378 11167 11041 11127 11647 11410 11282 11928 11692 11321 11497 11442 11384 11260 11107 11586 11649 11423 10772 11148 11207 11683 11169 11160 10845 10937 11254 10860 10899 10867 11131 11427 11328 11893 11314 11082 11117 11793 11506 11690 11400 11705 10913 11346 11482 11477 11834 11498 11758 11400 10855 10881 11496 11422 11308 10837 11080 11243 11431 11594 11419 11439 11294 11021 11336 11194 10870 11729 11571 12041 11586 11527 10771 11637 11324 11819 11431 11380 11332 11162 11329 11482 11507 10960 11560 11046 10998 11164 11267 10994 11530 11606 11412 11116 12136 11578 10785 10863 11445 11244 11362 11829 11525 11169 10893 11472 11860 11083 11302 11732 11404 11002 11404 11553 11717 11347 11982 11054 11220 11683 11597 11444 11692 11033 11488 11739 10932 11053 11143 11562 11534 10889 11759 11165 11569 10820 11619 12022 11255 10929 11632 11393 11873 11481 11596 11721 11211 11081 11033 11059 11201 11287 11575 11496 11577 11413 10978 11747 11844 11940 10941 11331 11908 11549 11823 11380 10708 11427 11334 11241 11890 10770 11416 11838 11813 11427 11337 11361 11139 11431 11287 11663 11649 11810 11362 11692 11807 11529 11262 11744 11483 11614 11359 12343 11466 11248 11501 11242 11437 11615 11050 10895 11683 11324 11616 10980 11080 11201 11666 11478 11541 10756 11561 11419 11155 10858 11263 10833 10590 10847 11269 11193 11302 11505 11735 10844 11775 11957 11822 11284 11826 11498 11642 11354 11188 11111 11071 11692 12275 11464
11917 11846 11837 12210 11422 11686 11974 12499 12039 11683 11509 11245 12309 11493 11697 11879 11891 11659 11572 11211 11445 11919 12042 12150 12288 12456 11995 11920 11793 11520 11738 11988 11776 11806 11450 11190 11442 11919 12333 11410 12449 12201 11796 12037 12718 11944 11655 11297 12441 11857 12249 11621 11666 11657 12219 11971 11893 12382 11189 11922 12034 12168 12046 11652 11785 11652 11439 10952 12268 11844 11977 12376 11344 12136 12183 12487 11429 11962 12070 11848 11962 11694 12253 11283 11448 12185 11338 11652 12073 11801 11596 11608 12035 12209 12271 11755 11975 12081 12113 11927 11754 12066 10970 12490 11411 11968 11865 11639 11566 11264 11585 11687 11343 12010 11710 11576 11343 11173 12068 11582 11646 12452 12308 11798 12013 11640 12293 11532 11564 11403 12193 11284 11791 11721 12009 11219 12042 11854 11459 12674 12136 12220 11864 12039 11785 12181 11818 12002 11420 12329 11927 11450 11835 11948 11661 11825 11676 12535 11963 11452 11554 11300 11821 12081 12237 11828 11525 12286 12079 11658 12016 11933 11602 11793 11253 11988 11874 12236 11580 11309 11397 11975 11927 11647 11651 11565 11435 11471 11693 11577 12110 11569 11303 12030 11776 11762 11803 12584 11886 12048 11921 11848 11413 11748 12403 11710 12399 12156 12145 12014 11329 11374 11997 11947 11866 11246 11629 11492 11981 11747 11564 11864 11968 11551 12062 11905 11451 11976 11789 12578 11712 12180 11155 11897 11642 12565 11829 11564 11887 12009 11810 11837 11670 11235 11685 11835 11114 11659 11995 11554 11942 12209 12258 11891 12425 12160 10967 11152 12097 11645 11850 11862 11805 11341 11244 12285 12305 11302 11944 12274 11729 11385 12121 12056 11864 12161 12426 11710 11727 12025 11750 11857 12336 11426 11646 12312 11397 11728 12060 12137 12122 11358 11668 11210 11832 11673 12086 12063 11706 11337 11813 11965 12334 12067 12315 12456 11888 11805 11671 11706 11574 12008 12076 12145 11929 12028 11730 12753 12492 12219 11947 11770 12102 12086 12444 12035 11618 12165 12148 11794 11922 11220 11843 12025 12125 11754 11966 12010 11414 11768 11587 12195 11719 12426 11905 12110 11949 11507 11841 12115 12379 11957 12258 12534 11969 11631 11571 11511 11925 12140 11745 11404 11925 11550 11956 11559 11425 11467 12209 12081 11962 11748 11899 11898 11365 11088 11680 11276 11340 11435 12072 11472 11943 12496 12161 11534 12405 12399 12138 11388 12366 11650 12147 12041 11387 11754 11711 12103 12784 11960
11528 11437 11479 11842 11244 11474 11732 11686 11892 11421 11282 11197 11080 11244 11770 11770 12073 11123 11159 10805 11410 11714 11967 12048 11482 11555 11598 11175 11769 10958 11624 11786 12257 11597 11553 10722 11146 11575 12001 11253 11815 11839 11398 11813 12304 11811 11407 11098 11886 11264 11959 11369 11315 11084 11799 11545 11759 12009 11264 11502 11480 11313 11799 11717 11614 11668 10962 10818 11894 11593 11653 11498 11069 11914 11978 12014 11404 12010 11444 11449 11545 11115 11854 11417 11272 11704 11087 11178 11813 11891 11556 11260 11961 11805 11951 11680 11891 11413 11701 11881 11378 11368 10384 12065 11285 11632 11469 11803 11654 11453 11149 11308 11270 12128 11706 11461 11471 11079 11640 11124 11190 12079 11764 11635 11887 11232 11823 11384 11412 11584 11658 11070 11136 11618 11500 11142 11167 11588 11320 12133 11343 12097 11674 11337 11315 11804 11585 12175 11048 11887 11967 11399 11882 11710 11339 11224 11586 11910 11956 11632 11383 10969 11737 11551 11961 11441 11398 11877 12077 11793 11700 11893 11435 11556 11340 11780 11789 11894 11225 11122 10927 11505 11096 11274 11512 11288 10933 10949 11609 10952 11232 11080 11205 12072 11856 11302 11388 12153 11782 12155 11504 11540 11121 11395 12366 11441 11763 11694 12078 11498 11091 11224 11835 11334 11516 11141 11188 11371 11814 11905 11235 11666 11867 11268 11648 11431 11328 11778 11475 12224 11634 11946 11018 11819 11169 12137 11387 11727 11698 11590 11379 12119 11594 11158 11635 11289 11328 11409 11727 11106 11845 11921 11974 11701 12123 12079 11207 11634 11710 11237 11770 12122 12045 11525 11594 11837 11891 11200 11290 12016 11637 11004 11522 11409 11649 11799 12030 11436 11685 12148 11770 11872 12091 11562 11714 11812 11052 11554 11813 11887 11781 11228 11717 11103 11614 11604 11730 12065 11569 11015 11966 11654 12292 11972 11997 11617 11195 11734 11430 11404 11218 11790 11757 11613 11518 11721 11131 12100 11861 11899 11537 11554 12010 11507 11807 11633 11206 11568 11616 11368 11524 10951 11277 11912 11708 11344 11773 12071 11250 11586 11745 11644 11635 11800 11544 11866 12324 11642 11403 11528 11902 11915 11677 12309 11809 11645 11479 11124 11760 11820 11496 11480 12114 11529 11604 11357 11445 11323 12177 11781 11935 11148 11712 11581 11052 10996 11615 11120 10940 11167 11550 11318 11555 12080 11910 11131 12107 12123 11632 11321 12072 11613 11628 11068 11296 11395 11031 11899 12329 11778
12779 12640 12529 12723 12008 12117 12645 12461 12467 12102 12127 12017 12340 12104 12746 12381 12375 12281 12361 11783 12335 12738 12829 12889 12594 12651 12139 12449 12595 11776 12735 12557 12605 12461 12298 11753 11840 12624 12948 12042 12615 12609 11931 12806 13320 12511 12714 12076 13003 12280 12804 11995 12317 12049 12869 12463 12576 13034 12053 12656 12418 12468 12826 12065 12623 12308 11700 11919 12624 12810 12708 12709 12373 12804 12704 12994 12437 12448 12711 12524 12500 11986 12574 11986 12110 12851 11826 12267 12773 12498 12226 11949 12607 13070 12815 12685 12137 12222 12367 12459 12452 12587 11895 12933 12324 12476 12319 12225 12306 12281 12282 12365 12474 12743 12369 12101 12188 11827 12751 11779 11836 13094 12393 12329 12667 12103 12861 12112 12331 12275 12673 11784 12200 12393 12409 12141 11973 12275 11856 13418 12358 12827 12671 12412 12289 12882 12463 12955 11957 12893 12536 12257 12600 12404 12498 12103 12141 12454 12810 12443 12231 11947 12618 12174 12771 12372 12399 12773 12712 12550 12768 12733 12290 12455 11937 12426 12243 12620 12182 11937 12040 12344 12465 12028 12265 12132 12136 11771 12321 11982 12391 12039 12050 13170 12491 12488 12414 13240 12594 13193 12485 12864 12102 12110 12953 12580 12896 12548 13061 12457 11811 11879 12505 12362 12333 12195 11876 12221 12578 12874 12316 12459 12903 11702 12347 12554 11741 12346 12475 12875 12366 12619 11968 12658 12266 12912 12511 12278 12295 12632 11662 12851 12627 12037 12428 12318 11758 12634 12411 12108 12722 12659 12768 12530 12839 12772 11745 11800 12510 11987 12287 13007 12726 12607 12188 12914 12715 12413 12024 12555 12529 11693 12475 12527 12536 12545 12921 12309 12587 12794 12816 12768 12671 12161 12239 12708 11946 12440 12533 12687 12582 12105 12535 11839 12546 12027 12820 12751 12069 11999 12536 12794 12990 12716 12636 12861 12359 12558 12524 12163 11915 12544 12590 12695 12413 12513 11927 12794 12743 13052 12617 12404 12560 12382 12979 12447 12203 12629 12492 12508 12486 11799 12009 12576 12828 12604 12248 12533 12311 12567 12184 12456 12142 12692 12493 12746 12724 12385 12246 12445 12909 12893 12822 13225 13182 12368 12479 12044 12542 12593 12471 12088 12879 12635 12771 11962 12193 12105 12884 12281 12557 12391 12594 12586 11829 11897 12405 11923 11599 12194 12291 12282 12585 12939 12885 11944 12601 13113 12497 12176 12923 12607 12552 12477 12128 11986 12316 12922 13496 12539
12296 12387 11697 12458 11784 12062 12651 12492 12189 11904 11809 11592 12084 12076 12055 12023 12298 11956 12188 11442 11931 12548 12275 12384 12384 12391 12191 12003 12554 11682 11847 12010 12548 11956 11696 11081 11514 12020 12377 11764 12126 12170 12069 12323 13000 12484 12094 11690 12432 11506 12458 11487 11588 11765 12679 11906 12111 12317 11524 12024 11978 12175 12206 11963 12156 12228 11671 11331 12350 12171 11957 12330 11544 12288 12209 12496 11962 12237 12147 12045 12224 11798 12404 11302 11593 12285 11832 12036 12338 12118 11938 11629 12541 12504 12484 12150 12042 11944 12329 12404 11933 12606 11373 12584 12244 12171 11929 12026 12091 11991 11201 12217 11857 12420 12020 11910 12042 11363 12136 11795 11573 12773 12207 12124 12307 11406 12451 11480 11754 12085 12521 11304 12006 12219 12343 11714 11739 12212 11875 12613 12017 12526 11987 12202 12148 12659 12164 12637 11730 12541 12478 11503 12226 12002 11969 11647 11806 12366 12115 12196 11645 11710 12208 12270 12241 11901 11995 12398 12364 12242 12399 12278 11645 12240 11636 11704 12213 12523 11523 11837 11790 12036 12010 11695 11644 12209 11600 11398 11926 11337 12176 11854 12013 12539 12249 11910 11805 12793 12546 12800 12001 12332 11672 11745 12825 12121 12315 12089 12489 12264 11622 11661 12220 12001 12017 11389 11614 11810 12561 12623 12177 12191 12183 11780 11916 12034 11629 12056 12190 12850 12156 12303 11615 12151 11803 12403 11972 11938 12199 11948 11675 12410 12198 11779 12307 12070 11732 11755 12092 11744 11994 12413 12341 12078 12534 12784 11460 11495 12197 11695 12327 12333 12664 11784 11690 12275 12213 12275 11943 12290 11890 11497 12176 12205 11948 12387 12362 11967 11949 12740 11933 12373 12466 12119 11954 12125 11869 12075 12053 12325 12084 11633 12073 11616 12406 11863 12121 12415 11905 11478 12621 11955 12719 12355 12570 12395 11981 11872 11957 11784 11833 12165 12418 12010 11903 12170 11822 12555 12647 12518 12020 12083 12377 11796 12420 12284 11577 12242 12382 12149 12146 11473 11845 12298 12640 12029 12057 12108 11577 11810 11802 12122 12179 12333 12284 12472 12682 11886 12290 12264 12209 12195 12202 13351 12781 11894 12042 11971 11935 12161 12149 11679 12395 11901 12030 12126 11588 11936 12226 12119 12089 12020 11962 12010 11766 11444 11982 11505 11330 11692 11314 11912 12073 12576 12367 11393 12320 12527 12551 12130 13001 12533 12469 11958 11689 11633 12018 12538 12887 12558
11792 12020 11907 12055 11617 11908 12090 12198 11839 11609 11622 11391 11835 11578 11652 11701 11811 11543 11491 11274 11836 12015 12213 12247 12045 11840 11826 12017 11919 11411 11952 12096 12010 11316 11696 11061 11641 11696 12362 11383 12276 12002 11563 12027 12605 11877 11896 11677 12501 11472 12197 11782 11499 11651 12227 12227 11865 12209 11724 11780 12285 11695 11843 11574 11860 12108 11453 11290 12090 11729 11699 12274 11675 12202 12067 11915 11627 12198 11632 11561 12190 11696 12350 11562 11357 12018 11560 11808 12260 12130 11697 11481 12122 12200 12604 11822 11701 11912 11847 12046 11886 12028 11100 12237 11592 11731 11870 12109 11400 11474 11410 11484 11704 12190 11855 11628 11662 11206 11843 11701 11254 12357 11816 11724 11801 11432 12396 11494 11563 11579 11966 11300 11742 11975 12141 11290 11570 11786 11580 12618 11549 12413 12279 12289 12231 12452 11857 12334 11813 12282 12041 11722 12310 12035 11829 11859 11664 12209 11685 12135 11617 11326 11836 12030 11937 11775 11732 12378 12276 12242 12068 11887 11790 12043 11469 12051 11930 12152 11126 11474 11248 11688 11483 11650 11591 11459 11482 11430 11662 11147 11708 11651 11864 12225 11733 11768 11527 12559 12270 12551 11663 11977 11369 11734 12523 11808 12668 12099 12403 11787 11304 11490 12102 11646 11906 11128 11268 12253 12107 12112 11555 11927 11911 11680 11869 11804 11403 11839 11898 12177 11731 11954 11434 12203 11964 12496 11576 11898 11806 11826 11678 11926 12048 11676 11711 11620 11381 11983 12098 11547 11982 11647 12252 11785 12198 12264 11155 11478 11946 11811 11714 12335 12178 11628 11696 12142 12106 11398 11544 12218 11875 11302 11934 12198 11999 12054 12228 11432 11799 12312 11688 11817 12221 11777 12329 12278 11522 11875 11790 12232 11824 11577 11883 11522 11993 11734 12034 11955 11698 11391 11903 11841 12736 11974 11945 12340 12019 12017 11670 11916 11432 12112 12122 11913 12123 11447 11529 12556 12268 12241 11777 11564 12354 11805 12125 11823 11513 12252 12346 11803 11816 11243 11409 12228 12389 11790 11983 11897 11835 11798 11831 11796 11634 12173 11746 12143 12326 11779 12064 11928 12349 12055 11833 12655 12631 11488 11710 11592 12035 12045 11858 11549 12281 11925 11981 11646 11316 11660 12091 11880 12253 11480 11828 11897 11380 11471 11486 11712 11389 11773 11548 11680 11908 12099 12210 11564 12216 12458 12473 11721 12375 12134 12324 11753 11812 11326 11763 12260 12624 12011
12141 11986 11857 12469 11610 11607 12226 12312 12055 11747 11473 11962 11766 11518 11881 11859 12042 11667 11851 10978 11970 12098 12357 12382 11891 12128 11780 12242 11952 11583 11616 11780 12354 11727 11366 11009 11524 12099 12216 11241 12151 12098 11595 12034 12808 11930 11498 11367 12387 11574 12395 11663 11838 11519 12395 11850 11683 12614 11565 12034 11875 12360 12344 11505 12172 12152 11185 11104 12222 11576 11537 12059 11599 12060 12418 12515 11944 12226 12106 12259 11915 11924 12375 11570 11360 11932 11608 11759 12536 11935 11844 11613 12185 12585 12449 12142 11712 11869 12066 12157 11805 12290 11201 12210 11966 11589 11835 11863 11828 11704 11204 11793 11686 12363 11864 11531 11653 11316 12221 11422 11472 12449 11982 12057 12072 11861 12191 11355 11825 11931 12222 11650 11309 11755 11771 11410 11672 11538 11605 12731 12132 12297 12163 11956 11546 12272 11772 12601 11433 12229 12272 11519 12108 12264 11777 11443 11967 12173 12194 12203 11582 11631 11878 11813 12164 11559 11827 12460 12241 12122 12237 12034 11747 11950 11505 12001 12087 12164 11487 11496 11783 11690 11937 11616 12064 11757 11494 11230 11802 11416 12347 11718 11662 12570 12180 12043 12098 12697 12156 12530 11965 12138 11259 11873 12639 11983 12156 12243 12590 11929 11006 11472 12362 11584 11671 11150 11514 11946 12444 12478 11688 12103 12202 11256 12126 11718 11599 12018 12024 12387 12016 12280 11391 12194 11731 12331 11831 11791 12056 12097 11614 12156 12054 11612 11833 11586 11289 11644 12170 11763 11896 12140 12147 11806 12452 12271 11121 11408 12020 11500 11887 12574 12421 11645 11663 11881 12239 11640 11503 11826 12129 11251 12107 12334 11983 12124 12489 11878 11843 12595 11781 11952 11794 11868 12080 11978 11441 12046 12184 11961 12169 11587 12058 11397 12125 11709 12147 12088 11646 11438 12355 11726 12581 11956 12211 11962 11683 11734 11857 11612 11584 12219 12347 11987 11718 12125 11649 12552 12582 12241 12037 12105 12320 11831 12079 12325 11446 12265 11954 11558 12090 11019 11647 12173 12477 11795 11973 12000 11826 11818 11725 12203 11730 12359 11988 12311 12295 11685 12010 12287 12306 12043 12254 12644 12298 11791 12139 11811 11710 12147 11999 11956 12490 11874 11957 11718 11698 11912 12245 12090 12164 11638 12122 12172 11757 11431 12089 11578 11356 11682 11481 11679 11940 12289 12718 11585 12497 12310 12236 11915 12567 12194 12063 11578 11786 11520 11733 12401 12534 12292
12405 12854 12190 12747 12153 12035 12414 12672 12382 12385 11862 12207 12147 12161 12742 12740 12581 12216 11981 11642 12609 12431 12651 13056 12473 12860 12229 12234 12429 12025 12274 12158 12858 12123 12278 11624 11882 12090 12510 12142 12608 12616 12301 12505 13176 12459 12325 12113 12916 12183 12923 12182 11904 12004 12797 12231 12423 12845 12234 12638 12582 12361 12790 12237 12739 12267 11378 11390 12805 12280 12193 12253 12068 12496 12791 12878 12139 12736 12429 12357 12485 12168 12741 12098 11907 12761 11984 12157 12650 12926 12187 12182 12926 12653 13157 12501 12542 12389 12470 12823 12324 12321 11408 13008 12014 12243 12506 12609 12335 12296 12011 12216 12237 13067 12386 12279 12292 11774 12462 11728 11663 12918 12538 12554 12738 11836 12903 12035 12102 12448 12474 11901 11925 12407 12403 11691 11786 12425 11962 13091 12377 12583 12815 12526 12431 12812 12522 12719 12007 12803 12755 12345 12749 12331 12648 11863 12337 12928 12482 12852 12108 12077 12380 12330 12736 12349 12170 12788 12474 12518 12787 12450 12051 12803 12405 12545 12490 12728 11884 12263 11807 12486 11979 12513 12250 12242 12055 11653 12098 11930 12302 12291 12050 12690 12585 12470 12187 13073 12574 13253 12188 12613 11957 12150 13014 12545 12740 12365 13033 12463 12087 12028 12687 12100 12554 11553 11741 12160 12766 12894 12159 12629 12857 11983 12451 12226 12038 12574 12399 13104 12082 12670 11683 12491 11968 13139 12248 12332 12227 12560 11872 12650 12383 12206 12370 12282 12016 12301 12411 12107 12874 12605 12653 12355 12766 12614 11769 11902 12464 12045 12323 13032 12647 12220 12142 12657 12953 11865 12208 12447 12288 12018 12513 12798 12456 12350 13023 11963 12277 12895 12336 12510 12885 12044 12628 12585 11614 12551 12517 12835 12617 11658 12123 12076 12671 12143 12870 12866 11929 11980 12754 12303 13075 12531 12916 12370 12163 12492 12325 12365 12243 12359 12320 12161 12607 12218 12203 12929 12980 12647 11995 12203 12764 12413 12697 12274 12343 13046 12683 12241 12756 11660 12109 12681 12765 12285 12556 12632 11733 12397 12434 12337 12463 12411 12572 12671 12559 12255 12247 12566 12492 12535 12475 13432 12934 12098 12546 12044 12386 12584 12442 12172 12637 12398 12500 12403 12117 12270 12591 12600 12554 12187 12287 12628 11769 11704 12244 11939 11927 11917 12256 12236 12728 13045 12597 12150 12973 13099 12605 12180 13264 12297 12904 12254 12226 12044 12314 12980 13352 12858
11515 11366 11425 12067 11157 11413 11818 11682 11582 11193 11224 10935 11486 10953 11495 11427 11613 11120 11233 10520 11401 11579 11932 11885 11554 11986 11349 11412 11348 10904 11571 11643 12048 11175 10792 10715 10925 11390 11615 10938 11394 11712 11261 11658 12147 11198 11330 11128 11781 11111 11791 11297 11338 11201 12005 11356 11457 11980 11210 11230 11466 11535 11723 11110 11536 11216 10846 10878 11525 11308 11322 11679 11083 11857 11786 11853 10927 11451 11441 11460 11406 11531 11662 11017 11164 11482 11060 11162 11654 11592 10997 11066 11721 11707 11896 11710 11264 11319 11616 11688 11423 11660 10952 11605 11419 11296 11186 11473 11625 11115 10803 11164 11179 11939 11429 11336 10990 10835 11696 11005 11223 11774 11642 11220 11870 10798 11720 11328 10991 11639 11258 11100 10773 11390 11321 10751 11075 11262 11089 12038 11374 11813 11337 11694 11343 11988 11491 11829 11051 11940 11500 11097 11427 11467 11003 11120 11207 11835 11451 11247 11460 11092 11425 11328 11602 11035 11448 11751 11914 11683 11574 11472 11051 11615 11303 11640 11376 11613 10939 10976 10984 11395 11076 11085 11066 11134 11018 10860 11352 10805 11331 11181 10932 11787 11667 11380 10992 12017 11540 11667 11000 11570 11310 11134 12046 11610 11805 11532 12169 11502 10930 10877 11365 11346 11475 11178 11088 10944 11548 11596 11245 11176 11809 11003 11726 11372 10981 11310 11524 11990 11388 12057 10818 11677 11484 11841 11007 11676 11326 11522 11311 11678 11190 11306 11594 11369 10815 11071 11603 11166 11496 11659 11978 11423 11922 12048 10965 10736 11455 11226 11550 11654 11774 11185 11121 11946 11712 11262 10793 11879 11432 10941 11576 11506 11527 11584 11849 11150 11801 12021 11296 11783 11471 11330 11464 11531 10798 11627 11639 11752 11533 10932 11719 11236 11472 10873 11748 11506 11297 11031 11701 11494 11762 11365 11711 11739 11290 11613 11317 11025 10916 11358 11524 11340 11744 11178 11018 11957 11677 11793 11076 11540 11524 11625 11867 11497 11011 11347 11506 10920 11737 11011 11229 11636 11717 11462 11621 11424 11188 11796 11377 11349 11243 12059 11649 11897 11811 11378 11368 11385 11752 11669 11581 12054 11962 11364 11327 11110 11416 11865 11333 11227 11714 11614 11408 11122 11374 10722 11457 11406 11277 11358 11555 11639 10879 10907 11347 10920 10647 11326 11051 11455 11047 11785 11565 10848 11644 11883 11483 11382 11987 11770 11612 11164 11315 11360 11185 11820 12209 11596
12478 12298 12425 12589 12364 12132 12598 12544 12527 11926 11950 12006 12288 11745 12650 12531 12422 11795 12408 11586 12384 12827 12617 12929 12473 12481 12353 11979 12677 11642 12402 12450 12622 12117 11896 11643 11947 12102 12761 12044 12660 12340 12063 12521 13394 12505 11947 11950 12887 11988 12636 12056 12305 12107 12618 12301 12463 13081 12453 12704 12189 12371 12662 12213 12605 12499 11698 11446 12589 12272 12380 12437 12213 12822 12826 12921 12002 12424 12394 12392 12202 12154 12365 12175 11610 12603 11723 11874 12748 12439 11752 12007 12965 12600 12694 12454 12364 12046 12294 12717 12327 12194 11647 12927 12007 12144 12197 12279 12248 12335 11772 12153 12363 12804 12244 11983 12032 11657 12631 11767 11695 12744 12513 12123 12693 12193 12408 12176 12262 12126 12743 11487 12285 12479 12137 11725 11687 12124 11930 13529 12271 12877 12758 12368 12102 12618 12278 13016 11941 12678 12634 11853 12831 12508 12514 11992 12133 12802 12435 12638 11881 12072 12104 12221 12727 12188 12162 12546 12615 12203 12564 12592 12305 12454 11676 12430 12371 12478 11589 11997 11676 12038 11918 12119 12291 12232 12043 11681 12047 11739 12481 11922 11884 12777 12279 12289 11875 12929 12612 13282 11736 12741 11892 12114 12734 12266 12372 12187 12752 12472 11650 11774 12517 12557 12139 11579 11956 12242 12561 12931 12244 12350 12361 11888 12119 12106 11845 12341 12284 12667 12088 12518 11583 12716 12417 12786 11995 12235 12126 12284 11872 12542 12222 12089 12266 12038 11839 12071 12362 11745 12535 12390 12527 12260 12940 12658 11740 11336 12589 11997 12481 12591 12719 12122 11834 12505 12873 12051 12219 12663 12360 11749 12577 12419 12408 12551 12774 12334 12427 12751 12156 12187 12647 12063 12367 12658 11705 12338 12557 12164 12346 11748 12289 12122 12418 12216 12452 12773 11851 11966 12468 12371 13063 12480 12720 12395 12341 12137 12099 11918 12017 12348 12590 12757 12349 12506 11942 13133 12711 12537 12024 12621 12593 12287 12606 12383 11878 12382 12657 12022 12494 11879 12156 12504 12708 12164 12464 12512 12252 12151 12100 12143 12319 12451 12292 12574 12946 11904 12449 12445 12666 12582 12379 13086 12721 12573 12165 12124 12391 12149 12124 11941 12615 12382 12273 12536 11755 11961 12739 12256 12731 11988 12323 12389 12114 11417 12230 11830 11811 11895 11949 12108 12147 12833 12836 11854 12325 12820 12654 11944 13098 12414 12550 12374 12013 12021 12160 12815 13081 12761
12574 12384 12230 12642 11991 11897 12678 12385 12450 11957 11784 11893 12280 11908 12191 12523 12498 12004 12184 11448 12255 12619 12885 13062 12333 12562 12184 12300 12650 11753 12256 12303 12476 12075 11947 11464 11578 12122 12256 12022 12554 12346 12166 12533 12699 12340 12124 11970 12732 11791 12576 12176 12269 11811 12605 12484 12257 12960 11981 12618 11953 12458 12294 12272 12460 12317 11896 11378 12827 12072 12281 12675 11945 13031 12678 12785 12313 12715 12798 12293 12396 12004 12542 12126 12076 12488 11995 11843 12488 12310 12124 11916 12456 12730 12720 12569 12450 12371 12332 12391 12047 12762 11776 12905 12404 12235 12285 12266 12294 12038 11890 12368 12291 12856 12482 12144 12064 11832 12800 11939 11859 12877 12391 12176 12996 11939 12442 11859 12109 12178 12431 11665 12173 12355 12411 11864 12181 12058 11859 13232 12326 12645 12354 12745 12211 12678 12507 12875 11701 13064 12781 11975 12415 12423 11844 11806 12749 12529 12436 12151 12233 12012 12250 11947 12421 12480 12118 12386 12896 12302 12639 12700 11961 12287 12019 12483 12460 12335 11721 12149 11771 12296 12071 12073 12373 11983 11938 11877 11837 11844 12490 11807 12112 12894 12342 12373 12426 13266 12638 13033 11923 12418 11690 12022 13033 12342 12303 12474 12723 12491 11995 11684 12174 12233 12189 11854 12065 12074 12426 12611 12173 12393 12733 11547 12358 12551 12044 12402 12141 12880 12278 12836 11559 12397 12261 12975 12115 12463 12553 12263 11919 12447 12219 11854 12270 12177 11583 12034 12072 12235 12423 12642 12302 12178 12943 12296 11888 11846 12281 12024 12658 12759 12837 12015 11891 12658 12816 11927 11909 12673 12378 11788 12551 12588 12585 12516 12953 12094 12307 12899 12303 12649 12524 12188 12376 12454 11749 12507 12506 12069 12603 11734 12508 12053 12306 12200 12586 12676 11866 11797 12558 11973 12770 12405 12608 12586 11690 12301 12579 11944 11948 12327 12338 12481 12448 12396 11926 13049 12637 12530 12208 12663 12442 12337 12623 12451 12350 12528 12376 12122 12208 11634 12018 12369 12721 12119 12154 12368 12322 12235 12336 12594 12358 12795 12511 12873 12496 12203 12043 12493 12765 12362 12770 13177 12491 11948 12324 12322 12296 12614 12381 12219 12639 12145 12368 12087 12100 11848 12418 12501 12446 12099 12702 12092 12035 11638 12517 12126 11872 12197 12180 12362 12404 12593 12860 11922 12635 12492 12617 12090 12986 12469 12414 12480 12135 12149 12048 12986 13238 12399
12419 12509 12312 12944 11987 12080 12741 12743 12755 12185 12166 12326 12681 12521 12511 12527 12735 12346 12213 12013 12693 12819 12858 13059 12649 12690 12116 12417 12656 11986 12285 12443 12918 12359 12149 11648 12079 12456 12738 12434 12991 12525 12210 12485 13363 12664 12260 12336 13031 12007 12964 12006 12014 12120 12736 12570 12767 12972 11884 12732 12562 12325 12554 12012 12569 12471 11984 11707 12552 12478 12246 12657 12071 12949 13021 13223 12313 12801 12586 11941 12442 12187 12506 12175 12042 12667 12134 12337 13231 12566 12576 12105 12919 12742 12934 12333 12660 12485 12918 13067 12185 12727 11584 13202 12413 12594 12477 12527 12401 12141 11797 12572 12681 12709 12499 12458 12193 11803 12795 12271 11846 13075 12890 12646 12793 12225 12958 12260 12481 12501 12485 12190 12063 12295 12352 12068 12346 12122 12205 13332 12380 12712 12864 12654 12423 13028 12473 13069 12102 13121 13176 12616 12694 12555 12537 12166 12212 12671 12839 12471 12289 11784 12801 12321 12804 12480 12565 12973 12906 12570 12915 12972 12227 12627 12114 12936 12732 12808 12129 12221 12089 12449 12653 12165 12116 12271 11850 12264 12860 12032 12581 12106 12320 12845 12576 12173 12460 12906 12784 13087 12610 12263 11922 12343 13257 12664 12897 12548 13178 12454 12008 12132 12629 11819 12596 12201 11993 12551 12650 12814 12320 12788 12926 12139 12570 12304 12070 12636 12524 13173 12432 12981 12297 12626 12297 13089 12533 12494 12414 12473 12232 12601 12123 11999 12590 12474 12065 12457 12808 11746 12645 12793 12785 12402 13290 12934 12028 11952 12478 12334 12626 13231 12773 12595 12163 13091 13007 12312 12243 12470 12733 12275 12564 12651 12451 12384 13057 12301 12432 13070 12578 12746 12783 12211 12756 13048 11922 12390 12790 12645 12677 12086 12607 11921 12789 12317 12838 12869 12365 12303 13071 12385 13056 12631 12703 12429 12226 12644 12030 12084 12389 12633 12601 12419 12276 12208 11789 12942 12989 12885 12085 12355 12974 12428 12931 12713 12499 12696 12543 11972 12613 11833 12246 12770 12982 12070 12162 12684 12169 12580 12384 12697 12334 12874 12430 12854 13007 12793 12500 12618 12757 12755 12472 12989 13168 12111 12670 12319 12275 12783 12793 12463 12944 12448 12507 12536 12432 12250 12867 12779 12508 12059 12706 12480 12064 12148 12439 12226 12175 12386 12552 11914 12557 12946 12874 12145 12815 13318 13013 12043 13486 12671 12928 12330 12240 12398 12443 13075 13578 12618
11845 11568 11765 12054 11458 11959 11954 11916 11915 11460 11648 11272 11868 11648 11934 11866 11899 11495 11931 11111 11837 12261 12073 12145 12049 12060 11655 11660 11734 11695 11678 11568 12058 11649 11551 10952 10949 11611 12006 11230 11990 11751 11745 11776 12493 11987 11518 11819 12397 11425 12136 11339 11703 11487 11815 11850 11964 12332 11681 11762 11740 11753 11921 11680 11691 11999 11366 11198 12070 12158 11733 12002 11490 12458 12195 12023 11645 12093 11786 11299 11950 11662 12138 11789 11450 12152 11492 11506 12451 11902 11699 11622 12454 11914 12321 11912 12019 11507 11741 12224 11559 11770 11357 12457 11636 12105 11746 11861 11950 11812 11347 11786 11705 12010 11987 11767 11392 11382 12145 11707 11175 12359 11849 11679 12123 11476 12061 11389 11747 11391 12092 11438 11956 11777 11733 11059 11510 11713 11794 12239 11893 12177 12176 12012 11847 12111 11684 12165 11702 12319 12035 11743 12020 11735 12056 11464 11230 12302 11862 11859 11706 11488 11602 11861 11806 11896 11569 12372 12219 11791 12159 11830 11653 11869 11383 12008 12017 12011 11216 11393 11273 11711 11513 11489 11774 11651 11518 11490 11628 11673 11780 11772 11705 12007 11437 12087 11987 12376 11843 12545 11601 11931 11419 11264 12496 12169 12196 12242 12201 11778 11634 11393 11967 11949 11733 11423 11253 11820 11788 12216 11871 11496 11778 11442 12217 11700 11421 12238 11925 12255 11845 12057 11284 11944 12021 12369 11603 11738 11904 11352 11516 11793 11817 11447 11815 11650 11177 11620 11514 11351 11889 12177 12083 11975 12362 12084 11077 11183 11771 11537 11940 12231 11841 11739 11450 12111 12038 11626 11744 12516 12034 11453 11502 12194 11881 11780 12232 11589 11997 12316 11884 11964 12182 11732 11840 12380 11425 11781 12214 11635 12059 11191 12031 11089 11589 11497 12258 12342 11405 11438 11967 11923 12562 12024 12050 12293 11496 11670 11606 11328 11485 11723 11738 11926 11878 11615 11658 12300 12146 12248 11529 12070 12000 12143 12363 11890 11573 11969 12011 11551 11909 11082 11616 11868 12147 11641 11920 11827 11456 11944 11393 11917 11849 12006 11738 12344 12639 11957 11826 12227 12000 11846 12008 12607 12052 11764 11540 11656 11926 11923 11628 11493 12096 11720 12074 11683 11642 11530 11888 12141 11882 11677 11959 11736 11228 11351 11690 11484 11351 11536 11358 11519 11615 11990 12405 11325 11850 12212 12166 11568 12462 11900 12089 11960 11716 11263 11523 12109 12698 12064
12234 12505 12064 12802 12136 12182 12384 12609 12014 12292 12017 11846 12242 12314 12305 12442 12208 12277 12198 11594 12174 12610 12632 12862 12211 12802 12123 12143 12401 11889 12277 12566 12370 12311 11943 11468 11775 12193 12647 11712 12421 12292 12156 12273 13067 12324 12232 11431 12668 11912 12554 11933 12320 12095 12743 12460 12436 12847 12068 12254 12446 12056 12536 11944 12304 12514 11859 11540 12633 12600 12358 12439 11804 12526 12455 12684 12124 12564 12261 12122 12092 12022 12404 11955 12396 12515 12499 12503 12735 12473 12090 11725 12623 12729 12900 12115 11993 12297 12618 12279 12089 12434 11734 13093 11795 12490 12312 12395 12063 12205 11582 12306 12078 12637 12584 12272 12123 11371 12665 11710 11713 12787 12717 12290 12519 12286 12877 11821 12090 12074 12673 11547 12218 12273 12472 11886 12203 12319 11875 12912 12354 12573 12624 12198 12262 12875 12191 12705 11804 12647 12446 11947 12628 12400 12214 12067 11657 12544 12103 12282 12162 11978 12431 12236 12508 12257 12366 12682 12579 12031 12467 12423 12094 12389 11898 12494 12351 12466 11942 11727 11626 12160 12320 12021 12259 11994 11624 11608 11812 12244 12256 12032 11844 12747 12606 12161 12314 12780 12131 12558 12091 12468 11851 11771 12703 12176 12734 12838 12862 12606 11768 11815 12435 12231 12153 12097 12069 12275 12354 12854 12245 12290 12554 11626 12195 12175 11506 12356 12385 12988 12457 12437 11581 12632 12445 12931 12304 12480 12549 12142 12222 12489 12022 12186 12310 11921 11656 12270 12384 11840 12234 12853 12584 12426 12578 12645 11787 11896 12311 12030 12502 12796 12401 12226 11682 12778 12600 12030 12234 12713 12358 11693 12477 12576 12508 12315 12746 12067 12110 12899 12233 12275 12467 12035 12415 12442 11688 12555 12636 12495 12354 11559 12183 11886 12376 12064 12597 12407 11825 11977 12511 12424 12871 12549 12670 12486 12053 12504 12077 12057 11950 12289 12217 12443 12129 12248 11841 12529 12932 12953 12373 12181 12495 12125 12319 12131 11821 12570 12427 12226 12080 11377 12080 12630 12542 12410 12242 12515 11751 12007 11941 12386 12364 12788 12121 12932 12453 12041 12670 12477 12573 12646 12285 12868 12808 12357 12163 12134 12348 12305 12240 12242 12674 12223 12184 12183 12001 11942 12752 12352 12065 12025 12309 12579 11832 11666 12452 11757 11711 11791 11706 11897 12330 12454 12797 11825 12436 12914 12412 12291 12974 12370 12362 12568 11955 12215 12175 12419 13288 12725
12027 11969 11959 12393 11935 11518 12376 12167 12010 11776 11753 11336 11919 11732 11821 12012 12056 11782 11944 10972 12127 12096 12258 12449 12185 12213 11946 12205 11843 11460 11688 12341 12386 12230 11841 11221 11534 11886 12299 11754 12128 12298 11811 12084 12645 12009 11689 11450 12463 11725 12740 11646 11485 11603 12228 11895 11946 12566 11433 12007 11766 12092 12209 11775 12034 12047 11312 11123 11989 11982 11743 12184 11526 12130 12631 12375 11901 12233 12023 12145 12096 11709 12050 11465 11753 12458 11701 11818 12219 12218 12013 11619 12442 12095 12649 12035 12069 11629 12112 12500 11791 12224 11237 12315 11878 11670 11982 11740 11912 12002 11231 11798 12031 12162 11854 12004 11982 11683 12188 11777 11199 12553 12270 11861 12143 11681 12217 11661 11622 11825 12057 11390 11727 11769 11962 11355 11497 11793 11210 12567 12066 12382 11916 12077 12215 12532 12089 12279 11660 12189 12290 11693 12222 11966 11850 11623 12004 12289 12195 11806 11779 11672 11692 11790 12003 12172 11835 12315 12391 11876 12074 12272 11608 12296 11668 12163 12141 12399 11199 11341 11375 11938 11539 11965 11951 11958 11626 11203 11887 11510 12266 11734 11712 12501 12125 12199 11993 12414 12292 12489 11762 11911 11565 11714 12597 11975 12194 12163 12547 12055 11497 11483 12095 11893 11877 11350 11367 11349 12082 12307 11984 12130 11975 11581 11954 12172 11580 12080 12095 12333 11719 12272 11387 12386 11877 12506 11966 11799 12099 12187 11625 12110 11925 11511 11873 11570 11311 11675 11899 11845 12129 11952 12194 11910 12490 12094 11174 11512 11996 11830 11977 12600 12670 11763 11723 12485 12209 11674 11600 12732 11979 11594 11863 12080 12047 11868 12649 12152 11984 12618 11974 11941 12263 11800 12220 12158 11487 12063 12157 12094 12162 11440 11790 11731 11772 11403 12328 12533 11401 11401 12168 11758 12679 11984 12194 12368 11585 11943 11755 11743 11547 11893 11958 11961 12142 11825 11775 12244 12453 12103 11546 12164 12593 11793 12118 12140 11868 12373 11964 11855 11904 11245 11752 12106 12639 11725 11966 12092 11538 12026 11629 12096 12173 12266 12275 12349 12365 11866 11945 12188 12232 12273 12370 12920 12483 11850 11937 11804 12106 12155 11630 11823 12190 12040 12117 11813 11967 11546 12096 11889 12232 12140 11862 11850 11509 11173 11809 11471 11342 11675 11710 11830 12221 12368 12216 11287 11991 12390 12171 11655 12851 11891 12032 12320 11624 11565 11816 12302 12819 12423
12121 12042 12017 12867 11542 12061 12115 12481 12186 11781 11754 11844 12131 11808 12293 12272 12338 11737 12074 11257 12182 12245 12348 12598 12440 12469 11987 12087 12244 11755 12376 12259 12663 11949 12116 11222 11480 11969 12480 11481 12338 12234 11601 12435 12571 12072 11940 11683 12792 11687 12643 11747 11914 11582 12568 12168 12377 12647 11897 12371 12093 12472 12112 11935 12148 12261 11470 11547 12390 12019 11715 12292 11842 12422 12527 12683 11781 12455 12277 11889 12105 11931 12364 12107 11452 12098 11727 11763 12605 12248 12081 11907 12412 12382 12586 12135 12162 11891 12210 12252 12051 12237 10914 12475 11775 12072 11713 12063 12040 11940 11738 12137 12016 12761 12236 11663 11973 11284 12434 11471 11214 12314 12348 11969 12150 11844 12451 11819 12022 11669 12042 11502 11806 12060 12221 11177 11730 11855 11782 12870 12468 12676 12152 12459 12074 12757 12330 12705 11839 12577 12365 11577 12309 12167 11940 11852 11845 12258 12206 11910 11941 11708 12171 12041 12413 11791 11658 12524 12313 12297 12410 12284 11752 12159 11750 12300 12186 12302 11718 11866 11710 11901 11962 12045 11904 11827 11930 11568 12004 11672 12044 11412 11966 12503 12346 11785 11772 12738 12597 12651 12096 12304 11655 11986 12485 12013 12665 12389 12460 11757 11671 11637 12109 11785 12090 11437 11741 12053 12324 12476 11948 12237 12484 11531 12176 12021 11696 12135 12026 12701 11957 12286 11434 12211 12263 12356 12057 12222 12206 11896 11817 12435 11849 12031 12002 11916 11397 12208 11947 11663 12267 12293 12226 12221 12671 12542 11320 12006 12076 11681 12061 12577 12377 11781 11614 12250 12482 11944 11894 12464 12123 11365 12174 12363 11784 12181 12727 11714 12260 12328 12362 12733 12211 12145 12293 11963 11769 12040 12291 12491 12122 11793 12244 11903 12069 12076 12341 12442 11641 11581 12737 12352 12659 11981 12696 12197 12042 12275 11756 11589 12131 12281 12359 12067 11956 11956 11813 12571 12485 12220 12170 12450 12290 12124 12528 12374 11713 12334 12412 11853 12299 11452 12125 12286 12455 11938 11819 12266 11861 12155 11949 12323 12163 12510 12234 12573 12291 11968 12296 12081 12340 12227 12438 12986 12554 11653 12078 11902 12284 12447 12064 12078 12429 12243 12058 12038 11926 11575 12609 12033 12171 12041 12107 12127 11811 11837 11898 11799 11410 11726 11840 11849 12047 12918 12854 11999 12274 12703 12219 11737 12734 12195 12356 11905 11920 11986 11755 12580 12970 12111
12080 11987 11621 12545 11340 11882 12200 12192 11883 11531 11574 11184 11970 11519 12020 12125 12102 11525 11913 11253 11572 12219 12258 12201 11801 12221 11709 11524 11872 11758 12022 12197 12511 11626 11679 10598 11562 11663 12271 11308 11935 11851 11644 12358 12726 12085 11733 11499 12573 11708 12312 11718 11884 11524 12442 11980 12137 12406 11581 12049 11977 11759 11786 11560 11646 11956 11549 11200 12088 11939 11675 12279 11664 12374 12230 12265 11785 12153 11660 11987 12313 11715 12202 11578 11427 12269 11417 11702 12443 11943 11429 11530 12267 12277 12519 12033 11993 11761 12263 11878 12012 11989 11535 12492 11732 11841 11761 11814 11770 11334 11643 11720 11826 12313 12085 11627 11627 11494 11836 11332 11217 12238 12067 11937 12147 11528 11963 11502 12125 11535 12058 11217 11771 11830 12029 11486 11585 11796 11548 12841 11884 12233 12252 12050 11943 12146 11819 12150 11229 12421 12051 11792 12093 12110 11835 11614 11781 12401 12373 11867 11627 11489 12059 11842 12038 11804 12089 12089 12321 12005 12291 12210 11923 12077 11400 12241 12093 12213 11278 11775 11497 11452 11657 12031 11907 11685 11421 11481 11803 11155 11847 11341 11659 12466 12198 11936 11643 12311 12392 12678 11773 12261 11623 11539 12173 11833 12283 12155 12472 12182 11373 11371 12038 11951 11626 11555 11439 12127 12072 12363 11771 11844 11666 11502 12093 11567 11177 11933 12237 12208 11723 11781 11307 12163 11951 12242 11512 11706 12105 12021 11429 12237 12070 11541 11730 11342 11494 11865 11950 11722 11854 12044 12109 11865 12509 12358 11084 11169 12027 11648 12002 12526 12356 11632 11666 12293 12109 11675 11826 12202 11755 11569 12256 11950 12193 12216 12105 11774 11966 12300 11815 12115 12144 11905 12068 11995 11539 11617 11950 11838 12002 11459 11829 11543 11942 11493 12323 11865 11698 11915 12261 11937 12662 12061 12024 11823 11459 12011 11828 11584 11654 11696 12030 11943 11706 11766 11435 12666 12060 11994 11730 12265 12355 11998 12167 11989 11401 12041 12246 11862 12088 11138 11510 12192 12111 12048 11759 12144 11459 11891 11830 11827 11837 12034 12016 12087 12211 11831 11933 11815 12265 12490 12277 12760 12437 11701 12066 11871 11618 12265 11784 11739 12265 11894 11998 11755 11716 11542 12512 12321 12045 12016 11864 12021 11437 11137 11901 11462 11330 11933 11636 11732 11624 12121 12349 11643 11727 12599 12136 11633 12462 12300 12064 11604 11815 11571 11971 12120 12631 12114
11992 11924 11551 12031 11094 11342 11673 11808 11796 11673 11446 11677 11651 11267 11846 11631 11763 11084 11550 10729 11674 11965 12069 12371 11910 11973 11319 11547 11694 11570 11879 11654 12189 11464 11573 10815 11284 11290 11978 11233 11685 11906 11452 11783 12490 12032 11381 11459 12376 11408 12194 11409 11611 11446 12207 11852 11701 12280 11542 11702 11411 11572 11830 11682 11660 11901 11340 10952 11674 11770 11563 11686 11585 12046 12265 12745 11823 12260 11589 11606 11791 11534 11885 11842 11210 12025 11417 11613 12036 11708 11669 11660 12438 12097 12465 11694 11402 11226 12150 11881 11442 11821 10725 12068 11623 11806 11585 11652 11926 11615 11209 11621 11539 12039 11532 11578 11622 11065 11761 11296 11291 11783 11779 11939 11919 11519 11655 11329 11574 11515 11913 11409 11762 11818 11511 11042 11472 11436 11354 12176 11696 12272 11908 11929 11368 12537 11850 12402 11420 12162 11641 11643 12013 12025 11904 11199 11632 11950 11862 11563 11441 11551 11718 11856 12042 11461 11476 12106 11893 11879 12193 11924 11828 11460 11631 11816 11950 11636 11673 11469 11358 11212 11561 11195 11325 11631 11418 11023 11732 11176 11453 11621 11725 11901 11776 11546 11477 12507 11536 12354 11447 11831 11491 11334 11940 11456 11868 11997 11992 11607 11221 10878 11686 11845 12027 11446 11476 11589 12061 11966 11737 11690 11595 11205 11954 11669 11161 11807 11925 12262 11712 11829 11234 11823 11474 12255 11874 11833 11517 11887 11332 12282 11719 11341 11779 11386 11002 11754 11844 11447 12027 11928 12000 11694 12363 11796 11272 11264 11932 11224 11778 11933 11731 11678 11643 12524 12174 11508 11595 12181 11818 11284 11709 11780 11629 12045 12314 11609 11570 11747 11946 11784 11904 11424 11441 12129 11228 11564 11952 11814 12017 11545 11758 11327 11719 11464 12040 11884 11619 11204 11829 11460 12061 12105 11802 11886 11395 11740 11670 11429 11528 11562 11824 11872 11950 11675 11362 12040 12022 12079 11460 11612 11792 11758 12350 11960 11025 11761 11935 11566 11711 10713 11330 12129 12199 11445 12007 11694 11364 11741 11431 11770 11754 11694 11900 12103 12417 11820 11600 11714 11952 11973 12053 12123 12307 11439 11617 11521 11638 11841 11634 11362 12224 11565 11937 11429 11222 11820 12038 11995 11760 11522 12049 11535 10834 11122 11535 11421 10992 11321 11286 11460 11733 12068 11974 11395 11863 11886 12117 11428 12573 11920 11801 12091 11656 11651 11124 12220 12585 11489
12028 11852 12043 12233 11932 11706 11993 12218 11889 11598 11582 11529 11620 11656 11607 11612 11660 11506 11793 11367 11990 12201 12246 12055 12038 12150 11728 11716 12023 11125 11790 12013 12361 11848 11702 10773 11356 12092 12295 11427 11969 11999 11480 12295 12377 11845 11769 11626 12679 11517 12058 11734 11689 11421 12016 11589 11944 12387 11641 12027 12053 12103 12008 11678 11850 11976 11199 11149 12122 11882 11579 12131 11487 12174 12132 12099 11681 11998 11457 11543 11790 11631 12342 11475 11745 11995 11615 11574 12177 11914 11562 11575 12178 12059 12313 11733 11694 11726 12113 11978 11814 12136 10845 12158 11496 11447 11726 11498 11792 11528 11332 11504 12018 12324 12169 11443 11502 11156 11838 11380 11519 12526 12289 11782 11875 11354 12302 11664 11807 11520 11736 11263 11490 11601 11718 11342 11741 11757 11238 12532 11883 12076 12147 12176 11868 12049 11753 11966 11474 12210 12082 11266 12153 12052 11749 11529 11755 12076 12045 11900 11775 11542 11894 11790 12187 11620 11611 12206 12314 11992 12201 11892 11496 11937 11448 11903 11882 12186 11754 11246 11480 11622 11744 12211 11972 11558 11401 11572 11676 11179 12103 11408 11778 12341 12181 11735 11456 12555 12103 12556 11516 11957 11416 11863 12192 11866 12155 11756 12550 11908 11279 11446 12105 11536 11639 11153 11404 11687 11991 12346 11374 12008 12003 11155 12113 11781 11507 11994 11550 12565 11828 12249 11091 11930 11974 12489 11522 11749 12040 11540 11645 11947 11438 11739 11641 11854 11386 11855 11884 11325 11957 12199 11982 11678 12251 12302 11104 10994 12156 11539 11883 12358 12099 11587 11759 12188 12214 11468 11573 12183 11976 11240 11703 11919 11836 12040 12168 11570 11609 12207 11594 11831 11745 11393 11815 11853 11465 12121 12144 11826 12180 11211 11865 11815 12059 11633 12168 12136 11258 11530 11812 11694 12327 12074 12281 11886 11078 11948 11628 11813 11207 12018 12255 11881 11821 11722 11582 12429 11965 11952 11846 11686 11976 11922 12133 12207 11659 12048 11877 11636 11703 11163 11552 12232 12338 11533 12032 12319 11415 11615 11817 11906 11486 11937 12068 12122 12164 11612 11825 12197 12191 12135 12025 12741 12460 11527 11529 11612 11604 11997 11547 11677 12018 11950 11916 11621 11553 11705 12254 11913 12057 11687 11591 11842 11608 11114 11612 11353 11395 11771 11605 11609 11770 12327 12351 11296 12055 12198 12046 11502 12583 12070 12112 11615 11573 11496 11860 12061 12562 11941
12516 12625 12374 12688 12323 12290 12329 12603 12445 12245 11981 11898 12001 12015 12377 12567 12568 12377 12156 11828 12266 12900 12409 12890 12474 12780 12599 12615 12517 11893 12166 12563 12762 12173 12319 11394 11958 12583 12831 11841 12590 12230 12420 12468 13172 12702 12150 11834 12918 12110 13014 12126 12110 11786 12670 12735 12367 12912 12129 12558 12462 12287 12523 11971 12309 12408 11910 11731 12601 12587 12308 12465 12143 12766 12354 13021 12296 12716 12933 12244 12346 12131 12811 12014 11846 12525 12031 12423 12568 12299 12327 12083 12627 12884 12867 12721 12515 12253 12815 12447 12267 12591 11576 12786 12253 12622 12349 12537 12201 12524 11890 12225 12116 12628 12406 12169 11806 11538 12773 11821 11784 12788 12564 12440 12861 11904 12478 12065 12049 11896 12484 12067 12131 12193 12335 11894 12462 12436 12220 13188 12405 12865 12528 12645 12180 13028 12588 12660 11934 12834 12588 12057 12670 12218 12472 11910 12115 12503 12392 12441 11816 11933 12302 12360 12683 12318 12034 12704 12905 12726 12529 12485 12076 12418 12161 12551 12359 12505 12065 12194 11983 12226 12271 12092 12218 12058 11896 11805 12249 12131 12275 12021 12186 12492 12245 12295 12288 12949 12745 13171 12410 12414 11968 12355 12907 12611 12906 12727 12861 12373 11796 11722 12511 12310 12183 12069 12003 12124 12466 12772 12000 12344 12672 12071 12434 12443 11964 12640 12423 12751 12325 12648 11715 12691 12345 12911 12264 12274 12381 12319 12335 12651 12251 11927 12301 12128 11694 12120 12381 12053 12528 12578 12454 12468 12734 12724 11202 11950 12684 12119 12564 12945 12685 12123 11864 12533 12591 12273 12247 12894 12506 11853 12654 12878 12527 12381 12870 12221 12317 13006 12553 12463 12610 12169 12404 12761 12031 12694 12626 12394 12576 11655 12630 11973 12531 11723 12821 12917 12194 11779 12781 12492 13277 12341 12450 12505 12166 12590 12537 11885 12320 12374 12425 12389 12246 12418 12134 12897 12572 12846 12225 12710 12711 12431 12882 12649 12511 12863 12559 12169 12440 11753 12270 12610 12845 11935 12473 12415 12228 12713 12334 12505 12249 12408 12310 12728 13088 12447 12159 12682 12865 12896 12613 13358 12479 12148 12237 12266 12435 12811 12483 12252 12746 12362 12433 12230 11988 12173 12617 12571 12464 11975 12405 12189 11775 11933 12138 12172 11591 12132 12056 11910 12108 12903 12560 11849 12445 12850 12477 12012 13135 12599 12669 12122 12455 12185 11796 12642 13123 12661
11827 11747 11539 11979 11374 11553 11893 11948 11745 11566 11459 11264 11820 11452 11748 11918 11987 11552 11663 10974 11708 12215 11755 12250 12031 11907 11902 11866 11947 11679 11723 11508 12247 11597 11878 10948 10924 11774 12022 11110 11693 11668 11497 11941 12439 11899 11705 11936 12088 11755 12239 11166 11798 11512 12214 11699 11628 12166 11637 11964 11932 12032 11810 11861 11563 11623 11359 11136 11870 11645 11936 11850 11662 12091 12257 12293 11581 11799 11737 11815 11681 11740 12275 11422 11468 11791 11164 11461 12190 11766 11580 11401 12163 12172 12424 11740 11629 11838 12042 12075 11843 11975 10947 11906 11497 11778 11599 11673 11878 11384 11348 11658 11715 12302 11931 11361 11389 11194 11812 11522 11419 12082 11640 12113 11766 11223 12067 11138 11653 11567 11456 11602 11426 11959 11660 11172 11642 11859 11463 12599 11737 12786 11762 11806 12060 12437 11693 12247 11392 12286 11835 11546 11821 11801 11861 11268 11431 12020 12176 11835 11421 11347 11764 11832 11846 11591 11435 12293 12129 11912 12127 11721 11525 11827 11409 11867 11939 11776 11106 10947 11517 11471 11596 11432 11779 11812 11301 11200 11585 11488 11590 11665 11614 11968 12006 11679 11494 12177 12125 12340 11554 11868 11434 11331 12227 11814 12097 11898 12194 11713 11027 11198 11965 11528 12008 11073 11362 11664 12332 11960 11322 11680 11771 11406 11882 11624 11443 12033 11789 12081 11840 12020 11123 11847 11850 12265 11681 11544 12001 11543 11552 11812 11675 11575 11585 11677 11281 11984 11649 11677 12194 11971 11957 11643 12359 12270 11365 11279 12010 11337 11820 11851 12313 11677 11684 11846 12049 11654 11622 12541 11817 11431 11505 12131 11806 12179 12091 11430 11788 12160 11897 11672 12064 11596 11611 11992 11622 11664 12015 11822 11978 11277 11691 10987 11922 11566 12108 12109 11507 11454 12056 11503 12469 11840 12052 12455 11404 11964 11516 11353 11285 11535 12004 11683 11820 11789 11454 12290 12204 11965 11872 11691 11738 12030 12047 11909 11253 11860 11907 11552 11743 11108 11615 12032 12164 11531 11638 11704 11255 12104 11757 11520 11926 12192 11893 12347 12404 11856 11616 11801 11912 12007 12029 12760 12230 11511 11631 11633 11801 12265 11394 11346 11966 11738 11787 11443 11530 11626 11932 12218 11923 11418 11761 11742 11400 11059 11588 11202 11176 11702 11429 11548 11686 12174 12048 11447 11772 12421 11824 11550 12417 12237 12178 11524 11614 11530 11556 11786 12532 11818
11834 11942 11884 12203 11768 11682 12153 12203 11939 12105 11460 11478 11497 11835 11898 12040 11839 11667 11729 11165 11694 12244 12218 12650 11831 11919 11821 12143 11651 11695 12039 11768 12070 11850 11719 11280 11360 11746 12180 11486 11984 12087 11533 11800 12439 12144 11548 11620 12417 11532 12194 11472 11896 11470 12360 11730 12138 12298 11566 12045 12122 11747 12047 11694 11942 11808 11552 11269 12100 12098 11584 11989 11882 12100 12794 12198 11874 12373 11808 11680 11882 11452 12122 11604 11272 12256 11688 11659 12179 12083 11634 11720 12637 12350 12410 12064 11860 11568 11694 12096 11820 12110 10747 12075 11648 11655 11526 12065 11755 11662 11340 11809 11810 12253 12107 11943 11549 10961 12057 11438 11211 12675 11922 11672 12123 11341 12067 11668 11568 11578 11882 11124 11674 11790 11637 10973 11247 11512 11541 12689 12001 12235 11963 12062 11589 12543 11986 12055 11592 12278 12043 11741 11920 11968 11695 11464 11483 11872 11893 11827 11624 11621 12162 11936 12023 11791 11569 12200 12158 12026 12041 12409 11410 11795 11165 12249 12117 12232 11307 11501 11473 11483 11531 11974 11582 11894 11130 11429 11873 11632 11958 11783 11606 12011 11655 11640 11894 12190 12150 12652 11674 11836 11278 11845 12146 11748 12456 12231 12389 12096 11158 11761 12113 11283 11638 11654 11539 11732 12023 12360 11908 11707 12011 11470 11889 11651 11578 11876 12052 12379 11650 12445 11467 12110 12086 12658 11708 11969 11740 11583 11560 12049 11759 11635 11929 11539 11368 11572 11985 11527 11963 12214 11991 11714 12210 12251 11216 11414 12052 11561 11999 12261 12423 11600 11383 12195 12244 11798 11623 12173 11501 11348 11585 12123 11861 11915 12153 11669 11732 12051 12045 12182 11853 11751 11679 11889 11721 11576 12314 11824 11904 11463 11787 11371 11810 11400 12337 12404 11539 11204 12090 11556 12530 11878 12530 12201 11795 12160 11783 11593 11560 12064 11988 11777 11940 11881 11692 12351 12285 11869 11699 12125 12003 11996 12092 11818 11392 12277 11995 11395 12183 11487 11692 11770 12579 11691 11857 12023 11739 12044 11970 11792 11882 12150 11975 12416 12196 11622 11856 11760 12077 12181 12330 12449 12305 11444 11710 11964 11714 12138 11822 11524 12035 12050 11734 11622 11665 11479 12260 11912 12046 11849 12021 11980 11620 11494 11761 11630 11266 11560 11850 11662 11782 12201 12009 11436 11865 12606 12289 11767 12404 12142 12182 11769 11944 11478 11641 12326 12972 12041
11994 12182 11634 12257 11698 11483 12304 12111 11961 11953 11594 11432 11723 11581 11933 11783 12156 11395 11961 11521 11960 12527 12076 12300 12000 11917 11748 11959 12388 11401 11890 11960 12262 11660 11430 11047 11534 12048 12140 11165 12259 12083 11787 12194 12755 12152 12035 11293 12450 11796 12417 11490 11772 11829 12326 12106 11753 12173 11726 11944 11631 11943 12143 11719 11797 11927 11288 11189 11974 12025 11599 12076 11855 12232 12111 12484 11903 12000 11817 11438 12237 11667 12023 11974 11475 12317 11634 11767 12348 11949 11525 11366 12206 12584 12610 12051 11835 12003 12344 12124 11726 12328 11300 12212 11480 11852 11963 11943 11884 11933 11237 11765 11603 12255 11838 11489 12067 11198 11900 11429 11261 12132 11997 12146 11769 11777 12466 11452 11995 11593 11672 11588 11608 11988 12201 11370 11411 12022 11746 12625 11804 12526 11854 12279 12175 12674 12039 12340 11480 12228 11975 11453 12277 11943 11800 11303 11887 12107 12186 12234 11673 11757 12219 11922 12096 11628 12146 12216 12539 12050 12152 12047 11512 12039 11743 12338 12227 12310 11732 11296 11546 12006 11900 11455 11840 11862 11478 11446 12050 11262 11840 11557 11845 12473 11816 11847 12009 12456 12017 12683 12037 11992 11837 11298 12648 11589 12084 12188 12601 12141 11035 11451 12136 11814 11779 11422 11485 11649 12241 12227 11469 12112 12144 11414 11536 11914 11508 12279 12014 12304 11762 12307 11522 12115 11845 12496 11612 11893 12112 11746 11292 12296 12101 11668 11724 11423 11501 11519 11919 11383 12120 12040 11947 11707 12427 12451 11233 11580 12053 11665 11980 12200 12143 11824 11585 12185 12231 11456 11701 12144 11805 11410 12097 12241 12172 12311 12093 11687 11720 12571 11774 12131 11843 11480 11877 12232 11534 11767 12260 11949 11853 11284 11990 11686 11937 11547 12321 11943 11777 11437 12404 11761 12427 11760 12105 12081 11736 11902 11890 11643 11625 11833 12029 11918 11981 11644 11141 12474 12482 12457 12051 12203 12383 11561 12565 12085 11634 11973 11957 11750 11820 11158 11745 12109 12376 11677 12015 12173 11497 11887 11936 11838 11942 11883 12006 12625 12534 11808 12002 12213 12274 12042 12303 12920 12456 11613 11885 11687 11991 12209 11524 11952 12200 11807 12146 11689 11455 11765 11964 12250 12191 11952 12017 11853 11469 11368 12088 11694 11497 11704 11392 11850 11682 12204 12489 11470 12282 12417 11796 11430 12562 12109 12197 11736 11638 11628 11688 12142 12894 12118
11708 11982 11619 12268 11770 11663 11972 12057 11893 11554 11241 11719 12021 11489 11880 12097 12034 11599 11621 11071 11990 12027 12243 12565 11753 11901 11707 11648 11910 11605 11930 11718 12283 11868 11544 11243 11286 11678 11996 11423 12114 11733 11683 11825 12488 11634 11666 11435 12004 11598 12261 11552 11618 11338 12316 11644 11839 12106 11599 12022 11959 11484 11925 11447 11876 12119 11252 11274 12143 11844 11754 11926 11521 12218 12214 12275 11753 12133 11853 11758 11849 11600 11816 11158 11250 11872 11560 11458 12297 11981 11505 11550 12406 12132 12114 11952 11840 11746 12014 12040 11711 11626 11090 12242 11618 11896 11811 11829 11949 11786 11194 11768 11616 12272 11620 11678 11340 11427 12000 11457 11325 12075 11957 11618 11818 11690 12022 11627 11796 11326 11987 11138 11694 11532 11837 11308 11610 11739 11660 12639 11636 12030 11890 12048 11688 12137 11819 12466 11107 12207 12073 11419 12154 11928 11714 11459 11843 11948 12050 11730 11410 11350 11551 11664 12168 11807 11613 11957 12146 11967 12291 12057 11513 11954 11210 11920 12014 11920 11377 11345 11411 11709 11744 11704 11657 11752 11337 11580 11388 11285 11589 11390 11719 12097 12154 11546 11720 12311 11936 12239 11672 11870 11359 11589 12397 11866 12184 11922 12196 11667 11424 11178 11994 11882 11916 11531 11194 11773 12360 12204 11502 11893 12173 11445 11655 11897 11352 12025 12205 12369 11741 12134 11180 12198 11907 12570 11807 11622 12015 11995 11453 12334 12190 11207 12017 11785 11413 11584 11746 11432 12495 12058 12098 11857 12476 11729 11483 11659 11890 11730 11877 12182 11959 11627 11435 12518 12179 11266 11765 11999 11592 11204 12184 11972 12268 12003 12307 11961 11933 12324 11844 12084 12143 11841 11709 12294 11322 11687 12207 11847 12286 11307 11925 11200 11678 11596 11995 12098 11526 11464 12003 11999 12412 12260 12435 11810 11569 11672 11758 11528 11600 11989 11803 12094 11639 12169 11374 12023 12100 12233 11551 12308 12179 11765 12087 11896 11674 11999 11864 11797 11815 11092 11766 12032 11928 11474 11915 12346 11374 11722 11340 12049 11727 12000 11822 12178 12428 11998 11790 11967 12242 11950 12086 12723 12210 11657 11773 11671 11708 12031 11336 11740 12127 11672 11907 11470 11720 11663 12261 12000 12090 11303 11893 11859 10980 11112 11918 11531 11172 11336 11460 11661 11712 11955 11860 11411 12043 12313 12327 11936 12450 12332 11937 11917 11689 11488 11434 12364 12797 12375
12446 12682 12483 12873 12130 12295 12450 12452 12404 12097 12038 11948 12277 12351 12536 12657 12577 12123 12146 11484 12149 12861 12675 12743 12411 12740 12260 12347 12483 11622 12315 12256 12775 12356 12111 11604 11699 11996 12639 11825 12890 12271 12312 12650 13141 12505 12248 12079 12674 12357 12765 11916 12108 12189 12806 12597 12116 12651 11963 12487 12364 12408 12819 12040 12591 12479 11765 11773 12740 12558 12295 12361 11917 12619 12792 12996 12494 12446 12308 12021 12431 12110 12870 11973 12053 12955 11964 12266 12874 12766 12180 12173 12600 12926 12637 12253 12514 12211 12443 12590 12165 12500 11681 12771 12098 12335 12175 12312 12408 12247 11884 12162 12081 12532 12173 12272 12125 11637 12525 11892 11762 12778 12562 12192 12935 12103 12381 12103 12037 12162 12458 11868 12194 12342 12255 11638 12297 12197 11866 12886 12264 12991 12683 12217 12299 12542 12179 12511 11860 12865 12761 12156 12694 12572 11929 11962 12177 12603 12331 12358 12168 11988 12304 12396 12786 12354 12064 12870 12487 12462 12411 12691 11963 12552 11840 12477 12407 12386 12083 11779 12005 12335 12033 11886 12353 12025 12049 11663 12188 11851 12406 12237 12038 12719 12529 12230 12100 13095 12251 12926 12299 12444 12043 12178 12765 12636 12607 12417 12918 12261 11729 11838 12554 12004 12509 11853 12075 12158 12647 12466 12196 12336 12339 12009 12257 11963 12164 12529 12243 13118 12402 12894 11899 12899 12340 13251 12638 12245 12580 12216 11919 12829 12158 12160 12185 11909 11999 12263 12295 12342 12761 12307 12602 12654 13060 12667 11674 11537 12534 12128 12261 12975 12547 12221 12013 12727 12420 12198 12218 12889 12446 11837 12714 12450 12566 12681 13199 12102 12178 12943 12305 12533 12851 11773 12660 12517 11863 12658 12369 12571 12637 11729 12791 12184 12547 11912 12366 12755 12106 11795 12519 12281 12874 12444 12842 12736 12387 12425 12220 12176 11795 12731 12699 12362 12298 12285 11903 12724 12946 12497 12087 12301 12705 12211 12562 12604 11841 12559 12472 12026 12298 11748 12055 12500 12752 12232 12187 12462 12150 12785 12368 12454 12225 12848 12473 12804 13014 12233 12234 12716 12950 12732 12457 13033 12908 12047 12161 12207 12566 12555 12453 11931 12675 12499 12568 12110 12297 12322 12722 12619 12485 11851 12508 12360 11746 11929 12343 11667 11628 11966 12136 11941 12318 12437 12521 11940 12660 12966 12771 12024 13199 12585 12592 12431 12294 12081 12054 12876 13231 12697
12275 12303 12038 12570 11962 12031 12197 12425 12549 12098 11533 11959 12231 12143 12343 12269 12318 11982 12116 11468 12206 12720 12427 12657 12452 12447 12257 12240 12351 11717 12169 12236 12772 12483 12188 11397 11800 12195 12388 11871 12721 12352 11886 12474 13264 12601 11999 12280 12573 12037 12742 11941 11979 11823 12678 12545 11938 12656 12215 12498 12078 12269 12600 12118 12402 12150 11544 11697 12427 12446 12163 12326 11906 12640 12635 12735 11881 12629 12499 12259 12383 11910 12458 12155 11831 12332 12024 12005 12406 12257 12058 12128 12635 12881 12782 12294 12161 11985 12461 12451 12298 12766 11414 12458 12107 12290 12333 12410 12269 11987 11797 12050 12008 12340 12367 12087 12060 11305 12529 11915 11411 12953 12294 12410 12743 11521 12643 11922 12173 12143 12585 11502 12188 12281 12536 11611 11952 12104 11956 13376 12351 12811 12269 12466 12230 13025 12413 12764 11672 12700 12582 11916 12653 12434 12143 11900 11879 12529 12278 12277 11956 11961 12376 12302 12281 12160 12237 12685 12570 12123 12556 12507 12129 11787 11838 12173 12433 12627 11782 12015 11463 12487 12073 11905 11708 12094 11844 12023 12042 12017 11967 12032 11941 12334 12340 12116 12138 13063 12663 12726 12199 12350 11693 12210 12770 12070 12338 12712 12758 12449 11859 11849 12634 12284 12381 11559 11909 11847 12290 12670 12114 12232 12435 11718 12587 11821 11683 12559 12380 12943 12491 12572 11789 12376 12125 12837 12444 12345 12207 12377 12173 12453 12304 11860 12396 12055 11549 12008 12636 11608 12397 12668 12331 12385 12713 12465 11597 11756 12172 12158 12513 12460 12513 12258 11993 12646 12615 11957 11995 12584 11966 11646 12483 12750 12092 12341 12694 12136 12315 12724 12511 12565 12752 11810 12240 12509 11731 12327 12465 12557 12545 11912 12328 11719 12214 12064 12723 12552 12015 11719 12523 12280 12807 12624 12797 12407 12465 12345 11929 12212 11926 12424 12408 12320 12357 12153 12017 12620 12410 12526 12339 12438 12569 12376 12446 12492 11671 12315 12504 12222 12521 11664 11915 12620 12659 11996 12234 12263 12033 12391 12383 12607 12315 12836 12476 12513 12792 12138 12375 12255 12274 12411 12680 12955 12667 12147 12210 12440 12233 12459 12369 11915 12411 12113 12367 12122 12061 12271 12379 12172 12458 12283 12504 12429 11787 11495 12066 11828 11532 11929 11909 12085 12703 12444 12774 11728 12741 12812 12062 12018 13192 12410 12272 12272 11938 11821 12254 12732 13001 12052
11901 12307 11993 12429 11724 11903 12120 12386 12492 11397 11701 11449 12096 11806 12191 12168 12153 11873 12139 11331 11974 12327 12190 12549 12206 12478 11812 11903 12076 11327 11841 11935 12518 11732 11804 11132 11497 12253 12270 11735 12523 12049 11834 12471 12836 12160 12007 11618 12458 12053 12380 11751 11664 11728 12183 12028 12260 12409 11939 12190 12055 12080 12057 12098 12266 12098 11461 11239 12128 12155 11911 12221 11554 12530 12151 12501 11912 12116 12031 11636 12066 12180 11945 11592 11710 12317 11830 11808 12601 12041 12163 11746 12512 12729 12714 12135 11847 11728 12191 12343 11985 12047 10994 12737 11616 11834 11879 11933 11781 11551 11358 12079 11572 12119 11926 11598 11459 11348 12431 11766 11263 12662 11901 12087 12125 11673 12468 11859 12012 11746 12461 11267 12333 12022 12012 11517 11793 11703 11469 12902 11825 12537 11979 11945 12143 12775 12195 12599 11594 12610 12452 11925 12583 12211 11611 11876 11709 12258 12243 12027 11816 11785 11786 11847 12264 12242 11947 12023 12481 12137 12107 12133 11834 11939 11478 12135 12160 12590 11359 11717 11590 11889 11961 11824 12252 11868 11546 11965 12045 11637 12218 11767 11571 12400 12066 12030 12211 12622 12160 12860 12056 12499 11270 11941 12434 12260 12452 12123 12640 12134 11583 11492 12273 11749 11845 11505 11590 11764 12348 12657 11647 11969 12084 11472 12131 12087 11623 12493 12027 12807 11847 12059 11625 12543 11783 12643 12114 11942 11870 12209 11938 12454 11837 11992 11928 11902 11224 11780 12364 11625 12171 12150 12314 11943 12829 12574 11733 11441 12330 11804 12153 12405 12356 11925 11812 12448 12466 11528 11709 12525 11612 11522 12142 12359 12201 12217 12658 11810 12218 12460 12023 12337 12423 11987 12026 12399 11505 12108 12467 12469 12274 11681 12184 11707 12056 11982 12376 12321 11580 11347 12485 12065 12326 12188 12511 12563 11977 12181 11655 11902 11701 12216 12455 12261 12209 12019 11744 12732 12452 12000 11787 12170 12535 11844 12114 12142 11869 12249 12427 12101 11978 11240 11617 12295 12349 11823 12073 12388 11485 11801 11864 12374 12150 12488 12184 12515 12569 11981 12146 12200 12394 12493 12287 12957 12663 11791 11656 11876 11848 12154 12194 12001 12203 11727 11974 12359 11812 11802 12609 12602 12386 11756 12239 11957 11473 11419 11919 11877 11391 11923 11875 12042 12266 12335 12660 11085 12395 12450 12362 11838 12447 11985 12269 11917 11597 11620 11996 12825 12900 12286
12429 12508 12525 13097 12125 12218 12680 12605 12403 12081 12265 11879 12357 12016 12777 12516 12863 12094 12624 11816 12289 12766 12548 13183 12680 12653 12382 12149 12920 12128 12619 12612 12602 12299 12209 11554 11945 12263 12973 11919 12765 12391 12027 12833 13191 12416 12405 12102 12809 11874 12908 11934 12459 12031 12910 12615 12206 12746 12256 12489 12405 12499 12633 12186 12131 12517 11871 11711 12860 12513 12349 12510 12079 12736 12593 12779 12313 12568 12423 12177 12699 11943 12537 12239 11884 12902 11938 12389 12882 12457 11890 11867 12595 12640 12840 12483 12699 12399 12532 12846 12141 12283 11602 12980 12114 12667 12470 12317 12397 12343 11954 12397 12584 12874 12324 12599 12212 11642 12604 11971 11800 12942 12609 12403 12359 12034 12325 12131 12069 12307 12289 11968 12016 12567 12198 11848 11922 12488 11851 13186 12129 13128 12720 12413 12699 12585 12420 12731 12026 12897 12249 12398 12568 12475 12877 12397 12392 12749 12497 12272 12352 11849 12467 12406 12925 12445 12279 12721 12786 12347 12429 12878 11938 12679 12499 12517 12443 12534 11769 11993 11866 12447 12162 11978 12481 12004 11877 11877 12440 11949 12557 11827 12009 12898 12314 12406 12139 13113 12768 13060 12284 12431 12092 11917 13172 12400 12956 12664 13047 12912 12019 11670 12308 12404 12418 11717 11978 12518 12668 12887 12220 12436 12795 12079 12353 12414 11755 12385 12778 13284 12540 12859 11940 12303 12364 12836 12330 12369 12761 12256 11905 12828 12081 11997 12066 12328 11734 12172 12198 12116 12780 12820 12556 12691 12983 12949 11808 11989 12068 12205 12737 12981 12780 12238 12100 13133 12839 12473 12228 13028 12476 12066 12438 12696 12527 12826 12659 12561 12461 12857 12500 12519 12738 12252 12805 12721 12115 12529 12507 12558 12466 11659 12029 11899 12306 12070 12690 13061 12118 12207 12656 12341 13084 12604 12869 12761 12115 12581 11931 11932 12078 12505 12534 12515 12324 12388 12100 12736 12964 12788 12405 12627 12584 12414 12796 12455 11993 12748 12608 11978 12450 12143 11934 12910 12780 12466 12402 12647 12306 12346 12542 12150 12604 12941 12509 12910 12908 12311 12308 12403 12739 12876 12592 13062 12943 12336 12136 11987 12427 12459 12448 12017 12640 12375 12443 12205 12231 11802 12831 12434 12641 12442 12356 12401 12155 11911 12446 11913 12087 12186 12402 12085 12374 13094 12775 11868 12583 13301 12598 12206 13191 12512 12796 12276 11997 12138 12403 12960 13412 12659
12440 12475 12331 12508 12297 12356 12964 12648 12371 11825 11892 11856 12454 12092 12597 12690 12659 12169 12392 11555 12201 13041 12855 12816 12380 12825 12367 12216 12397 11758 12282 12104 12726 12418 12053 11481 11782 12381 12276 12163 12571 12591 12227 12502 13095 12519 12251 12123 12740 12119 12969 12304 12152 12147 12842 12404 12525 13024 12108 12700 12356 12508 12437 12289 12473 12375 12061 11803 12636 12447 11978 12508 11689 13023 12597 12993 12284 12650 12499 11918 12169 12313 12502 12112 11952 12839 12177 12215 12660 12461 12092 12197 12609 13071 13004 12300 12458 12424 12598 12787 12065 12556 11870 12941 11994 12491 12312 12167 12657 12086 11624 12150 12059 12948 12237 12002 12000 11518 12741 11624 11940 12679 12757 12376 12416 12040 12608 11947 12167 12315 12216 11539 11917 12181 12497 11695 12568 12283 11985 13033 12305 12934 12575 12490 12447 13112 12295 12596 11854 12934 12658 12035 12444 12232 12247 11890 12275 12638 12662 12553 12335 12060 12548 12265 12675 12021 12219 12781 13081 12333 12733 12323 12028 12669 12301 12746 12535 12652 11906 12018 11875 12233 12325 12169 11994 12093 12333 11700 12518 11785 12329 11830 12466 12558 12433 12517 12291 12890 12536 12833 12195 12438 12033 11920 13173 12428 12837 12508 12880 12337 11968 11707 12640 12371 12430 12026 12002 12209 12714 12941 12158 12669 12211 11904 12349 11993 11854 12404 12622 13081 12704 12514 11827 12481 12140 12881 12176 12307 12487 12357 12257 12702 12241 12235 12508 11990 11842 12137 12362 11879 12378 12448 12545 12369 12994 12801 11949 11628 12382 12290 12555 12841 12532 12539 12292 12462 13168 12127 12278 12741 11836 11974 12402 12559 12561 12432 12877 12146 12465 12798 12243 12364 13027 11774 12099 12644 11667 12270 12664 12662 12753 11661 12411 12139 12300 12273 12571 12371 12308 11847 13029 12507 12774 12765 12887 12924 12488 12573 12243 11987 12121 12271 12462 12399 12502 12442 11914 12687 12633 12907 12190 12441 12258 12514 12668 12267 11930 12355 12719 11969 12431 11697 12042 12618 13007 12221 12337 12851 11759 12379 12154 12428 12549 12832 12253 12919 12848 11955 12486 12597 12742 12648 12631 13470 12778 12294 12386 12415 12341 12710 12388 11923 12807 12043 12357 12128 12428 11934 12656 12593 12272 12073 12285 12225 12054 11754 12614 11664 12228 12157 12077 12237 12339 12528 12939 11949 12637 13033 12608 12371 13002 12836 12698 12400 12080 12223 12167 12788 13200 12522
12394 12368 12340 12523 12030 12343 12431 12607 12260 11999 11864 11894 12413 12177 12190 12467 12427 12127 12072 11504 12303 12539 12639 12621 12527 12485 12352 12337 12632 11876 11992 12427 12669 12415 12326 11383 11818 12181 13050 11830 12822 12403 11862 12193 13340 12358 11882 11992 12979 12119 13159 12041 12033 11895 12774 12298 12387 12951 12303 12570 12302 12315 12343 11954 12173 12165 11727 11538 12709 12222 11998 12312 11730 12451 12775 12927 11881 12396 12398 12296 12087 11891 12731 12291 11879 12487 11959 12040 12946 12215 12129 12184 12839 12767 12986 12478 12438 12334 12607 12694 12549 12285 11423 12758 12481 12124 12246 12232 12287 12090 11886 12327 12121 12920 12427 11935 12037 11446 12515 12074 11793 13214 12727 12305 12410 11989 12638 12175 11823 12087 12845 11645 12217 12453 12069 12013 12094 12091 11962 13184 12527 12616 12446 12632 12042 12836 12131 12847 11914 12723 12337 12221 12560 12055 12024 11952 12261 12637 12614 12281 11865 11484 12174 12369 12746 12324 12505 12682 12780 12363 12514 12449 11594 12460 11758 12490 12608 12520 12069 11920 11910 12217 12559 12325 12096 12041 11884 11977 11992 11659 12265 12115 12347 12632 12546 12677 11997 12762 12427 12892 12044 12384 11744 12432 12826 12515 12529 12545 12702 12472 12012 12250 12216 12145 12227 11835 11885 12111 12866 12850 11920 12453 12518 11991 12414 12456 12113 12572 12304 12950 12297 12800 12060 12342 12221 13061 12072 12348 12622 12610 12116 12603 12366 11924 12307 12171 11507 12179 12235 12065 12542 12510 12575 12243 13056 12630 11761 11843 12514 12159 12611 12751 12578 12161 11970 12911 12249 11970 12080 12325 12310 11610 12610 12473 12437 12952 13038 11947 12281 12840 12194 12286 12488 12109 12434 12610 11562 12291 12604 12294 12792 11556 12356 11933 12603 12176 12608 12614 12225 11894 12641 12184 12745 12597 12757 12563 12296 12595 12066 11795 11871 12253 12557 12458 12120 12503 12275 12900 12591 13018 12340 12417 12699 12491 12597 12475 11810 12595 12502 12212 12326 11610 11928 12487 12404 11819 12618 12742 12053 12272 12076 12222 12621 12761 12353 12670 12875 12020 12385 12408 12463 12369 12487 13350 12996 12312 12494 12000 12186 12370 12592 12163 12777 12421 12397 12095 12327 11818 13099 12708 12650 12193 12273 12409 11763 11622 12023 11942 11828 12032 12182 11988 12057 12763 12609 12114 12497 12968 12895 12049 13086 12587 12560 12225 11859 12043 12375 12439 13471 12564
11935 11932 11888 12583 11754 12103 12039 12213 12160 11728 11595 11210 12001 11635 11963 11804 11913 11499 11947 11329 11887 12310 12380 12498 12367 12375 11855 11855 12002 11770 11850 11964 12475 11615 11791 11000 11305 11544 12044 11667 11982 12116 11508 12105 12547 11944 11587 11548 12324 11711 12340 11739 11832 11735 12536 11898 11989 12327 11445 12122 11977 12080 12364 11735 12174 11848 11365 11380 12306 11687 11684 12060 11424 12254 12202 12355 11281 12264 12102 11736 11654 11737 11816 11705 11438 12140 11555 11740 12075 11811 11697 11624 12419 12203 12031 12056 11788 11724 12043 12125 12009 12122 11391 12640 11699 11830 11694 11769 11909 11488 11413 11822 11599 12510 11766 11681 11501 11287 11869 11367 11482 11927 12101 11795 12248 11645 12153 11830 11833 11912 12280 11479 11694 11836 11645 11366 11586 11914 11411 12692 11675 12272 12435 11950 11857 12341 11914 12313 11288 12271 12390 11552 12274 12327 11841 11589 11702 12138 11973 11856 11753 11519 12116 11962 12214 11991 11825 12321 12010 11976 12357 12145 11641 12119 11816 11788 12071 12129 11497 11473 11491 11862 11491 11762 11885 11473 11259 11273 11895 11565 11813 11783 11571 12397 12019 11947 11683 12415 12348 12396 11647 11751 11160 11676 12343 11751 12200 12252 12497 11900 11222 11631 12279 11684 11817 11504 11340 11642 12159 12206 11696 11831 12124 11280 11968 11689 11878 12072 11781 12332 11983 12264 11348 12546 11771 12251 11873 11746 12364 12244 11614 11991 11717 11463 11944 11556 11469 11566 12109 11813 11909 12081 12175 12198 12524 12303 11269 11567 12261 11461 11975 12079 12256 11400 11758 12190 12091 11757 11461 11964 12138 11500 12282 12173 11664 11969 12389 11721 11870 12280 11993 12034 11957 11997 11917 12089 11636 11745 12191 12283 12133 11514 12053 11613 11982 11447 12298 12315 11773 11476 12043 11671 12225 11954 12525 12051 11769 12163 11358 11568 11585 12008 12248 12052 11925 11877 11766 12323 12339 12216 11847 12008 12117 12025 11974 11831 11617 12048 11616 11812 11953 11380 11802 12285 12226 11678 12139 12138 11472 11726 11972 12003 12161 12287 12343 12244 12947 11835 11962 11970 12344 12221 12330 12676 12445 11819 11724 11690 11716 12240 11873 11840 12034 12099 11850 11619 11861 11354 12057 11826 11986 11582 11773 12014 11651 11329 11832 11482 11159 11425 11802 11774 11892 12298 12208 11538 12505 12696 12198 11623 12770 12018 12134 11829 11628 11606 11958 12560 13001 12091
12019 11948 11627 12007 11164 11794 11984 12106 12087 11622 11224 11416 11877 11948 12061 11965 11941 11539 11629 11219 11996 12057 12252 12150 11899 11782 11406 11829 11837 11141 12091 11650 12400 11700 11611 11239 11309 11595 12165 11584 11741 11682 11690 12007 12554 12008 11326 11265 12742 11305 12214 11324 11166 11671 12350 11816 11801 12022 11156 12236 11952 11516 11898 11418 12037 11836 11108 11187 11886 11866 11619 11855 11333 12275 12513 12167 11765 11946 11782 11588 11984 11778 12021 11722 11187 11937 11525 11453 12119 11890 11730 11430 12298 12352 12428 11824 11605 11518 11905 11992 11773 11734 10844 12484 11652 11712 11768 12052 11816 11775 11244 11659 11777 11762 11909 11586 11599 11219 12300 11517 10957 12098 11961 11700 12268 11417 12184 11434 11938 11545 11839 11288 11945 11844 11836 11515 11770 11563 11487 12257 12018 12009 11770 12097 11853 12186 11995 11949 11543 12343 12263 11519 12017 12041 11643 11303 11696 11850 11961 11827 11376 11376 12035 11820 12272 11834 11771 11927 12273 12223 12298 12070 11727 11778 11328 11622 11948 12086 11487 11608 11030 11573 11629 11354 11849 11705 11320 11649 11830 11150 11776 11725 11678 12089 11835 11723 11685 12389 11764 12571 11656 12072 11303 11794 12393 11701 11985 12154 12498 12030 11236 11486 11424 11813 11726 11538 11592 11535 11726 11993 11537 11587 11892 11221 11944 11632 11204 12015 11724 12086 11769 11994 11411 12079 11967 12465 11620 11631 11921 11472 11412 11984 11695 11671 11821 11675 11135 11612 12132 11389 12111 12194 11782 11608 12775 12378 11091 10947 11956 11469 12009 12133 12321 11625 11415 12250 12045 11588 11787 11969 11691 11109 12287 11919 11989 11944 12236 11572 11878 12215 11542 12218 12098 11424 11685 12013 11359 11571 12218 12125 12236 11280 11750 11524 11989 11604 12271 12044 11819 11615 12030 11688 12596 11814 12098 11957 11655 11747 11740 11605 11583 11947 12040 11927 11541 11503 11494 12278 11981 12267 11457 12098 11750 11906 11814 12293 11440 11791 12004 11899 12066 11133 11673 11923 11784 11586 12121 11882 11354 11655 11250 12089 11823 12171 11955 12187 12634 11774 11494 11972 12089 12044 11858 12489 12388 11469 11797 11589 11671 12019 11799 11561 12213 11751 11502 11715 11373 11466 12299 12170 11867 11677 11563 11734 11648 11386 11648 11239 11217 11297 11463 11660 11631 12038 12109 11434 12238 12270 12108 11526 12245 11900 11604 11742 11337 11472 11646 12220 12865 12290
12681 12037 12075 12753 11647 12436 12605 12677 12662 12458 11919 11979 12493 12094 12679 12619 12563 12040 12562 11351 12525 12345 12525 12804 12416 12601 12068 12397 12425 12026 12336 12697 12731 11987 12378 11432 11746 12184 12404 12040 12787 12485 12281 12438 13215 12580 12139 12062 12545 12199 12687 12093 12025 11849 12446 12639 12503 12968 12087 12600 12107 12096 12189 12031 12623 12474 11775 11863 12277 12297 12385 12470 12045 12819 12780 12727 12313 12514 12736 11941 12461 12398 12413 12315 11871 12823 11922 11814 12938 12369 11986 11978 12460 12467 12721 12669 12505 12444 12609 12499 12292 12667 11488 12715 12440 12265 12153 12334 12205 12086 11809 12384 12003 12458 12417 12104 12189 11760 12551 12142 11751 12876 12383 12515 12509 12104 13001 11988 12212 12105 12299 12111 12110 12240 12490 11472 11910 12328 11863 13190 12395 12979 12397 12093 12652 12702 12703 12728 11989 12738 12663 12119 12729 12761 12259 11682 12347 12685 12430 12407 12180 11805 12514 12412 12722 12330 12252 12836 12703 12591 12824 12682 11969 12324 11759 12364 12314 12530 12018 11878 11592 12041 12099 11802 12237 12211 11849 11961 12580 12190 12310 12248 11943 12726 12701 12244 12782 13184 12796 13066 12453 12547 12027 12172 12978 12392 12995 13076 12816 12411 11718 11937 12269 12380 12512 11823 12006 12277 12621 12595 12300 12626 12469 11927 12447 11950 12099 12795 12399 12924 12213 12679 11765 12522 12246 12998 12261 12619 12362 12515 11989 12788 12349 11908 12564 12225 11768 12398 12213 11609 12580 12666 12828 12241 13264 12781 11662 12002 12591 12364 12508 13265 12726 12210 12254 12836 12630 12185 12262 12734 12246 11706 12838 12692 12342 12272 12957 12291 12370 12847 12367 12627 12531 12142 12508 12701 12046 12864 12415 12614 12460 11902 12209 11970 12444 12281 12504 12836 11903 11811 12912 12438 13127 12530 12653 12592 11938 12553 12178 12089 11974 12547 12128 12390 12319 12379 11939 12769 12637 12639 12075 12951 12706 12191 12721 12667 11975 12705 12477 12199 12544 11862 12367 12336 12447 12381 12042 12706 11835 12417 12133 12656 12597 12692 12404 13013 12636 12069 12401 12499 12550 12518 12496 13245 12889 12314 12465 12316 12375 12701 12566 12032 12545 12607 12506 12178 12075 11992 12911 12667 12695 12481 12551 12293 11997 11719 12437 11805 11843 12110 12142 12258 12583 12611 13082 12167 12633 13146 12708 12048 12853 12623 12570 12350 12176 12153 12103 12936 13188 12288
11759 11808 11750 12315 11433 11791 11793 11809 12015 11402 11220 11315 11809 11547 11882 11825 11913 11470 11506 10849 11650 12134 12156 12061 11468 12121 11399 11650 11927 11141 11647 11760 11926 11601 11651 11086 11284 11662 11902 11404 11885 11723 11502 11810 12692 11902 11288 11487 11975 11804 12027 11410 11510 11198 12348 11555 11758 12064 11383 11760 11780 11534 11959 11369 11836 11880 11292 11022 11967 11847 11638 11812 11247 12370 12247 12292 11563 11816 12074 11617 11519 11260 11928 11547 11449 12144 11222 11403 11992 11910 11616 11312 12232 12139 12277 11922 11728 11834 11778 11958 11674 11769 11048 12047 11543 11722 11415 11644 11636 11590 11101 11395 11855 12246 11771 11835 11452 10879 11783 11242 11251 12000 11923 11713 12233 11400 11878 11566 11557 11300 11656 11161 11633 11612 11828 11065 11505 11595 11587 12125 11702 12267 12174 11469 11787 11827 11278 11897 11387 12268 11972 11563 11972 11698 12000 11241 11549 12216 11627 11775 11748 11332 11636 11841 12265 11730 11169 12199 11896 11879 11937 11727 11385 11942 11597 12142 11870 11847 11433 11343 11195 11694 11239 11254 11405 11209 11218 11357 11362 11167 11738 11197 11290 12196 11806 11520 11655 12172 11790 12168 11740 11658 11147 11654 12024 11776 11927 12310 12325 11576 10954 11191 11679 11585 11686 11480 11025 11641 12235 12245 11561 11378 11699 11459 11782 11496 11170 11641 11510 12070 11841 12066 11160 11913 11433 12089 11522 11652 12041 11493 11604 12021 11468 11420 11888 11359 10970 11579 11704 11465 11485 12126 11776 11739 12143 11887 11102 11260 11714 11530 11510 12260 11996 11574 11629 11904 11780 11813 11595 11964 11402 11298 11984 11999 11794 11743 12261 11588 11842 12044 11466 12077 11934 11346 11747 12100 10942 11925 11787 11621 11849 11083 11841 11375 11817 11446 11901 11834 11126 11471 12060 11626 12265 11768 12002 11916 11643 11732 11639 11171 11396 11732 11880 11661 11853 11419 11778 12092 11683 12156 11512 11907 12365 11759 12225 11967 11395 11893 11763 11445 11789 11028 11458 12423 12165 11735 12078 12023 11450 11954 11636 11614 11727 12060 11737 11912 12174 11619 11893 11890 12228 11853 11804 12190 12178 11463 11409 11365 11997 11857 11773 11340 11694 11608 12072 11282 11485 11737 11871 11822 11981 11437 11819 11771 11089 11247 11785 11092 11139 11620 11471 11571 11751 12197 11801 11347 11994 12591 12249 11494 12346 11890 11886 11558 11484 11493 11668 12249 12560 11871
12092 12183 11959 12309 11591 11777 11766 11992 11934 11761 11203 11423 11746 11621 11704 11898 11860 11445 11686 11233 11637 12210 12059 12492 11869 12169 12100 11663 11875 11264 11910 12019 12207 11647 11952 10984 11164 11974 12029 11588 11979 11703 11533 11883 12255 11793 11633 11225 11892 11764 12220 11456 11763 11339 12109 12001 11570 12017 11297 11779 11613 11902 11888 11515 11915 11876 11372 11314 11805 12275 11704 11816 11541 12301 11997 12476 11689 12026 11624 11678 11892 11578 12050 11419 11158 12412 11628 11395 12155 11860 11442 11759 12087 12253 12627 12065 11874 11567 11846 12039 11889 12307 10931 12150 11696 12061 11876 11982 11921 11766 11590 11773 11466 12093 11723 11604 11516 11370 12007 11248 10985 12127 12402 11452 11818 11341 11788 11638 11603 11731 11900 11183 11495 11645 11623 11263 11437 11694 11458 12554 11963 12230 11949 12102 11858 12398 11954 12043 11381 12159 11983 11568 12016 11732 11796 11537 11597 12211 12197 11902 11639 11128 12169 11758 12257 11948 11747 12227 12217 12024 11957 12006 11373 11675 11089 11831 11954 11959 11573 11471 11261 11576 11933 11702 11657 11699 11429 11052 11823 11465 11860 11108 11799 11613 12266 11867 11928 12316 12173 12514 11561 12046 11576 11528 12011 11942 12374 12112 12177 11960 11297 11437 11650 12046 11453 11366 11608 11611 12104 12290 11415 11880 12206 11541 11671 11671 11256 11819 11899 12271 11920 12097 11408 11894 11810 12625 11584 11824 11946 11971 11244 12176 11864 11289 11555 11547 11241 11877 11856 11592 12324 12020 11958 11791 12361 12012 11226 11240 11845 11699 11886 12443 12540 11717 11498 12572 12010 11111 11862 12041 11777 11095 12005 12009 11698 12189 12396 11457 11836 12095 11517 11751 11939 11440 11800 11951 11393 11665 12112 11951 12295 11264 11690 11613 11920 11755 11857 12305 11524 11289 12126 11704 12368 11947 12230 11940 11760 12062 11789 11567 11410 12175 11865 12096 11922 11703 11240 12255 12372 11937 11535 12190 11975 11820 12058 12233 11226 12237 12208 11672 12031 11073 11453 11903 12302 11458 11842 12005 11327 11932 11584 11552 11858 12285 11963 12185 12433 11370 11662 12157 12080 12187 12301 12808 12460 11676 11826 11644 11993 12039 11764 11740 12218 11665 11841 11585 11628 11460 12011 11956 11997 11982 11710 12085 11099 11448 11823 11375 11420 11340 11614 11697 11848 12132 12310 11513 11980 12835 12252 11746 12482 11812 12102 11922 11908 11551 11491 12312 12892 12185
11648 12332 11464 12192 11428 11741 12177 12063 11842 11497 11575 11555 11949 11543 11897 11722 11947 11476 12096 11280 11457 12407 12227 12300 11982 12271 11472 11729 12301 11658 12049 11798 12231 11798 11578 11171 11263 11979 12201 11584 12175 11631 11757 11909 12406 12111 11867 11752 12382 11191 12159 11248 11607 11618 12134 12065 11734 12515 11445 12152 11636 12039 12247 11701 11755 11906 11174 11354 12387 12143 11986 11966 11810 12255 12308 12092 11581 12005 11863 11748 12140 11607 12281 11710 11465 11706 11581 11695 12330 12094 11511 11712 12199 12293 12256 11880 12001 11838 11924 12088 11618 11933 11088 12164 11785 11914 11961 11695 12257 11681 11671 11660 11930 12373 11673 11723 11625 11343 12147 11365 11426 12170 12265 12073 11940 11526 12261 11503 11729 11693 11654 11521 11635 11840 12072 11442 11552 11996 11471 12734 12012 12481 12003 12196 11915 12208 12007 12342 11408 12264 12183 11564 11794 11879 11801 11569 11882 12128 12237 12049 11656 11422 12046 11850 12144 11898 12013 12433 12755 12087 12441 11985 11581 12303 11420 12071 12185 11933 11431 11679 11141 11745 11870 11534 11818 11678 11594 11410 11610 11102 11980 11414 11627 12224 12066 11768 11798 12499 12297 12326 11954 11798 11682 11556 12549 12059 12201 12266 12268 12078 11190 11517 12006 12080 11812 11628 11552 11702 12003 12229 11665 11841 12010 11294 12092 11712 11255 12001 12020 12528 11898 12284 11391 11997 11922 12504 11876 11591 12257 11945 11679 11972 11932 11441 11538 11728 11249 11829 11641 11506 12070 12133 12157 11908 12287 12105 11439 11469 12277 11572 11859 12112 12346 11714 11592 12343 12585 11636 11825 12437 11572 11406 12036 12038 12041 12179 12308 12082 11445 12226 12003 12005 12255 11558 11850 11980 11704 12151 11959 11958 11957 11050 11999 11275 11803 11447 12035 12198 12029 11480 12369 11950 12672 12090 12024 12245 11383 12146 11686 11577 11644 12039 11972 11875 11790 11810 11409 12212 12249 12426 11971 11864 11926 12165 12128 11818 11750 11922 12189 11785 11831 11268 11514 12470 12104 11456 11685 12009 11570 12091 11876 11860 11861 12290 11987 12406 12514 12177 11847 11901 11991 12344 12139 12667 12400 11793 12005 11788 11889 11954 12099 11669 12554 11941 11953 11661 11377 11628 12341 12172 12221 11671 11832 11580 11116 11486 11841 11842 11505 11823 11395 12047 11908 12277 12161 11609 11982 12421 12061 11623 12549 12267 11948 11761 11405 11615 11500 12295 12774 11922
12050 11986 12017 12372 11748 11386 12195 12092 12240 11890 11914 11771 11738 12112 11941 11889 12469 11747 11673 11503 12307 12272 12472 12381 12179 12348 11952 11690 12369 11458 12379 12076 12448 12054 11911 11078 11380 11954 12229 11224 12443 12068 11966 12361 12440 12135 11594 11685 12329 11785 12504 11675 11969 11550 12569 11984 12195 12387 11867 12209 11950 12273 12152 11608 11993 12089 11032 11307 12260 12097 11785 12036 11579 12399 12453 12692 11855 12271 12249 11856 12024 11753 12113 11835 11670 12339 11828 11672 12347 12171 11634 12147 12068 12185 12564 12208 12160 11846 12209 12079 11783 12313 11379 12446 12016 11747 12239 11825 12020 11819 11280 11936 12014 12284 12108 11936 11923 11349 12210 11392 11346 12500 12307 11819 12228 11466 12171 11737 11997 11911 11900 11592 11891 11874 11786 11619 11625 12049 11624 12538 12131 12536 12261 12271 11855 12211 12388 12103 11566 12708 12233 11980 11966 12076 11905 11479 12285 12460 12154 12228 11759 11708 12041 11897 12222 12034 11517 12402 12517 12123 12526 12200 11531 12018 11693 12291 12111 12089 11521 11522 11895 11792 11710 11882 12135 11855 11879 11768 11919 11337 11948 11467 11815 12088 11947 11965 12025 12466 12504 12606 11700 12341 11546 11555 12582 12005 12494 12189 12620 11993 11334 11514 12068 12016 11875 11332 11439 11788 12430 12278 11709 11764 12246 11448 11907 11863 11645 11969 12108 12451 11949 12473 11622 11997 12113 12762 11687 11885 12204 11808 11569 12456 11983 11515 11779 12075 11632 12146 11956 11522 12304 11930 11833 11943 12483 12371 11115 11319 12262 11608 12120 12586 12323 12071 11710 12321 12324 11713 12043 12163 12100 11666 12303 12349 12191 12202 12609 11936 12190 12482 11941 12117 12170 11556 12452 11990 11177 12250 12082 12056 12397 11423 11784 11849 12276 11865 12399 12215 11626 11726 12031 12317 12815 11580 12412 11758 11880 11912 11823 11672 11786 11926 12062 12050 12030 12079 11699 12487 12541 12198 11684 11767 12198 12067 12245 12014 11815 12098 11840 11861 12290 10997 11578 12175 12129 11990 12020 12303 11479 12043 11767 11695 12237 12458 12401 12070 12550 11983 12109 12012 12318 12424 12330 12658 12544 11780 12126 12001 12014 12109 11834 11707 12554 12233 12057 11657 11837 11710 12470 12005 11975 11777 12136 12137 11671 11432 11903 12030 11248 11608 11718 11719 12047 12375 12161 11751 12226 12492 12210 11464 12662 12009 12196 11861 11639 11478 12160 12369 12803 12237
11886 11916 11594 11936 11399 11631 11912 11902 11939 11751 11244 11364 11733 11505 11837 11980 11841 11521 12032 10946 11935 12160 12277 12529 12217 11853 11356 11594 11751 10956 11822 11837 12481 11668 11790 10827 11479 11566 12316 11502 11764 11858 11690 12110 12003 11633 11340 11131 12405 11232 12106 11401 11394 11569 12065 11665 11753 12181 11564 12013 11753 11886 11997 11561 11859 11666 11256 11288 11922 11950 11543 11820 11310 12082 12246 12195 11361 11930 11884 11692 11524 11713 11719 11504 11381 12057 11594 11404 12154 12071 11813 11545 12317 11806 11900 11558 11655 11679 11658 12017 11683 12052 11017 12233 11572 11745 11660 11385 11784 11445 11115 11847 11720 11883 11520 11385 11758 11163 12082 11625 11295 12344 12004 11903 12014 11575 12133 11184 11821 11654 11855 11267 11501 11971 11739 11560 11919 11632 11311 12693 11687 12331 11732 12074 11728 12243 11933 12153 11436 12077 11853 11397 12052 11601 11548 11376 11563 11761 12041 11709 11305 11606 11631 11763 11979 11703 11820 11951 11958 12100 12186 12119 11659 11781 11620 11762 12007 11807 11701 11227 11017 11297 11333 11624 11460 11419 11418 11127 11967 11105 12096 11191 11612 11926 11675 11942 11602 12203 12029 12463 11409 12064 11398 11718 12164 11751 12406 12022 12261 11658 11262 11377 12053 11564 11749 11405 11409 11775 11886 11620 11434 11703 12032 11057 11891 11446 11205 11655 11771 12313 11573 12272 11361 11681 11744 12529 11559 11873 11867 11801 11552 11806 11769 11331 12140 11783 11155 11701 11766 11325 11741 12032 12095 11815 12148 12186 11321 11316 11691 11487 11774 12092 12168 11659 11206 12180 12275 11579 11723 11828 11852 11459 12143 12005 11800 11819 12359 11820 11634 12012 11877 11818 11834 11472 11677 11705 11252 11793 11779 12265 11861 10964 11933 11491 11882 11733 11863 12072 11191 11393 11948 11695 12335 11872 12034 12059 11978 11910 11294 11507 11433 12026 11554 12012 12049 11688 11486 12477 12191 12287 11595 11701 11918 11736 12049 12032 11446 12084 11987 11798 11788 11113 11711 11888 12323 11459 11819 12035 11409 11839 11176 11582 11638 12411 11989 12192 12460 11722 12083 12024 11870 11860 11929 12547 12406 11616 11781 11454 11709 11802 11883 11485 11982 11431 11623 11418 11480 11214 12253 11766 11772 11555 11582 11730 11533 11203 11860 11162 11144 11191 11496 11637 11879 12074 12024 11635 11880 12247 11911 11742 12463 11958 12172 11803 11037 11495 11637 12182 12913 12063
12433 12116 12286 13019 11920 11778 12695 12814 12480 12395 11954 11906 12290 11879 12564 12180 12561 11936 12271 11692 12518 12849 12602 12844 12706 12756 12246 12422 12443 11898 12593 12066 12825 12092 11960 11631 11691 12221 12488 11960 12641 12324 12094 12711 12946 12498 12241 12103 12707 11740 12557 12011 12352 12126 12459 12211 12262 12725 12121 12291 12208 12412 12206 12153 12274 12325 11587 11497 12682 12204 12215 12519 12192 12710 12725 12676 12305 12565 12373 11895 12486 12176 12720 12314 11943 12282 12063 12116 12589 12322 11969 11902 12555 12722 12582 12393 12248 12006 12568 12782 12481 12622 11537 12591 11955 12181 12267 12299 12481 12208 11830 12240 12511 12361 12167 12149 11875 11469 12666 11958 11367 12557 12536 12407 12563 11843 12845 11597 12281 12164 12427 11939 11854 11994 12460 12046 11986 12351 11791 13156 12363 12866 12230 12625 12380 12856 12458 12867 11831 12890 12423 11961 12823 12472 11819 11835 12425 12431 12403 12262 12075 12091 12310 12257 12664 12664 11874 12858 12704 12946 12700 12126 12118 12690 11968 12473 12411 12487 12110 11621 12043 12177 12004 11942 12400 12576 11874 11827 12298 11928 12313 11986 12047 12557 12421 11924 12447 13016 12590 13249 12069 12336 12029 12049 12828 12551 12655 12744 12862 12487 11585 11778 12424 12168 12490 11857 11926 12186 12429 12425 11964 12353 12298 11707 12748 12322 12145 12386 12140 12927 12250 12702 11848 12638 12652 13024 12461 12199 12506 12331 11996 12545 12512 12135 12272 12174 11994 12357 12342 12150 12722 12626 12734 12173 13049 12838 11944 11666 12761 11880 12475 12804 12655 12131 12090 12630 12596 11813 12302 12738 12340 11860 12623 12587 12224 12398 12921 12194 12351 12512 12241 12707 12233 12082 12337 12651 11996 12291 12750 12622 12879 11784 12320 11699 12493 12225 12544 12754 11880 11949 12526 12039 13015 12295 12708 12629 11978 12478 12182 12531 12182 12587 12477 12366 12189 12572 12108 12926 12490 12505 12260 12416 12304 12225 12530 12453 12053 12586 12366 12057 12283 11578 12114 12836 12539 12141 12250 12775 11699 12404 12085 12455 12239 12751 12485 12827 12806 12466 12330 12541 12593 12566 12428 13133 12934 12026 12246 12174 12556 12527 12436 12175 12797 12497 12450 11739 12272 12188 12688 12643 12517 12258 12415 12089 11972 11825 12230 11781 11638 11748 12006 11948 12000 12493 12794 12049 12732 12783 12389 11982 13244 12474 12483 12167 12312 11755 12346 12680 13013 12711
12542 12797 12525 13056 12324 12179 13099 12773 12619 12522 12258 12189 12491 12310 12727 12738 12461 12628 12938 12016 12685 13033 13101 13179 12932 13057 12763 12741 12608 12229 12498 12714 13067 12520 12475 11626 12089 12619 12998 12112 12887 12586 12511 13025 13165 12839 12679 12163 12935 12408 12917 12499 12053 12362 12927 12667 12493 13098 12278 12643 12638 13008 12865 12274 12462 12931 11803 11705 12961 12772 12551 12937 12289 12857 13008 13106 12428 12928 12725 12354 12966 12631 13194 12231 12154 13010 12170 12520 13063 12477 12188 12453 13218 13067 12918 12805 12487 12728 12912 12932 12582 13071 11766 12986 12313 12803 12736 12628 12422 12124 12144 12603 12427 12647 12488 12294 12202 11924 12719 12341 11875 13236 12826 12572 12815 12386 13027 12508 12039 12590 12761 11852 12328 12762 12413 11766 12362 12523 12659 13323 12743 13324 12733 12958 12758 13297 12992 12945 12276 13365 13085 12423 12902 13010 12445 12415 12440 12820 13031 12737 12402 12423 12571 12538 13412 12911 12617 12978 13283 12635 12938 12788 12448 12752 12266 13016 12769 13005 12400 12474 11773 12651 12327 12358 12440 12210 12134 12279 12400 12554 12864 12221 12409 12901 12660 12558 12438 13317 12970 12967 12582 13045 12113 12558 13204 12611 13176 13067 13329 13088 12122 12176 12536 12628 12591 12121 12361 12720 12816 12673 12256 12527 12906 12075 12732 12503 11813 12642 12895 13433 12541 12800 11978 12577 12578 13140 12516 12732 12728 12428 12032 12583 12700 12330 12153 12501 12075 12634 12647 12658 12512 12939 12870 12551 13491 13021 11654 12092 12647 12485 12654 12852 13182 12256 12100 13207 12896 12315 12255 12929 12426 12179 12788 12994 12724 12956 13157 12576 12500 12990 12535 12391 12937 12047 12655 12655 12116 12770 13069 12726 12919 11764 12310 12261 12549 12289 13230 13079 12129 12275 12980 12550 13241 12642 13154 13136 12155 12799 12633 12232 12137 12679 12663 12657 12763 12674 12355 13141 13197 13263 12710 12730 12497 12635 12897 12997 12207 12723 12714 12496 12718 12232 12528 12816 13155 12113 12469 12909 12274 12792 12700 12761 12647 13086 12956 13230 13237 12547 12747 12829 12739 13252 12657 13314 13160 12519 12375 12483 12688 12644 12500 12483 13208 12524 12756 12345 12205 12135 12998 12500 12985 12587 12778 12644 12382 12133 12541 12411 12281 12322 12500 12660 12716 13151 13258 12385 12807 13552 12978 12621 13104 12818 12889 12643 12553 12334 12598 12871 13581 12821
12791 12926 12658 13412 12552 12653 13045 13013 12583 12441 12406 12341 12900 12382 13402 13219 13056 12719 12636 12015 12568 13047 12959 13253 12712 13044 12849 12848 12973 12236 12787 12942 13329 12827 12789 11997 12199 12814 13158 12459 13029 13155 12507 12892 13699 12983 12937 12541 13575 12722 13446 12433 12325 12275 13046 13141 12679 13039 12462 12828 12910 12901 12970 12769 12929 12901 11961 12092 13482 12889 12844 13041 12340 13164 13054 13280 12569 12883 12822 12427 13013 12636 12751 12570 12377 12910 12455 12669 13089 13071 12591 12310 13175 13175 13238 12784 12841 12765 12606 13021 12549 12786 11670 13652 12344 13005 12918 12955 12815 12789 12423 12627 12606 12909 12641 12621 12473 12239 13220 12545 11969 13607 13048 12447 12794 12323 13421 12284 12600 12597 13016 12391 12595 13009 12965 12562 12342 13065 12525 13710 12897 13361 12841 13079 12998 13452 12834 13315 12417 13373 13165 12579 13125 12522 12791 12558 12451 12961 13314 12956 12187 12478 12470 13022 12900 12825 12755 13376 13011 12884 13150 13017 12708 13061 12731 12822 12694 13152 12327 12308 12407 12679 12705 12472 12652 12793 12392 12208 12725 12539 12808 12567 12611 12881 12853 12896 12639 13712 12895 13336 12771 13024 12261 12553 13085 12732 13109 13324 13259 12854 12354 12038 13068 12692 12832 11978 12298 12722 12920 13199 12707 13004 12816 12598 12947 12786 12484 12904 12925 13515 13023 12855 12233 12700 12897 13105 12831 12811 13049 12696 12263 13022 12623 12494 12832 12627 12251 12826 12778 12738 13115 12986 13203 12964 13788 13135 12292 12325 13148 12774 12889 13209 13292 12414 12363 13092 13088 12418 12737 13164 12620 12064 12658 13052 12690 12992 13420 12383 12888 13253 12704 12983 13496 12621 12633 13198 12138 13137 13098 12800 12852 12089 12859 12267 12900 12375 13377 13421 12306 12382 13576 12885 13201 12969 13437 13108 12938 12986 12736 12278 12615 12854 13041 12885 12914 12632 12738 13477 13164 13096 12890 13032 13028 12623 12952 12776 12447 13178 13291 12650 12735 12368 12354 13124 13550 12676 12605 12816 12341 12579 12935 12734 12836 13046 12671 13466 13182 12800 12758 13101 13309 13117 13014 13840 13417 12586 12836 12480 13094 13025 13003 12661 12984 12898 13027 12572 12869 12370 13004 12899 13173 11938 13049 12841 12410 12226 12396 12224 12433 12452 12774 12411 12830 13150 13183 12395 12981 13304 13206 12657 13440 13125 13065 13146 12799 12298 12746 13217 13957 12984
11404 11540 10960 11962 10901 11187 11518 11631 11417 11034 10931 10991 11528 10871 11826 11231 11653 11268 11363 10608 11339 11554 11365 11710 11594 11800 11384 11467 11263 10868 11592 10943 11929 11308 11041 10283 10717 11100 11441 11012 11374 11187 11200 11675 12156 11694 11128 11090 11742 11054 11488 10939 10895 11123 11788 11400 11619 11855 10981 11595 11334 11368 11577 11417 11381 11477 10548 10574 11823 11488 11309 11412 11227 11786 11477 12010 11071 11818 11454 11196 11560 11178 11377 11138 10670 11361 10902 11030 11837 11466 11147 11084 11491 11946 12018 11487 11537 11166 11633 11690 11215 11700 10252 11695 11177 11472 11215 11175 11549 11131 10927 11422 10970 11479 11225 10841 10886 10649 11584 10853 10957 11935 11396 11252 11504 10830 11356 11035 11487 11260 11499 10873 10959 11296 11534 10983 10987 11364 11022 12129 11448 11979 11511 11429 11350 11891 11613 11812 10921 11836 11876 10975 11663 11257 11211 10901 10957 11591 11395 10992 10972 10852 11477 11122 11477 11157 10923 11843 11708 11395 11577 11387 11025 11390 10834 11645 11202 11592 11250 10986 10605 11156 11524 11144 11270 11382 10791 10933 11136 10995 11361 10721 11076 11700 11751 10879 11111 11743 11493 11855 11354 11734 11010 11179 12006 11459 11856 11355 11677 11513 10904 10966 11447 11210 11169 10763 10846 11326 11704 11890 11019 11329 11282 11177 11533 11530 10760 11336 11629 11787 11355 11564 10963 11564 11182 11633 11177 11464 11395 11193 10935 11824 11242 11123 11452 11350 10805 11172 11278 11058 11378 11755 11645 11630 12086 11950 10614 10684 11619 11127 11194 11617 11666 10596 11063 11787 11817 11285 11483 11481 11251 10864 11390 11627 11527 11560 11657 11208 11382 11857 11008 11722 11609 11333 11161 11725 10685 11299 11875 11531 11499 10897 11262 10836 11072 11083 11662 11758 11163 10959 12007 11616 11964 11471 11978 11562 11192 11401 11059 11187 11118 11704 11283 11424 11379 11058 11222 11750 11817 11560 11365 11465 11477 11182 11666 11401 11180 11730 11510 11045 11198 10656 11182 11758 11677 11539 11373 11411 10734 11326 11056 11570 11484 11680 11513 11734 11614 11390 11693 11354 11546 11460 11274 12086 12030 11125 11262 11075 11444 11654 10924 10977 11579 11517 11453 11069 11213 10988 11685 11600 11503 11188 11275 11326 10778 10875 11432 11007 10568 10982 11222 11207 11212 11571 11603 10958 11757 11975 11720 11095 11873 11555 11570 10993 11060 10947 11081 11727 12210 11301
12222 12310 11686 12152 11580 11872 11847 12299 12025 11638 11328 11609 11993 11703 11934 12133 12096 11653 11912 11528 11843 12289 12406 12473 11746 12120 12076 11703 11875 11564 12143 11767 12495 11867 11716 11339 11595 11656 12450 11549 12171 12124 11618 12209 12330 12109 11783 11588 12695 11667 12305 11287 11759 11651 12352 11811 11938 12672 11717 12371 11643 12162 12141 11885 11961 11752 11226 11338 12404 12082 11780 12047 11627 12428 12243 12444 11782 12113 11753 11867 12336 11851 12244 11543 11706 12239 11443 11509 12223 12120 11374 11614 12298 12618 12499 11982 11986 11824 11991 12071 11730 11978 11196 12439 11838 11834 12217 11889 12139 11751 11548 11944 12074 12542 11908 11840 11712 11155 12400 11761 11445 12423 12114 11779 12097 11384 12101 11349 11974 12119 12132 11365 12051 12187 11916 11713 11812 11645 11611 12794 11878 12533 12198 11988 11845 12200 12125 12589 11622 12290 12396 11701 11765 11956 11830 11902 11687 12080 12477 11890 11888 11864 12115 11934 11994 11944 11740 12249 12510 11784 12274 12141 11603 11594 11581 12032 12320 12237 11515 11635 11566 11877 12010 11736 11969 11636 11458 11546 11812 11500 11835 11594 11939 12097 11915 12045 12105 12496 12086 12770 11864 12036 11467 11690 12580 12198 12024 12401 12318 11912 11313 11567 12019 11886 11903 11467 11763 11849 12205 12259 11787 11895 11918 11223 12071 11945 11356 12101 11875 12465 11906 12402 11478 12160 11608 12309 11609 11550 11878 11896 11505 12211 11992 11647 11845 11721 11386 11693 12042 11410 12211 12076 12090 12052 12726 12386 11422 11321 12307 11564 12116 12404 12366 11720 11419 12492 12491 11495 11782 12347 12218 11757 11942 11937 11949 12237 12530 11944 12118 12192 12060 12295 12483 11576 11777 12346 11573 11991 11978 12265 12102 11152 12125 11525 12129 11657 11911 12144 11926 11808 12350 12044 12514 11853 12160 11968 12044 11976 11745 11580 11692 11592 11987 12143 12167 12046 11733 12531 12309 12202 11917 12436 12316 12107 11792 12146 11616 12041 12035 11846 11859 11142 11538 12414 12169 11900 12066 11812 11664 11858 11982 11810 12167 12397 11994 12462 12684 11944 11824 12097 12227 12162 12326 12932 12239 11904 11715 12066 12027 11818 11945 11498 12426 11732 12138 11753 11573 11745 12225 12372 11731 11490 11816 11833 11690 11407 11897 11634 11536 11709 11478 12001 11698 12307 12106 11198 12058 12354 12057 11458 12493 12063 12038 12167 11359 11640 12174 12222 12622 12182
12776 12625 12552 12761 12450 12470 12724 12695 12639 12047 12160 12072 12575 12456 12296 12510 12589 12348 12480 11565 12722 12893 12665 13307 13038 12895 12549 12554 12563 11904 12570 12718 12840 12283 12274 11665 11877 12675 12856 12106 12801 12699 12117 12490 13241 12788 12472 12095 13286 12372 13009 12358 12133 12171 13133 12650 12827 13223 12125 12314 12256 12736 12685 12451 12768 12729 11872 11678 12976 12393 12573 12761 12297 12837 12625 13109 12357 12574 12939 12383 12526 12384 12849 12214 12437 12838 11909 12161 12778 12663 12323 12214 12871 12955 12888 12821 12701 12406 12654 12905 12592 12678 11782 13098 12162 12573 12393 12626 12935 12521 11952 12527 12621 13050 12647 12336 12114 11779 12951 12074 11620 12866 12641 12460 12851 12126 12687 12464 12589 12621 12679 12021 12137 12550 12565 12154 12087 12728 12182 13349 12564 13044 12783 12860 12617 13264 12794 13083 12024 12934 12828 12255 13051 12559 12300 11884 12292 12906 12613 12564 12426 12032 12821 12931 12594 12314 12451 12937 12975 12494 12847 12725 12132 12438 12108 12555 12560 12540 12399 12172 11824 12684 12364 12245 12288 12230 11656 11951 12716 12173 12547 12271 12229 12843 12564 12489 12348 13114 12835 13435 12471 12586 11954 12539 13309 12698 13012 12796 13307 12747 12282 12116 12542 12477 12633 11901 12116 12440 12671 12773 12440 12401 12940 12132 12674 12553 12179 12981 12418 13414 12440 12922 11857 12970 12549 13163 12229 12789 12616 12673 12134 12769 12692 12242 12959 12554 12011 12324 12561 12155 12864 12829 12829 12584 13311 13025 12139 11783 12566 12306 12555 13011 12887 12607 12266 12923 12993 12375 12392 12976 12575 11910 12676 12937 12552 12715 13199 12374 12361 12952 12534 12815 12855 12539 12263 12641 12049 12606 13122 12777 12558 11885 12855 11949 12642 12250 12899 12960 12200 12184 12764 12648 13194 12770 12952 12879 12146 12620 12351 12416 12207 12794 12376 12762 12668 12469 12237 13049 12824 12916 12194 12704 12754 12676 12768 12939 12381 12602 12794 12616 12712 11955 12608 12904 12852 12459 12691 12618 12322 12756 12429 12478 12438 12642 12776 13126 13086 12323 12447 12625 12656 12970 12908 13258 12864 12498 12628 12075 12405 12969 12779 12598 12775 12749 13036 12093 12538 12178 12808 12470 12600 12394 12663 12575 12197 12022 12301 12090 11912 12003 12432 12314 12389 12944 12992 12042 12866 13210 12743 12184 13086 12910 12851 12483 12544 12098 12405 13045 13281 13122
11879 11970 12124 11990 11347 11736 11911 12181 11981 11731 11585 11707 12088 11823 12089 11983 12259 11664 12187 11248 11894 12324 12319 12377 12427 12171 11816 11705 12358 11129 11937 12136 12461 12106 11677 10852 11591 11844 12318 11437 12007 11846 11647 12455 12506 12069 11797 11563 12182 11540 12453 11592 12012 11748 12158 12061 12179 12263 11716 12029 12036 12073 12130 11767 12046 12110 11192 11497 12628 12034 11925 12264 11759 12260 12221 12569 12021 11849 11953 11863 12086 11665 12205 11539 11588 12083 11680 11660 12146 12302 11744 11963 12326 12123 12334 11880 11856 11574 11969 12225 12113 11941 11156 12579 12195 11927 11741 11685 11973 11679 11340 11762 11581 12405 11976 11577 11938 11142 11863 11593 11270 12535 12112 12052 12315 11631 12261 11616 11702 11641 12086 11529 11749 11964 11946 11299 11756 11824 11661 12813 11688 12747 12195 11828 12105 12310 12092 12585 11758 12463 12152 11602 12308 11778 11715 11180 11667 12060 12073 11654 11662 11618 12083 11952 12286 12078 11870 11835 12473 12196 12204 12107 11342 11875 11460 11859 12236 11899 11230 11505 11412 11726 11582 11421 11878 11753 11446 11402 11812 11836 11931 11506 11599 12213 12005 11869 11946 12616 12033 12623 11552 12124 11374 11593 12603 12047 12255 12023 12339 11781 11345 11431 12082 11737 11951 11339 11945 11688 12213 11875 11728 11863 11872 11616 11967 12352 11724 11915 11744 12442 11765 12267 11441 12397 12274 12395 11711 12070 12282 12012 11779 12554 11833 11836 11954 11761 11192 11763 11713 11390 12192 12246 11906 11861 12615 12386 11470 11321 12213 11764 12192 12544 12255 11905 11491 12219 12388 11789 11458 12535 12064 11306 12127 12026 11944 11645 12266 11821 12288 12566 11726 12516 12082 11687 12143 12294 11468 12076 12257 12311 12049 11223 11981 11529 12011 11571 12263 12304 11546 11466 12396 12201 12594 12157 12098 12425 11720 12267 11671 11458 11410 11941 11901 11967 12006 11683 11764 12353 12143 12420 11649 12118 12028 11898 12195 11997 11424 12165 12428 11778 11911 11013 11398 12339 12359 11531 12012 12366 11899 11786 11904 11943 11807 12185 12130 12548 12420 11614 11956 12071 12201 12075 12424 12823 12381 11898 11784 11667 11923 12227 11799 11727 12368 12371 12085 11672 11811 11446 12456 12319 11839 11726 11859 11943 11595 11432 11816 11454 11297 11489 11594 11957 12135 12201 11959 11542 12189 12452 12171 11752 12731 12152 11996 11867 11817 11575 11515 12438 12750 12382
12549 12357 12223 12719 11980 12117 12856 12459 12289 11954 11867 11862 12174 11844 12158 12253 12174 12081 12203 11831 12142 12332 12475 12415 12316 12138 12148 12286 12430 11933 12364 12056 12605 12264 11636 11457 11483 12026 12944 11786 12401 12235 11899 12543 12807 12544 12072 11765 12596 11859 12782 11815 11843 11914 12499 12256 11928 12744 11946 12347 12217 12395 12426 11950 12104 12272 11473 11560 12551 12431 12009 12599 11815 12640 12434 12506 12257 12436 12215 11825 12171 11675 12764 11974 11733 12571 11772 11978 12359 12451 11981 11828 12902 12572 12965 12348 12586 12025 12275 12478 11951 12412 11392 12782 12318 12055 12355 12180 12189 12589 11654 11953 12226 12667 12288 11763 12178 11550 12139 11697 11465 13005 12512 12144 12242 11869 12390 11780 11791 11998 12407 11866 11786 12314 12171 11657 11916 12028 11518 13059 12363 12637 12583 12276 12069 12595 12238 12828 11939 12631 12650 11792 12399 12114 12055 11838 12189 12446 12363 12051 11600 12019 11990 12267 12490 12056 12295 12605 12360 12091 12849 12847 11716 12246 11507 12066 12417 12276 11417 11396 11840 12094 11933 11986 12181 11943 11542 11672 12123 11879 12399 11958 11934 12634 12127 12159 12052 12952 12780 12901 11851 12182 11597 11958 12947 12473 12456 12441 12666 12442 11728 11923 11993 12296 12217 11744 11963 11836 12507 12759 11874 12002 12497 12163 11873 12211 11474 12475 12378 12698 12390 12559 11709 12071 12139 12552 12253 11822 12227 12245 12046 12690 12065 11552 12063 12177 11913 12079 12308 11804 12737 12809 12333 12215 12951 12329 11609 11444 12310 12122 12407 12596 12980 12027 11717 12726 12978 11694 12024 12731 12272 11497 12525 12405 12552 12556 12829 12231 12360 13049 12109 12487 12546 11924 11813 12546 11975 12652 12405 12396 12334 11566 12136 11621 12202 11852 12485 12590 12160 11739 12797 12339 12640 12249 12514 12341 12250 11997 12269 12009 12043 12263 12241 12462 11942 12609 12060 12755 12838 12382 12182 12310 12495 12046 12391 12788 11860 12492 12253 12022 12302 11484 12211 12467 12704 12047 12028 12305 12033 12153 12082 12477 12141 12483 12276 12461 12611 12356 12207 12530 12661 12707 12694 13022 12386 11960 11985 12125 12037 12297 12113 11861 12568 12149 12472 12105 12097 11976 12515 12139 12271 12160 11962 12510 11981 11613 12312 11747 11753 12135 11862 11991 12340 12556 12417 12004 12470 12724 12437 11973 12741 12462 12082 12095 11726 11944 11945 12613 13163 12245
11592 11694 11292 11814 10696 11145 11435 11629 11548 11311 10787 10719 11255 10866 11406 11586 11301 11211 11225 10650 11391 11753 11647 11632 11302 11331 11490 11293 11628 10806 11405 11385 11439 11157 10978 10354 10791 11371 11472 10955 11549 11227 10820 11431 12090 11573 10921 10844 11783 11178 11798 11137 11199 10992 11917 11706 11662 11844 10928 11468 11252 11346 11830 10866 11476 11285 10906 10610 11566 11330 11173 11462 11070 11672 11777 11947 11261 11513 11663 11157 11595 10935 11502 10996 10831 11748 11182 11460 11627 11512 11493 11108 11690 11678 11870 11405 11305 11361 11293 11457 10893 11799 10599 11853 11336 11580 11205 11423 11138 10999 11061 11221 11060 11525 11481 11211 11264 10510 11661 11093 10873 11719 11416 11390 11805 10941 11110 10929 11127 10989 11626 10866 11264 11137 11073 10970 11359 11249 11040 12267 11366 11407 11587 11543 10886 11745 11306 11563 10749 11559 11708 11165 11604 11311 11585 10918 11110 11823 11471 11361 10912 10743 11482 11490 11455 11376 11317 11926 11327 11475 11576 11645 11170 11273 11246 11187 11867 11554 11104 11228 11135 11131 11341 10734 11283 11042 10786 10919 11318 10966 11454 10874 11318 11452 11403 11402 11269 11802 11911 11872 11446 11527 10712 10904 12164 11375 11891 11512 12018 11461 10884 10763 11530 11239 11535 10718 10912 11360 11542 11519 11277 11078 11804 10716 11156 11395 10737 11279 11316 11590 11236 11613 11019 11405 11319 11835 11378 11442 11517 11125 11182 11545 11287 10834 11418 11053 10645 11185 11440 11038 11351 11306 11604 11375 12189 11586 10815 10907 11366 11261 11585 11666 11554 11118 11017 11417 11707 11095 10800 11344 11082 10870 11168 11484 11431 11517 11653 11111 11335 12097 11554 11342 11736 11372 11238 11602 11111 11519 11434 11518 11387 11141 11671 10847 11465 10822 11807 11698 11146 10928 11959 11701 12006 11148 11568 11668 11237 11440 11332 10975 11083 11358 11383 11606 11626 11541 11273 11698 12078 11639 11281 11037 11547 11340 11745 11292 11123 11431 11637 11052 11666 10466 11043 11772 11869 11201 11271 11391 11248 11658 11553 11231 11449 11540 11308 11953 11958 11606 11429 11494 11414 11758 11399 12173 11527 11234 11314 11379 11100 11555 11450 10867 11455 11647 11516 11054 11222 11255 11454 11389 11379 10825 11394 11558 11221 10885 11363 10918 10627 10874 11171 11307 11276 11811 11712 11191 11482 11566 11393 11319 11920 11456 11422 11225 11085 11241 11215 11920 12564 11834
12400 12822 12084 12477 12113 11821 12734 12489 12230 11856 12202 11750 12040 11820 12245 12062 12289 12182 12241 11638 12082 12573 12536 12650 12323 12451 12057 12074 11893 11893 12573 12349 12357 11992 12111 11301 11639 12148 12481 11563 12617 12200 11998 12564 12777 12148 12280 11935 12800 11857 12677 11558 12000 11974 12303 12235 12504 12962 11874 11969 12408 12453 12319 11847 11977 12130 11545 11575 12427 11834 12354 12173 11779 12716 12490 12810 11950 12656 12230 12122 12431 11775 12514 12072 12234 12566 11860 11751 12592 12169 11936 11939 12667 12812 12925 12339 12271 12033 12392 12506 12112 12603 11581 12557 11539 12008 11927 11961 11929 11897 11806 12056 11983 12432 12296 11929 11887 11693 12780 11535 11760 12732 12514 11941 12103 11804 12438 11741 12127 12078 12348 11378 11880 12110 12293 11797 11949 11836 11882 12788 12434 12664 12351 12165 12213 12831 12065 12326 11821 12324 12437 12116 12645 12368 11739 11757 12099 12481 12378 12148 12559 11624 12241 12343 12491 12043 11813 12503 12596 12165 12337 12288 12083 12202 11823 12280 12319 12011 11738 11984 11951 12116 11993 12284 12390 12102 11768 11862 11904 11707 12341 11999 12139 12795 11973 12069 12491 12728 12687 12872 11966 12311 11696 12125 12485 12273 12640 12383 12790 12125 11566 11609 12332 11929 11912 11744 11495 12250 12340 12324 12011 12249 12750 11695 12360 12173 11752 12448 12425 12741 11797 12240 11953 12697 11890 12597 11893 12365 12121 11961 11814 12720 12012 11931 12119 12025 11395 12434 12189 11742 12480 12431 12604 12130 12602 12486 11729 11783 12563 11891 12004 12640 12411 11959 11924 12487 12639 11685 11881 12220 12058 11541 12004 12655 12000 12394 12943 12020 12081 13000 11892 12370 12359 11973 12323 12595 11664 12302 12415 12459 12366 11691 12027 11925 12157 11947 12254 12634 11840 11480 12328 12116 12490 12287 12830 12463 11818 12432 12208 12022 11731 12229 12526 12384 12261 12145 11462 12847 12608 12235 11944 12437 12575 12144 12594 12158 11905 12529 12389 11954 12150 11483 11797 12074 12580 12163 12086 12201 11899 12382 11907 12309 12392 12748 12501 12679 12460 12328 12173 12395 12512 12730 12636 12892 12637 11945 12283 11987 12321 12534 12081 12183 12276 12116 12495 11777 11831 12085 12635 12432 12685 12024 12305 11750 11639 11523 12064 11985 11475 11904 12224 12237 12544 12606 12535 11985 12627 12740 12695 11979 12717 12690 12560 12370 11825 11660 11921 12660 12931 12560
11538 12191 11545 12171 11289 11687 12044 12364 11635 11862 11479 11142 11988 11690 11724 11959 11848 11589 12126 11193 11358 12297 12040 12082 11977 12117 11822 11743 11964 11771 11835 11690 12076 11798 11506 11166 11007 11571 12124 11171 11890 11871 11949 11906 12371 11995 11719 11145 12384 11855 11969 11602 11800 11791 11895 11948 11782 12527 11630 11865 12065 11858 12066 11751 12165 12064 11322 11344 12120 12160 11759 11830 11329 12094 12043 12547 11619 12018 12180 11676 11925 11834 12323 11316 11370 11948 11365 11716 11901 12067 11545 11661 12242 12143 12319 11946 12043 11736 11880 12153 12000 11824 10914 12290 11696 12081 11467 11585 11996 11755 11094 11649 11659 12377 11588 11850 11416 10966 12338 11822 11536 12668 12177 11962 12017 11543 12172 11609 11511 11328 11814 11245 11991 11535 11957 11266 11755 11731 11432 12586 11863 12233 12232 12123 11905 12197 11849 11995 11566 12449 12047 11465 12074 11826 11673 11456 11540 12352 12015 12007 11707 11535 11516 12037 11826 11789 11610 12248 12392 12065 12052 12031 11658 11968 11598 12008 11757 12145 11735 11429 11551 11793 11722 11759 11984 11707 11326 11353 11982 11215 11915 11749 11832 12062 12028 11841 11899 12374 12028 12497 11899 11845 11395 11873 12481 12138 12185 12056 12232 12061 11169 11562 11985 11987 11844 11533 11530 11881 12003 12348 11856 11705 11914 11361 12086 11820 11704 11723 11851 12389 11649 12273 11288 11850 11879 12643 11669 11781 11602 11704 11628 12199 12040 11221 11986 11616 11424 11627 11913 11673 11850 11949 11983 11579 12298 12259 11178 11222 12013 11553 12033 12249 12097 11544 11552 12194 12372 11366 11665 12138 11891 11134 11866 12012 11790 11679 12324 11828 11745 12087 11613 11897 11904 11571 11841 12477 11485 12289 11911 12061 11890 11282 11919 11102 12188 11428 11970 12045 11516 11470 12272 12024 12333 12110 12097 12112 11698 12096 11442 11557 11674 11704 12021 12116 11997 11953 11912 12129 11984 12264 11671 11759 12128 11927 12138 11794 11481 11864 12113 11719 11935 10973 11578 12055 12001 11383 11839 12035 11652 11772 11756 12050 11605 12041 11805 12201 12419 11814 11805 12029 12028 12238 12011 12771 12359 11513 11847 11686 11915 12101 11926 11726 12251 11763 11973 11658 11542 11536 12295 12009 11779 11542 12030 11850 11428 11379 11882 11512 11335 11542 11715 11792 11996 12073 12346 11638 12159 12213 12231 11686 12184 12107 12134 11495 11399 11292 11844 12449 13053 11860
12448 12775 12254 12739 12005 12123 12415 12670 12356 11926 11677 11473 12298 12071 12308 11984 12359 11827 12544 11587 12633 12687 12510 12707 12651 12789 12124 12509 12305 12164 12007 12415 12978 12197 11870 11261 11901 12376 12661 11748 12515 12117 12091 12603 13099 12561 12197 12118 12638 12152 12650 11798 12063 11971 12888 12024 12371 12599 12066 12511 12330 12231 12272 11800 12442 12368 12036 11377 12384 12426 12275 12113 11962 12920 12446 12843 11962 12620 12308 11683 12314 11915 12401 12078 12009 12418 12108 11772 12654 12637 11782 11941 12737 12806 12698 12435 12272 12348 12632 12471 12043 12474 11570 12764 12135 12480 12250 12179 12109 12100 11762 12297 12241 12432 12424 11855 12197 11580 12740 12076 11377 12860 12248 12438 12281 11739 12414 11884 12372 12129 12305 11772 12233 12330 12252 11486 11928 12199 11715 12698 12060 12954 12380 12716 12389 12923 12308 12616 12069 12798 12824 12053 12620 12345 12337 11998 12240 12783 12364 12557 12156 11716 12374 12304 12719 12326 12126 12436 12769 12351 12205 12407 11999 12400 11841 12273 12442 12521 11666 11480 12217 12086 12100 11860 12045 12382 12363 11741 12278 11817 12398 12068 12050 12630 12586 11947 12261 12858 12447 12949 12401 12316 11675 12032 13013 12546 12483 12605 12665 12497 11862 11550 12596 12026 12062 11834 11832 12080 12414 12704 12329 12137 12429 11601 12538 12176 11596 12757 12327 12768 12352 12479 11873 12554 12042 12996 12158 12311 12391 12332 11852 12704 12083 11732 12249 11999 11712 12200 12377 11881 12417 12350 12326 12342 12975 12408 11538 11637 12251 11890 12512 12620 12563 11869 12198 12396 12543 12026 11877 12681 12589 11639 12343 12534 12202 12489 12711 11822 12451 12775 12040 12950 12654 12257 12351 12570 12044 12309 12478 12711 12483 11579 12457 11773 12428 12000 12470 12607 11942 11852 12419 12059 13051 12227 12597 12892 11772 12269 11925 12224 11774 12347 12663 12317 12057 12229 11990 12765 12777 12520 11950 12596 12449 12718 12408 12475 12051 12788 12529 11628 12353 11258 12152 12327 12782 12216 12082 12438 11983 12154 12013 12325 12264 12526 12797 12862 13041 12426 11895 12699 12763 12585 12477 12856 12810 12138 12191 12084 12075 12353 12258 12039 12632 12073 12348 12112 12235 12160 12550 12669 12631 12252 12102 12459 11850 11973 12246 11928 11750 12126 12348 12088 12231 12735 12735 11863 12801 12835 12691 11910 12772 12371 12419 12211 12106 11939 12255 13002 13192 12398
12023 12074 11898 12414 11494 11572 11995 12091 12150 11587 11750 11454 11975 11409 11955 12123 11775 11502 11901 11215 11951 12211 12008 12293 11742 12262 12024 11655 11654 11580 12216 11707 12373 11606 11386 11087 11077 12020 12123 11663 12159 12041 12121 11890 12512 11842 11721 11561 12184 11698 12247 11436 11584 11604 12171 12086 11861 12371 11855 11998 11646 11853 12116 11475 11882 11879 11282 11335 12279 11925 11654 11966 11755 12094 12089 12350 11539 12012 11838 11968 11941 11587 12003 11605 11490 12066 11428 11386 12257 11753 11681 11514 12166 12386 12403 11749 11936 11924 11986 12122 11523 12151 11029 12274 11695 11881 11977 11909 11986 11505 11350 11633 11883 12245 12011 11585 11526 11556 12135 11484 11337 12634 12144 11921 12061 11511 11985 11537 11748 11493 12127 10931 11739 11750 11982 11311 11806 11653 11488 12476 11901 12273 11929 11929 11574 12282 12221 12163 11547 12239 12328 11538 12127 11883 11546 11362 11763 12298 12255 11918 11779 11526 11770 11798 12332 11793 11772 12264 12177 11936 12137 12157 11421 11660 11621 12050 12088 12292 11495 11513 11420 11822 11694 11932 11959 11600 11444 11614 11419 11265 11980 11282 11558 12192 11909 11720 11897 12286 12116 12591 11515 12110 11394 11748 12348 11845 12286 12215 12230 11858 11267 11283 11753 12098 11902 11379 11487 11729 12141 12234 11722 11615 11850 11249 11950 11864 11165 11817 12089 12418 11648 12074 11622 11945 12023 12570 11842 11915 12151 11622 11411 12194 11895 11433 11991 12136 11315 11559 11924 11803 12060 11883 11934 11645 12572 12080 11097 10958 11961 11783 12012 12136 12146 11618 11769 12427 12402 11388 12095 12050 11913 11092 12111 12250 11903 11695 12403 11552 11974 12524 12019 11864 12087 11645 11644 12470 11333 11934 12153 11884 12409 11007 11939 11284 11960 11373 12188 12032 11440 11143 12051 11934 12395 11932 12364 11742 11435 11972 11954 11704 11843 11814 12068 11768 11763 11860 11783 12289 11870 12476 11580 11928 12366 12039 12011 12089 11732 12022 12116 11979 11817 11059 11657 12059 12131 11647 11859 12111 11640 11882 11854 12092 12113 12470 12283 12417 12603 11753 12022 12162 12213 12110 12043 12887 12572 11581 11863 11604 12303 11953 11673 11655 12215 11751 11863 11885 11386 11809 12171 11947 12124 11620 12035 11641 11380 11172 11898 11312 11364 11407 11765 11596 11799 12050 12454 11489 11916 12591 11970 11479 12353 11849 11693 11778 11593 11546 11553 12405 12846 11925
12042 12181 12082 12514 11691 11697 12240 12460 11756 11582 11891 11607 12122 11736 12296 12056 12280 11974 11906 11443 12047 12440 12310 12712 12003 12328 11957 12050 12026 11436 11949 11947 12039 12156 11802 11195 11503 12173 12365 11589 12499 12334 12016 12311 12741 11975 12026 11736 12746 11686 12455 11676 11688 11640 12224 12031 12136 12505 11888 12263 12097 12144 12332 11797 11865 12178 11495 11482 12166 12208 12100 12051 11807 12498 12509 12284 11976 12463 12045 11944 11899 12022 12422 11560 11728 12667 11499 11567 12464 12180 12006 11764 12263 12355 12584 12029 12238 12220 12301 12184 12024 12286 11359 12118 11714 12171 12283 12155 12097 12039 11340 12169 11829 12521 11897 11643 11841 11375 12357 11845 11698 12870 12281 11970 12191 11627 12362 11773 11803 11940 12170 11823 11751 12037 12020 11564 11934 12074 11900 12803 12175 12745 12253 12146 12101 12303 11928 12645 11531 12222 12402 11945 12041 12012 11721 11764 11837 12239 12428 12101 11880 11661 12280 12057 12153 12292 11963 12453 12484 12068 12254 12256 11974 12257 11718 12172 12310 12060 11848 11816 11673 12030 12270 11914 11952 11893 11458 11490 11891 11623 11735 11666 11574 12556 12168 11730 12073 12637 12348 12650 12277 11993 11608 11634 12629 12392 12533 12110 12510 12114 11337 11650 12249 11948 11965 11129 11753 11869 12059 12420 12020 12205 12501 11636 12410 12491 11706 12140 12164 12659 12035 12650 11813 12189 11494 12433 11870 12361 12363 11982 11699 12458 12085 11714 11877 11792 11431 12072 12068 11569 11921 12428 12444 12214 12687 12508 11237 11496 11987 11954 12240 12723 12221 11905 11629 12259 12476 11864 11908 12412 12136 11638 12064 12361 12205 11977 12261 11555 12069 12653 11911 12156 12173 11842 12331 12190 11639 12087 12359 12662 12382 11608 11862 11638 12054 11310 12532 12464 11821 11683 12412 11820 12613 12091 12720 12422 12017 12309 11646 11910 11726 12100 12314 12314 12189 12081 11845 12452 12483 12616 11926 12067 12314 12098 12363 11967 11536 12168 12386 11878 12259 11187 11679 12516 12304 11651 12157 12507 11787 11912 11754 12280 11681 12580 12043 12303 12513 12185 12218 12100 12462 12335 11970 12725 12366 12031 11890 11748 12426 12458 12108 11812 12831 12258 12212 11901 12104 11613 12467 12196 12074 11697 12250 12266 11577 11431 12289 11808 11387 11866 11854 11862 12013 12556 12281 11676 12403 12629 12312 12034 12373 12204 12260 11922 11707 11537 12050 12403 12982 12262
12002 11995 11777 12152 11529 11644 12260 12195 12159 11804 11466 11415 11760 12008 12122 11883 11926 11985 11589 10911 11834 12093 12512 12219 11744 12217 11734 11963 12071 11344 12007 11964 12319 11992 11454 11365 11538 11551 11994 11464 11802 11915 11380 12229 12562 11742 11569 11226 12609 11465 11794 11495 11791 11375 12448 11908 12001 12240 11806 11973 11827 12101 11980 11402 11875 11725 11552 11455 12562 11858 11889 11791 11650 12011 12106 12635 11960 12121 12026 11743 11981 11584 11967 11464 11581 12069 11247 11939 12289 11890 11882 11655 12353 12403 12319 12282 12002 11778 11824 12274 11778 12164 11196 12442 11798 12117 11487 12175 11657 11718 11327 11446 11820 12074 11749 11909 11669 11103 12035 11557 11385 12387 11936 11537 12150 11515 12246 11354 11688 11547 11978 11129 11985 11894 11884 11232 11538 11780 11612 12428 11847 12680 12133 11942 11928 12365 12112 12295 11572 12181 11957 11403 12259 11725 11601 11424 11500 12005 12047 11940 11731 11548 11767 11843 11925 11990 11672 12171 12168 11989 12239 12133 11420 11823 11553 11729 12155 12204 11484 11575 11470 11971 11811 11502 11754 11551 11444 11264 11530 11287 11869 11625 11852 12267 12176 11859 11563 12327 12132 12300 11942 12106 11224 11674 12274 11921 11873 11883 12530 11811 11506 11601 11956 11595 11649 11018 11444 11795 11921 12239 12130 11305 12228 11592 12043 11727 11223 11837 11831 12251 11887 12026 11201 12249 11767 12735 11539 11708 12260 11875 11568 12456 11862 11666 12045 11847 11456 11863 12039 11762 12114 12156 12043 11877 12791 12206 11277 11274 11843 11722 11863 12177 11951 11634 11453 12298 12124 11825 11589 12011 12011 10990 11909 11832 12207 12303 12487 11795 11835 12379 11336 12020 12052 11512 11979 12101 11444 12131 12114 12273 12095 11304 12107 11437 11935 11526 12014 12365 11407 11551 12366 12103 12657 11998 12151 12135 11532 11873 11685 11430 11391 11925 12113 12114 11999 11985 11726 12310 12282 12111 11609 11742 11996 11698 11933 11863 11822 12099 11839 11996 12127 11360 11383 12097 12383 11868 11814 11931 11917 11909 11630 11835 12084 12173 12138 12430 12329 11776 11722 12262 11922 12166 11976 12634 11951 11502 11670 11647 11984 12216 12076 11628 12054 12234 11943 11638 11663 11408 12193 12144 12052 11655 11860 11565 11850 11321 11754 11327 11512 11528 11565 11906 11950 12141 12109 11577 11963 12402 12443 11961 12488 11885 11935 11764 11594 11466 11697 11930 12952 12110
11456 11421 11420 11755 10904 11245 11962 11734 11651 11164 11099 11071 11527 11195 11122 11496 11380 11047 11229 10748 11316 11421 11612 11863 11571 11706 11213 11297 11272 11211 11435 11537 11753 11375 11232 10493 10994 11316 11858 10949 11698 11438 10922 11468 11896 11690 11485 11017 11675 11284 11740 11323 11520 11181 11877 10984 11292 12170 10887 11358 11320 11484 11358 10947 11285 11390 10822 11093 11646 11184 11481 11256 11006 11905 12036 11978 11367 11764 11557 11096 11436 11132 11888 11205 11067 11607 11147 11377 11819 11416 11328 11102 11502 11822 11996 11504 11481 11565 11483 11507 11316 11476 10716 11898 11245 11530 11177 11338 11512 11256 11032 11471 11325 11797 11527 11222 11440 10782 11669 10896 10776 11725 11664 11175 11683 10878 11828 10984 10853 11411 11287 10631 10966 11436 11503 10773 11232 11269 11422 12232 11418 11998 11580 11624 11074 12117 11277 11574 10964 11968 11675 11296 11551 11753 11293 11144 11249 11673 11525 11340 11385 11088 11321 11011 11327 11312 11136 11778 11838 11486 12076 11673 11412 11848 11169 11673 11615 11372 10879 11185 10971 11327 11257 11246 11352 11266 11145 10902 11354 11353 11569 11169 11481 11770 11885 11240 11556 11788 11967 11770 11308 11584 11224 11018 11956 11506 11921 11591 11768 11636 10831 11118 11817 11309 11320 10753 11155 11262 11649 11651 11124 11217 11556 11122 11531 11284 11016 11468 11380 12069 11384 12174 10729 11582 11302 12039 11337 11381 11254 11348 11366 11638 11087 11029 11118 11031 10897 11266 11404 11423 11533 11822 11680 11180 11827 12022 10978 10875 11527 11034 11401 11667 11723 11309 11019 11512 12029 11174 11163 11666 11448 11065 11664 11545 11544 11830 11830 10915 11397 11833 11221 11679 11579 10910 11557 11458 11056 11520 11717 11701 11807 10793 11114 10674 11506 11176 11925 11645 11271 11195 12001 11511 11940 11517 11613 11503 10962 11580 11269 10914 11075 11189 11542 11585 11350 11414 11153 12009 12090 11461 11314 11326 11702 11605 11658 11727 11253 11354 11579 11623 11526 10672 11174 11769 11663 10999 11262 11476 10926 11558 11174 11743 11829 11866 11335 11543 11910 11289 11331 11383 11548 11780 11398 11970 11779 11111 11302 11159 11563 11834 11539 10960 12152 11445 11569 11262 11147 11115 11791 11632 11487 11078 11320 11191 11387 10938 11527 11213 11067 11264 11179 11279 11297 11596 11989 11079 11726 11780 11328 11415 11841 11575 11685 11181 11118 11162 11414 11698 12137 11633
12388 12218 12184 12424 11879 12363 12603 12417 12376 12041 11916 11845 12463 12102 12504 12608 11991 11985 12539 11873 12192 12623 12562 12590 12357 12526 12211 12039 12477 11844 12330 12425 12748 12212 12338 11445 11912 11892 12846 11861 12518 12485 12104 12569 12865 12509 12103 11801 12889 12277 12636 12181 12107 11887 12769 12092 12455 12774 12107 12468 12438 12548 12796 12191 12575 12435 11875 11586 12861 12393 12102 12367 12081 12778 12785 12631 12083 12593 12489 12037 12160 12326 12412 11897 11673 12319 11965 12179 12913 12766 12039 12209 12927 12894 12978 12521 12395 12382 12213 12564 12192 12058 11566 12877 11904 12348 12242 12429 12122 12321 12027 12448 12040 12826 12300 12409 12153 11561 12652 11931 11786 12874 12567 12302 12618 11923 12422 11847 12150 12230 12525 11474 12215 12395 12355 11637 12132 12146 11986 13166 12462 12796 12865 12271 12016 12757 11950 12549 11952 12831 12734 12287 12647 12177 11977 12022 11790 12783 12709 12692 12076 12033 12143 12367 12457 12306 12185 12442 12540 12568 12651 12452 12050 12208 12032 12733 12546 12325 11810 12204 11988 12380 11969 11957 12286 12208 11929 11917 12350 11716 12111 11860 12120 12564 12288 12456 12138 12821 12617 12977 11929 12464 11696 12109 13023 12350 12482 12368 12544 12291 11866 11592 12610 12218 12461 11912 12031 12130 12750 12500 12069 12279 12503 11983 12585 12074 12141 12502 12543 12791 11932 13156 11676 12451 12232 13060 12142 12373 12268 12275 12015 12732 12013 11826 12375 12251 11874 12562 12308 11779 12533 12708 12536 12183 12975 12601 11966 11759 12666 12081 12566 12735 12589 11996 11790 12918 12540 11726 11990 12310 12199 11796 12407 12285 12183 12503 12728 12314 12307 12571 12343 12327 12660 11981 12400 12616 12031 12558 12367 12590 12413 11606 12234 11884 12150 12073 12636 12376 12045 12016 12717 12294 12721 12712 12863 12580 12294 12505 12011 11874 12095 12080 12767 12599 12352 12584 12115 12891 12880 12837 12250 12353 12551 12271 12846 12328 12075 12773 12595 12000 12487 11484 11960 12351 12668 12222 12281 12641 12128 12373 12601 12141 12354 12655 12235 12649 13183 12122 12451 12159 12606 12561 12236 13038 12838 12096 11921 12207 12301 12633 12268 11898 12657 12300 12042 12065 12262 11837 12974 12565 12524 12045 12518 12546 11954 11833 12191 11960 11754 12160 12081 12129 12127 12879 12644 12109 12691 13113 12660 12190 13011 12389 12587 12151 11624 12327 12369 12862 13265 12618
11460 11655 11357 11870 11222 11573 11786 11610 11599 11170 11380 10863 11147 11262 11831 11515 11562 11555 11399 10579 11518 11888 11777 12059 11848 11990 11733 11891 11805 10800 11629 11744 11936 11055 11268 11077 11101 11613 11625 10827 11908 11435 11488 11960 12332 11736 11363 11272 12144 11344 11847 11121 11563 11408 12011 11844 11783 11800 11216 11481 11415 11677 11656 11550 11739 11709 10978 10877 11991 11631 11183 11837 11364 11869 11848 11987 11261 11745 11663 11354 11725 11203 11730 11532 11503 11696 11304 11203 11815 11515 11105 11270 12018 12150 11973 11623 11413 11398 11660 11740 11482 11790 10665 12026 11150 11473 11480 11605 11553 11291 10945 11426 11279 11837 11625 11572 11334 10925 11711 11092 11283 11808 12028 11543 11730 10995 11710 11331 11576 11306 11618 11089 11257 11527 11494 11255 11398 11478 11413 12445 11361 12170 11745 11568 11675 12043 11538 11820 11120 11794 11928 11128 11883 11671 11601 11071 11435 12183 11779 11770 11370 10971 11711 11679 11888 11463 11321 12071 11806 11685 11948 11682 11249 11542 11146 11914 11547 11918 11324 11362 10927 11644 11397 11296 11292 11289 10954 10822 11533 10891 11488 11311 11129 11810 11808 11572 11437 12292 11690 12253 11672 11479 11023 11607 12196 11420 11865 11835 12201 11531 11134 11184 11749 11488 11551 10936 11013 11538 11595 11651 11532 11250 11842 11080 11875 11725 11506 11415 11646 12187 11421 12054 11143 11911 11364 12061 11499 12003 11754 11448 11274 11803 11358 11531 11788 11256 10781 11670 11916 11234 11856 12113 11917 11809 12182 11923 10962 11099 11783 11418 11707 11676 11671 11299 11374 11888 11860 11175 11291 11791 11671 10954 11392 11876 11509 12011 12111 11563 11695 12017 11641 11815 11607 11530 11600 11985 11209 11694 12138 11898 11797 10960 11945 11236 11730 11221 11904 11788 11232 11168 11709 11372 12133 11536 11968 11901 11665 11659 11366 11326 11109 11662 11861 11706 11623 11320 11553 12238 11874 11890 11608 11675 11896 11604 11728 11550 11548 11731 11550 11322 11493 10841 11272 11884 12116 11527 11983 11571 11407 11622 11737 11710 11763 12034 11810 11810 12212 11778 12033 11742 11929 11630 12170 12277 11948 11379 11541 11336 11681 11961 11378 11355 11879 11645 11521 11489 11359 11359 11852 11663 11958 11437 11568 11633 11195 11043 11465 11102 10788 11369 11258 11581 11641 11966 11910 11128 11800 12056 11981 11449 12094 11763 11777 11313 11250 11534 11355 12041 12422 11850
12804 12846 12665 13009 12111 12401 13085 12937 12623 12377 12216 12299 12898 12335 12752 12738 12662 12309 12526 12064 12837 12684 12950 13354 13186 12892 12307 12702 12805 12168 12787 12800 13036 12550 12270 11644 12554 12401 13203 12384 13293 12591 12402 12816 13246 13061 12474 12157 13397 12594 12906 12267 12458 12243 12977 12714 12929 12802 12417 12742 12642 13167 13034 12434 12694 12894 12056 12022 12930 12898 12460 12711 12703 13027 13251 13010 12244 13063 13079 12348 12719 12429 12972 12161 12601 12820 12317 12650 13029 12686 12536 12517 13110 13078 13322 12821 12586 12767 13098 12985 12458 12939 11971 13234 12492 12723 12699 12477 12689 12430 12064 12703 12773 13300 12434 12290 12522 11938 13133 12484 11866 13034 13034 12581 12776 12218 12860 12384 12724 12416 12901 12127 12462 12383 13280 12211 12481 12838 11990 13729 12749 13229 12894 13054 12714 13129 12545 13161 12410 13283 13172 12244 12941 12779 12567 12074 12643 12790 12752 12634 12479 12203 12775 12824 12964 12690 12565 13214 13222 12863 13161 12999 12146 12860 12114 12691 13110 12799 12427 12248 12385 12343 12639 12411 12357 12554 12127 12268 12621 12434 12855 12419 12492 12922 12422 12619 12793 13498 13080 13213 12850 13189 12407 12389 13232 12764 13019 13179 12931 13292 12185 12379 12873 12608 12781 12106 12475 12729 13126 12938 12754 12773 12686 12357 12769 12605 12144 12942 12461 13197 12747 13099 12028 12767 12631 13385 12373 12653 12805 12666 12558 13298 12559 12354 12424 12433 12187 12770 12718 12273 12379 12751 12927 12743 13554 13150 11949 12137 13066 12348 12469 13194 12941 12736 12064 13115 12979 12441 12177 13075 12591 12040 12837 13041 12603 13030 13094 12390 12677 13099 12830 12761 13143 12332 12709 13145 12477 12687 13047 12955 13066 12125 12681 12115 12809 12368 13049 13149 12321 12454 12775 12773 13168 13042 12972 12799 12610 12830 12404 12162 12677 12921 12739 12762 12722 12748 12390 13155 13190 13017 12793 12961 12734 12901 13028 13178 12672 13263 12772 12341 12710 11862 12232 12835 12880 12492 12416 12889 12521 13041 12751 12664 12761 13192 12695 13221 13442 12671 12766 12770 13033 13248 13000 13643 12989 12179 12646 12346 12646 12931 13055 12520 13218 12652 12799 12390 12672 12510 12993 13047 12636 12280 12989 12797 12361 12486 12522 12334 12237 12405 12606 12641 12770 13379 13158 12604 13178 13229 13016 12417 13449 12822 13055 12842 12298 12632 12747 13257 13743 12927
11757 11882 11840 12085 11602 11912 11964 11909 12060 11760 11537 11246 11675 11420 11784 11860 11905 11343 11559 11107 11928 12050 12224 12217 12329 12234 11810 12087 11853 11814 12097 11809 12064 11734 11678 11058 11563 11732 12111 11755 12012 11779 11542 12067 12560 12055 11671 11589 12187 11333 12213 11734 11841 11467 12056 11845 11743 12402 11703 11983 11933 11978 11813 11724 12239 11846 11295 11022 12315 11692 11738 12042 11615 12112 12259 12558 11779 12377 11919 11374 11558 11492 11858 11593 11339 12063 11231 11681 11988 12145 11729 11534 12446 11899 11986 12079 11918 11710 12252 12168 11934 12199 11091 12377 11614 11772 12008 11748 11842 11463 10980 11691 11635 11948 11790 11397 11628 10955 12046 11314 11364 12324 12298 11515 12043 11629 12355 11555 11580 12030 11797 11287 11552 12089 11931 11145 11572 11486 11714 12489 11735 12817 11906 12179 11850 12252 11864 12229 11438 12573 12107 11676 12260 12034 11438 11347 11850 11918 11898 11733 11664 11546 11935 11552 12080 12032 11744 12073 12393 12259 11933 12398 11604 12101 11409 11928 11769 12272 11525 11428 11414 11497 11590 11761 11605 11455 11825 11301 11753 11472 11869 11543 11497 12116 11911 11645 11645 12204 12320 12319 11543 12030 11369 11584 12567 12042 12167 12115 12262 11747 11341 11604 11845 11669 11760 11598 11545 11671 12084 12163 11980 11553 11991 11631 12027 11734 11534 11771 12016 12297 11970 12338 11220 12051 11420 12449 11691 12052 11890 12293 11267 12129 11827 11512 11511 11801 11509 11728 11986 11309 11710 12146 11998 11795 12457 11969 11263 11186 12017 11532 12040 12298 12406 11828 11603 12229 12288 11373 11639 12290 12028 11225 12190 11579 11983 12056 12490 11880 11955 12204 11858 12030 11854 11536 11816 12037 11228 11944 12268 12117 12172 11291 11865 11548 11954 11889 11973 12010 11365 11582 12132 11750 12468 11944 12339 12056 11913 11851 11853 11440 11624 11902 11559 11849 12013 11762 11728 12424 12254 12118 11699 12201 12101 12058 12097 12183 11621 12213 11744 11357 12127 11072 11970 11941 12227 11546 12143 12049 11402 12024 11849 12094 12022 12113 12244 11900 12451 11814 11729 11750 12283 12480 11939 12433 12315 11671 11491 11671 11794 12057 11511 11402 12233 12070 12068 11561 12158 11383 12077 11944 12066 11515 11749 11928 11247 11146 11692 11566 10986 11872 11818 11704 11559 12323 12285 11623 12193 12350 12139 11403 12200 12258 11936 11857 11432 11399 11627 12277 13018 11956
12874 12922 12545 13000 12441 12771 12850 13007 12514 12462 12447 12324 13155 12581 12921 12606 12894 12301 12599 11871 12448 12947 12931 13177 12738 13027 12678 12622 12627 12180 12856 12643 13044 12713 12710 11873 12249 12351 12925 11938 12726 12789 12288 12709 13509 13049 12444 12242 13602 12356 13079 12396 12419 12595 12834 12304 12946 13444 12460 12969 12717 12698 12747 12241 12698 12938 12268 12117 13302 12577 12412 12822 12483 12805 13187 13354 12340 12916 12579 12310 12628 12663 12673 12428 12041 13099 12016 12248 13050 12479 12369 12543 13259 12833 13054 12885 12825 12455 12958 12960 12688 12885 11544 12877 12489 12527 12331 12733 12494 12480 12201 12762 12517 13007 12824 12323 12348 11806 12598 12079 12421 13362 12711 12737 12916 12165 13189 12459 12346 12383 12544 12100 12354 12583 12457 12248 12282 12706 12274 13565 12365 13137 13007 13013 12719 13365 12535 13105 12408 12991 12897 12442 12838 12705 12491 12042 12460 12794 12866 13097 12340 12513 12707 12560 13086 12661 12265 13188 13133 12715 12971 12769 12469 12607 12246 13077 12981 13198 12382 12221 12002 12599 12408 12399 12605 12203 11872 12515 12706 11899 13007 12240 12673 13043 12764 12511 12531 13128 12780 13601 12680 12885 12091 12490 13575 12762 12912 12924 13411 12763 12432 12100 12776 12503 12928 12269 12301 12505 12933 13047 12576 12445 12427 12161 12972 12507 12204 12667 13028 13195 12742 13116 12285 12886 12567 13198 12411 12724 12552 12583 12415 13080 12579 12525 12595 12307 11839 12570 12943 12203 12882 13045 12881 12655 13172 12895 12029 11930 12879 12416 12634 12951 13242 12218 12540 13216 13107 12535 12508 12880 12661 12084 12658 12877 12652 12887 12994 12447 12676 13052 12558 12898 13052 12450 12639 13055 11958 12546 13164 12955 12727 12187 12359 12202 12756 12158 13273 12814 12096 12433 13018 12683 13495 12901 13317 13086 12507 12754 12497 12161 12125 12973 12637 12732 12774 12434 12667 13357 13035 12808 12643 12353 13062 12858 13165 12507 12258 12946 12712 12600 12579 12164 12393 13026 13095 12686 12878 12688 12760 12674 12398 12700 12882 12789 12686 12822 13003 12385 12860 12785 13043 12589 12874 13473 13164 12623 12463 12080 12479 13114 12534 12358 12849 12854 12824 12087 12719 12310 13256 12880 13082 12446 12778 12524 12099 12013 12593 12187 12197 12458 12497 12628 12722 13052 13086 12218 12960 13130 13070 12325 13294 12838 12861 12763 12460 12285 12489 12959 13716 12937
12397 12445 11977 12751 11926 12225 12273 12286 12442 11798 11680 11711 12232 12044 12015 12157 12227 12033 11982 11404 12035 12831 12423 12731 12226 12580 12036 12255 12309 11624 11932 12297 12428 12235 11899 11427 11530 12008 12588 11887 12214 12475 11862 12598 12959 11981 11894 11924 12762 12140 12697 11815 11940 11841 12730 12143 11939 12582 11715 12179 12298 12052 12370 12050 12028 12305 11543 11571 12567 12666 12219 12539 11725 12654 12813 12521 11936 12418 12266 11854 12255 12186 12653 11858 11640 12537 11656 11913 12164 12481 11827 11787 12610 12630 12590 12367 12335 12185 12337 12217 12167 12345 11738 12433 11995 12249 11992 12183 12168 12008 11578 11733 12011 12177 12253 12215 11977 11395 12361 11455 11766 12755 12348 12192 12400 11651 12520 12036 12029 11903 12437 11703 12028 12244 11971 11822 11754 11998 11943 13109 12285 12721 12432 12221 12705 12652 12010 12536 11626 12492 12602 12056 12588 12254 12022 11681 11714 12528 12397 12144 12219 11768 12202 12259 12563 12503 12109 12797 12864 12342 12194 12318 11906 12298 11562 12396 12314 12398 11993 11977 11768 12017 11987 11947 11906 11931 12002 11767 12131 11811 12228 11692 11711 12432 12284 12339 11924 12805 12120 12800 12009 12583 11701 11835 12581 12354 12435 12472 12697 12223 11447 11474 12127 11994 11732 11923 11832 11927 12135 12463 12072 11996 12366 11827 12171 12251 11578 12155 12156 12557 12359 12693 11805 12211 12026 12801 11998 12107 12385 11962 11787 12497 12146 11854 12037 12326 11665 12052 12249 11909 12421 12528 12399 12239 13028 12440 11385 11420 12443 12017 12330 12618 12758 11894 11764 12677 12323 11916 12102 12420 11809 11681 12628 12406 12392 12374 12635 12065 12082 12688 12278 12369 12118 11933 12016 12508 11720 12692 12622 12318 12295 11189 12518 11658 11877 11559 12710 12313 12098 11640 12865 12105 12812 12347 12749 12648 12081 12196 11935 11570 11721 12292 12020 12642 12464 12311 12174 12626 12744 12540 12056 12172 12479 11887 12468 12368 11600 12103 12136 12126 12345 11579 12053 12503 12741 12112 12184 12415 11846 12249 12063 12060 12152 12402 12428 12403 12551 12415 12071 12522 12755 12741 12250 12873 12675 12031 12042 11798 12427 12543 12059 11968 12582 11960 12191 11839 12027 11927 12410 12308 12410 11947 12324 12231 11938 11408 11926 11685 11586 11760 11959 11854 12134 12588 12542 11581 12428 12973 12620 11674 12507 12070 12290 12130 11948 11745 12193 12717 13126 12121
12354 12652 12345 12787 12090 12319 12670 12862 12240 12172 12037 12175 12698 12173 12544 12498 12603 11864 12672 11631 12450 12810 12567 12842 12619 12812 12298 12356 12587 12205 12442 12445 12756 12281 11819 11493 12011 12588 12339 11805 12668 12473 12410 12710 13136 12392 12455 11956 12732 12228 12851 11951 12407 12152 13123 12590 12577 12873 12092 12735 12509 12598 12658 12325 12626 12472 11922 11738 12621 12638 12191 12810 12208 12877 12645 13069 12102 12662 12583 12330 12539 12293 12614 12041 12017 12481 12030 12374 12759 12086 12005 12087 12623 12896 13007 12601 12400 12077 12511 12684 12361 12820 11671 12900 12325 12443 12559 12601 12211 12092 11774 12342 12368 13089 12575 12297 11975 11672 12621 11855 12095 12872 12389 12487 12475 12391 12801 12327 12258 12159 12227 12012 12271 12355 12358 11818 12087 12237 12096 13517 12215 13210 12543 12649 12574 13172 12363 13036 11984 12821 12706 12063 12634 12747 12208 12268 12179 12594 12505 12402 12166 11899 12443 12359 12798 12246 12365 12550 13010 12579 12808 12626 12195 12357 11960 12496 12433 12772 11970 11953 12040 12484 12456 11978 12146 12262 11744 11963 12326 11784 12507 11877 12123 13102 12546 12306 12537 13164 12710 13201 12421 12687 11908 12031 13164 12429 12970 12709 12739 12495 11889 12111 12498 12448 12091 11990 12209 12261 12766 12788 12076 12421 12810 11763 12266 12419 11791 12684 12651 12989 12381 12600 12000 12542 12148 13084 12205 12497 12599 12386 12119 13109 12505 12254 12580 12584 12080 12308 12369 11831 12629 12709 12803 12301 13042 12955 11657 11969 12736 12400 12501 12841 12797 12216 12140 12791 12979 11907 12536 12768 12080 11966 12565 12569 12461 12389 12823 12385 12185 12838 12542 12669 12662 12286 12393 12649 12051 12509 12476 12722 12395 11618 12479 11858 12648 12197 12793 12369 12222 12022 12703 12637 13503 12288 13017 12532 12234 12548 12396 12243 12329 12333 12611 12569 12417 12483 11973 12916 12919 12956 12100 12506 12840 12339 12595 12926 12362 12701 12679 12356 12183 11486 12195 12801 12955 12384 12371 12518 12355 12409 12334 12504 12486 12542 12458 12845 12884 12580 12440 12588 12753 12937 12898 13390 13044 12098 12242 12311 12221 12819 12252 12442 12996 12347 12628 12198 12087 12292 12944 12605 12578 12169 12477 12416 11909 12013 12334 12073 11625 12300 11957 12375 12644 13021 12880 11970 12963 13491 12734 12038 12823 12651 12426 12359 12077 12307 12228 12857 13219 12570
12761 12732 12548 12953 12370 12564 13029 12679 12873 12429 12295 12199 12573 12339 12907 12938 12848 12483 12535 11956 12363 13025 12920 13266 12769 12722 12881 12415 12452 12154 13050 12765 13035 12605 12384 11740 12045 12488 13063 12121 12860 12582 12364 12860 13281 12857 12650 12454 13033 12374 12948 12311 12568 12041 13141 12873 12614 12944 12393 12615 12598 12417 12766 12143 12597 12664 12056 11993 12887 12869 12611 12678 12292 12850 13279 13186 12597 12951 12643 12530 12499 12470 12925 12349 12249 13242 12260 12379 12867 12710 12202 12193 13041 13228 13297 12869 12686 12493 12686 13017 12577 13065 11831 13336 12569 12517 12785 12704 12695 12582 12307 12622 12183 12804 12760 12369 12443 12339 12731 12492 11798 13710 12433 12341 12931 12189 12853 11921 12501 12390 12814 12009 12145 12619 12769 11871 12406 12500 12326 13237 12587 13022 12676 12744 12928 13106 12766 13076 12331 12796 12870 12369 12624 12707 12428 12255 12321 13184 12637 12505 12593 12617 12828 12641 12822 12705 12375 13359 13448 12957 12990 12675 12778 12599 12316 12719 12763 12804 12358 12504 12129 12434 12291 12288 12621 12618 12049 12193 12402 11909 12583 12547 12424 13055 12594 12565 12608 13354 12921 13076 12426 12788 12425 12501 12971 12819 13063 12944 13201 12711 12084 11864 12693 12572 12707 12202 12267 12883 12402 12752 12600 12780 12633 11983 12789 12188 12183 12702 12739 12930 12414 12845 12151 12812 12738 13473 12199 12299 12615 12530 12476 12949 12714 12451 12848 12476 11864 12605 12845 12093 12743 12964 13098 12823 13270 13202 12121 11998 12858 12342 12600 13270 12947 12422 12429 13134 13030 12482 12359 12859 12670 12181 12448 12945 12704 12935 13236 12358 12398 12955 12535 12689 12659 12419 12740 13003 12098 12821 13091 12649 12861 12256 12286 12160 12538 12090 12593 13169 12396 12110 13086 12993 13233 12879 12976 13205 12778 12509 12303 12924 12283 12826 12676 12597 12908 12487 12885 13117 12977 12882 12449 12614 12834 12715 13107 12350 12043 12916 12866 12218 12864 12086 12308 12865 13086 12642 12999 12886 12452 12322 12756 12553 12543 13286 12932 12939 13346 12512 12660 12879 12995 12814 12667 13461 13154 12621 12281 12500 12600 12721 12540 12182 13130 12687 12505 12262 12264 12080 13166 12862 13062 12425 12689 12755 12422 11928 12460 12250 11975 12098 12371 12463 12448 13019 12942 12381 12682 13017 13004 12589 12998 12672 12930 12660 12475 12291 12564 12811 13870 12987
11944 11728 11646 12081 11647 11437 11980 11927 12165 11963 11233 11183 11873 11483 12257 12220 12064 11478 11646 10885 11915 12345 12480 12562 11975 12079 11504 11628 12187 11822 12182 11912 12270 11652 11636 11019 11325 12014 12092 11551 12143 11547 11804 11981 12728 11906 11854 11674 12457 11875 12166 11450 11618 11740 12392 11744 11978 12285 11677 12014 11658 11915 12195 11643 11952 11934 11537 11141 12319 12196 11624 12178 11834 12152 12334 12350 11853 12033 12239 11438 11767 11693 12527 11747 11672 11894 11886 11751 12393 12171 11680 11840 12483 12341 12377 11920 11775 11802 12002 12154 11502 11970 11132 12466 11613 11868 12074 11832 11913 11674 11341 11790 11877 12145 12058 11732 11594 11362 12131 11573 11053 12182 12047 11801 12043 11877 12383 11746 11738 11601 12173 11147 11560 12025 12218 11328 11689 11610 11670 12609 12009 12630 12039 11777 11713 12471 12052 12383 11219 12551 12297 11601 12115 12141 12088 11578 11873 12150 12071 12096 11664 11470 11813 11753 12362 11705 11612 11984 12231 12032 12407 12003 11705 11803 11246 11930 11908 11765 11540 11235 11296 11828 11727 11535 11642 11783 11563 11498 11774 11404 12123 11634 11647 12115 11910 12078 11911 12701 12092 12590 11793 12064 11501 11402 12424 11854 12399 12090 12465 12120 11336 11445 12056 11620 12020 11411 11341 11994 12437 12248 11842 11949 12155 11455 11829 11836 11355 12157 11846 12456 11970 12178 11459 12181 11934 12460 11707 11556 12008 11757 11730 12215 11793 11655 11846 11563 11543 11827 11908 11331 12122 12104 12067 11744 12679 12341 11293 11487 12118 11462 11863 12176 12158 11991 11536 12342 12534 11476 11761 12193 11821 11299 11894 12021 11751 12219 12612 11587 11901 12469 11908 12117 12385 11879 11950 11937 11538 11994 12190 12076 12006 11338 11960 11367 11963 11788 12256 12271 11175 11623 12352 11956 12381 11772 12132 12082 11602 11881 11785 11559 11531 12345 11897 11778 11869 11860 11742 12511 12155 12247 11740 12317 12327 11882 12366 12104 11360 12157 12021 11704 11983 11041 11890 11889 12423 11549 11873 12218 11575 12125 11480 11871 11768 12620 12163 12293 12319 11740 11656 12107 12205 12047 12145 12740 12382 11618 11746 11700 11721 12146 11965 11695 12365 11790 12313 11687 11500 11552 12160 12179 12095 11551 11958 11802 11594 11438 12033 11178 11581 11639 11443 11710 12045 12333 12467 11685 12429 12453 12293 11792 12454 12270 12071 11584 11568 11559 11850 12425 12741 12280
12436 12498 12044 12757 12115 12291 12429 12727 12450 12272 11905 11761 12015 12008 12450 12352 12598 11772 12000 11564 12081 12650 12547 13010 12483 12623 12203 12367 12641 11903 12081 12132 12878 12091 12288 11454 11681 12236 12483 11990 12438 12363 12065 12554 13177 12312 12047 11740 12799 11923 12868 11920 11895 12239 12521 12120 12526 12766 11951 12400 12170 12186 12488 11939 12374 12472 11491 11393 12669 12357 12037 12526 12102 12443 12884 12923 12223 12483 12336 12138 12433 12207 12424 11770 11907 12426 12178 11842 12942 12476 12027 12029 12839 12889 12809 12157 12197 12131 12251 12669 12250 12409 11531 12450 12003 12175 12047 12187 12419 12003 11499 12099 12129 12782 12072 12415 11688 11539 12309 11875 11674 12533 12568 12409 12440 12023 12597 11572 12342 12387 12265 11747 12076 12062 12302 11875 11710 12404 12350 12953 12421 12570 12581 12362 12294 12852 12504 12636 11736 12761 12495 12103 12593 12254 12252 11810 12215 12711 12505 12592 11991 12011 12204 12214 12711 12396 12103 12811 12954 12461 12452 12398 12025 12430 12099 12343 12601 12432 12081 11828 11737 12448 11721 11837 12321 11992 11785 11710 12261 11746 12080 12142 12071 12507 12460 12081 11689 12633 12156 12874 12217 12277 11904 12070 12838 12065 13003 12675 13110 12159 11728 11904 12494 12170 12290 11754 11580 12266 12561 12370 12072 12331 12615 11659 12229 11775 11959 12341 12487 13018 12436 12612 11642 12689 12445 12821 12053 12066 12394 12404 12044 12508 12129 12399 12509 11889 11725 12161 12224 11692 12481 12701 12658 11915 13106 12613 11681 11889 12525 12130 12469 12861 12502 12150 12000 12733 13005 11922 12320 12714 12236 12036 12252 12356 12344 12152 13024 12181 12119 12437 12375 12401 12629 12097 12180 12575 11658 12353 12818 12306 12418 11840 12385 11862 12374 12033 12560 12758 12057 12013 12531 12384 12964 12483 12781 12758 12241 12463 11732 11967 11843 12607 12367 12309 12467 12228 12043 12739 13015 12751 12013 12379 12483 12205 12330 12342 11924 12475 12263 11996 12684 11781 12036 12547 12668 12263 12431 12817 11829 12181 12235 12336 12451 12536 12357 12723 12762 12075 12227 12362 12719 12446 12565 13133 12887 12232 12265 12166 12514 12557 11938 12223 12532 12469 12031 12013 11940 11815 12699 12246 12372 11913 12087 12372 11902 11547 12264 11673 11812 11812 11819 12317 12077 12567 12385 11887 12433 13051 12771 12008 13109 12738 12374 12174 11983 12448 12084 12798 13458 12760
12570 12485 12432 12657 12304 12169 12353 12452 12101 12103 11743 11785 12083 12157 12610 12257 12435 11991 12182 11472 12118 12921 12560 13076 12602 12376 12389 12131 12155 11842 12144 12324 12743 11846 12037 11332 11717 12335 12725 12126 12558 12182 11790 12305 13155 12611 12136 11903 12706 11733 12605 11992 11922 11578 12756 12286 12310 12698 11865 12365 12456 12317 12538 12064 12055 12237 11620 11529 12790 12488 12275 12276 12091 12520 12650 12810 11990 12612 12561 12151 12164 12078 12069 11749 11800 12673 12123 12101 12740 12115 11797 11882 12393 12525 12497 12438 12431 12021 12471 12568 11975 12171 11554 12844 11910 12411 12104 12307 12335 12044 11762 12022 12442 12313 12408 11844 11926 11736 12697 11645 11466 12942 12416 12002 12675 11941 12805 11949 12125 12408 12336 11740 11908 12240 12183 11709 12032 12385 11958 13257 12113 12872 12533 12313 12131 12805 12327 12763 11567 12856 12463 12113 12296 12018 12223 12207 12143 12503 12732 12136 11836 11938 12547 12183 12678 12197 12368 12614 12577 11885 12432 12540 12136 12367 11823 12054 12489 12584 11727 11978 11722 12245 12149 11856 12119 11822 11888 11838 12324 11745 12100 11703 11968 12724 12296 12137 12051 12839 12784 12821 12068 12530 11826 12180 12839 12021 12551 12616 12882 12459 11548 11568 12392 12084 11984 11735 11773 12303 12410 12850 11912 12217 12277 11636 12367 12055 11719 12485 12102 12889 12370 12518 11908 12581 11938 12494 12028 12369 12455 12303 11754 12677 12356 11640 12188 11877 11696 12149 12372 12030 12479 12552 12200 12196 13028 12841 11533 11590 12416 11906 12202 12783 12522 12205 11778 12396 12292 12447 11988 12539 12616 11996 12490 12575 12518 12508 12785 12052 11942 12688 12323 12263 12305 11899 12252 12536 11610 12140 12695 12240 12244 11627 12130 11734 12378 11991 12834 12673 12004 12061 12774 12298 12938 12371 12639 12285 12414 12361 12067 12000 11823 12313 12200 12494 12155 12231 11853 12780 12509 12701 12231 12500 12723 12126 12596 12550 12029 12401 12237 12307 12593 11547 11917 12468 12693 12259 12461 12497 11789 12390 12133 12153 12252 12639 12324 12569 12586 12116 12008 12261 12628 12733 12665 13052 12691 12436 12169 11944 12211 12481 12472 12134 12615 12253 12572 12080 12108 11882 12682 12534 12326 12129 12456 11896 11970 11632 12366 11762 11916 11738 11933 11684 12136 12674 12662 12011 12497 12961 12478 11937 12832 12630 12572 12098 12142 11888 12100 12435 13108 12737
11729 11604 11815 12242 11526 11465 11758 11927 11311 11669 11250 11451 11994 11413 11649 11771 11464 11193 11806 11334 11566 11600 12049 12048 11917 12122 11757 11640 11706 11302 11534 11641 12102 11419 11457 10648 10887 11852 12260 11257 11744 11957 11065 11585 12246 11737 11514 11374 11929 11275 11932 11623 11327 11138 11929 11582 11606 12136 11648 11592 11708 11691 11970 11480 11735 11943 10867 11029 11823 11634 11318 11810 11231 11808 11703 11976 11487 11790 11466 11583 11764 11492 11779 11199 11126 11736 11222 11285 12136 12003 11543 11433 11939 12209 12115 11710 11878 11304 11494 11805 11970 11704 10953 11973 11481 11725 11514 11423 11641 11682 11094 11613 11457 11916 11964 11181 11188 10737 11919 11309 10798 12227 11837 12008 11524 11308 11862 11446 11411 11455 11712 11102 11523 11473 11693 11155 11577 11603 11200 12651 11678 12301 11441 11512 11752 11909 11702 12345 11070 12003 11971 11084 11432 11560 11421 11187 11529 11865 11797 11875 11610 11308 11507 11594 11903 11787 11712 11951 12017 11603 12446 11920 11522 11542 11408 11640 11898 12205 11202 11531 11116 11639 11316 11462 11691 11463 10940 10981 11536 10937 11579 11266 11478 12144 11868 11328 11503 12265 11861 12405 11442 11957 10960 11445 12524 11478 11834 11809 11915 11706 11258 11264 11547 11422 11904 11027 11377 11469 11594 12074 11319 11835 11815 10730 11865 11618 11330 11864 11952 12223 11725 11897 11399 11662 11270 12128 11349 11614 11539 11468 11087 12042 11527 11324 11698 11585 11132 11374 12130 11258 11712 11791 11979 11802 12128 12143 11164 11202 11783 11426 11795 11890 12107 11636 11224 11941 11765 11074 11526 11846 11515 11036 11906 11781 11863 11679 12271 11615 11653 11549 11455 12047 11892 11547 11477 12096 11287 11670 11809 11958 11792 11173 11508 11156 11569 11330 11661 11749 11607 11324 11822 11329 12008 11803 11889 11886 11504 11802 11180 11526 11382 11574 12009 11577 11650 11840 11240 11889 11955 11714 11369 11620 11769 11663 11758 11779 11404 11919 11960 11439 11587 11063 11401 12003 11767 11322 11676 11591 11420 11250 11548 11652 11449 12026 11615 11980 11911 11297 11905 11965 12296 11868 12074 12562 11992 11727 11515 11568 11398 12042 11685 11596 11835 11386 11450 11392 11362 11368 12286 11787 11860 11422 11842 11696 11271 10944 11671 11110 11407 11377 11516 11550 11839 11975 11848 11127 11890 12065 11869 11202 11893 11922 11915 11596 11372 11386 11409 11787 12289 11944
11990 12197 12242 12719 11789 12033 12002 12270 12150 11640 11928 11924 12245 12028 12373 12241 11963 11731 12057 11361 12428 12315 12593 12713 12554 12409 12278 12186 12163 11658 12092 12145 12461 11918 11843 11358 11770 12049 12557 11822 12432 11989 11638 12401 12565 12283 11926 11579 12853 12284 12702 11938 12104 11780 12325 12173 12442 12589 11995 12200 12067 12253 12278 11866 12070 12309 11444 11441 12441 12187 12104 12136 12089 12521 12840 12893 12006 12451 12237 11677 12224 12012 12471 11783 11886 12389 12139 12058 12802 12342 12216 11948 12465 12418 12399 12278 12205 12153 12352 12689 12224 12542 11490 12998 11989 12144 12166 11900 11934 11907 11807 12179 12291 12187 11909 12037 12238 11690 12306 12126 11602 12639 12250 11924 12447 11850 12319 11921 11693 12147 12604 11751 12085 11846 12219 11487 12061 12040 11757 13043 12039 12270 12319 12504 12283 12581 12124 12913 12016 12583 12610 11896 12493 12360 12242 11694 11879 12426 12378 12143 11962 11891 12211 12094 12245 12391 12245 12416 12358 12171 12514 12430 11852 12328 11804 12135 12532 12057 11947 11647 11684 12098 11674 12104 11834 12043 11749 11689 11954 11953 12207 12333 11897 12559 11991 12134 11900 12503 12377 12660 12195 12500 11671 11991 12390 12373 12721 12130 12638 12492 11734 11783 12127 11969 12328 11486 11859 12320 12456 12486 12282 12389 12419 11780 12425 12277 11855 12361 12239 12497 12158 12194 11466 12402 12597 12746 12037 12143 12217 12013 11701 12663 12032 11871 12297 12046 11535 11837 12114 11892 12181 12112 12504 12131 13034 12429 11515 11653 12353 12124 12327 12458 12346 12168 11487 12529 12318 11987 11711 12471 12303 11682 12139 12346 12219 12434 12951 11824 12193 12306 12021 12494 12365 12015 12173 12630 11653 12074 12350 12436 12301 11756 12216 11665 12300 11869 12446 12768 11705 11904 12452 12030 12771 12363 12581 12706 11868 12432 12397 11832 11988 12140 12335 12260 12285 12156 11696 12824 12526 12799 12080 12497 12019 12210 12431 12425 11746 12492 12374 12038 12279 11521 12079 12137 12487 11887 11961 12222 11723 12401 11983 12387 12143 12481 12440 12693 12777 12312 12432 12338 12557 12382 12433 13012 12722 12246 12041 11999 12336 12098 11935 11864 12480 12016 12112 11975 11884 11658 12602 12596 12200 11820 12277 12380 11608 11667 12018 11859 11313 11666 12125 11636 12175 12437 12303 11644 12403 12421 12923 12049 12748 12408 12670 12273 12084 12087 12378 12957 13349 12453
11960 12434 12037 12849 11532 12040 12527 12447 12032 11766 11817 11826 12322 11870 12399 12344 11956 12013 12396 11221 11988 12871 12683 12521 12640 12441 11756 12108 12205 12091 12331 12240 12658 12150 12149 11530 11665 11983 12217 11799 12176 12085 11985 12263 12901 12385 12246 11977 12614 11829 12699 11946 11989 12014 12831 12341 12446 12984 12012 12227 12147 11948 12530 12148 12285 12494 11712 11740 12314 12261 12127 12500 11976 12529 12784 12690 12193 12466 12390 11816 12037 11926 12649 11822 11392 12460 11778 12063 12806 12435 12612 11835 13112 12491 12743 12168 12054 12014 12506 12843 12032 12341 11244 12647 12127 12161 12281 11865 12255 12136 11730 12215 12161 12605 12253 11891 12250 11573 12561 11583 11671 12846 12409 12366 12411 12035 12935 11648 11974 12211 12290 11693 11974 12386 11944 11819 11823 11976 11999 12831 12027 13054 12416 12160 12429 12686 12345 12617 11693 12790 12363 12020 12445 12272 12282 11880 12013 12659 12395 12491 11988 11930 11907 12113 12461 12206 11812 12401 12542 12309 12609 12227 12184 12365 11903 12416 12347 12651 11965 11788 11534 11848 12078 11903 12178 12045 11820 11723 12100 11726 12613 11581 12039 12580 12385 12161 11949 13016 12365 13141 12272 12545 11705 12143 12803 12230 12681 12331 12749 12396 11623 11853 12262 12317 12099 11537 11629 12229 12404 12812 11962 12577 12324 11378 12060 12570 11557 12336 12758 12945 12266 12245 11632 11979 12255 12599 11977 12015 12361 12123 11984 12704 12375 12059 12260 12165 11556 12205 12269 11765 12063 12265 12401 12239 12623 12588 11768 11483 12199 12135 12116 12625 12755 12200 12145 12664 12951 11922 11821 12219 11918 11724 12371 12414 12366 12554 12759 12292 12090 12574 12098 12500 12453 11990 12261 12614 11905 12120 12480 12604 12364 11534 11913 11650 12184 11961 12692 12313 11687 11798 12800 12169 13009 12395 12440 12622 12432 12438 11821 12033 11835 12273 12257 12361 12375 12355 11723 12667 12486 12474 12203 12170 12460 12207 12677 12287 11820 12222 12465 12259 12276 11450 11654 12539 12739 12226 12267 12436 11859 12426 12020 12343 12211 12420 12296 12421 12646 12130 12368 12337 12384 12313 12395 13249 12884 12159 12257 11823 12014 12356 12016 11985 12639 12299 12436 12135 12097 12039 12240 12283 12570 11916 12061 12215 11870 11644 12196 11494 11725 11748 11833 11990 12293 12760 12671 11813 12549 12715 12304 12372 12714 12423 12716 12175 11911 12114 12133 12693 13359 12328
12401 12693 12257 12683 12437 12415 12693 12903 12547 12216 12210 11969 12087 12360 12524 12784 12440 11842 12464 11829 12383 12934 12586 12568 12375 12833 12431 12326 12289 12030 12272 12473 12638 12667 12300 11411 11616 12174 12557 12026 12655 12523 12277 12672 13202 12606 12331 12055 12890 12392 12537 12129 12557 11963 12754 12313 12733 12569 12531 12415 12505 12324 12403 12339 12415 12574 12025 11746 12455 12500 12386 12642 12077 12909 12814 12831 12366 12950 12408 11914 12140 12299 12600 12084 12159 12681 12032 12357 12957 12462 12156 12329 12906 12788 12978 12658 12133 12132 12556 12720 12501 12771 11874 12694 11885 12456 12335 12219 12623 12273 11906 11909 12419 12689 12612 12302 12189 11753 12464 11904 11674 13038 12563 12209 12688 11869 12941 12198 12511 12325 12638 11807 11939 12155 11962 11370 12259 12364 11734 13204 12290 12796 12406 12552 12561 13033 12350 12817 11877 12795 12918 12257 12602 12388 12298 11684 12156 12932 12669 12402 12110 12301 12229 12205 12813 12443 11779 12885 12701 12416 12761 12486 11967 12249 12099 12581 12484 12697 12019 11983 12104 12332 12245 12139 12357 12115 12229 11636 11937 12036 12298 11952 12213 12736 12707 12451 12130 13070 12268 12826 12360 12671 12024 12020 13126 12559 13045 12546 13061 12704 11895 11677 12582 12421 12545 11585 12086 12408 12600 12909 12338 12168 12487 11931 12333 12194 11847 12586 12661 12927 12596 12625 11719 12547 12268 12914 12346 12730 12888 12525 12603 12592 12155 12054 12135 12030 11858 12439 12281 12143 12370 12515 12346 12346 13129 12820 11539 11896 12712 12031 12361 12723 12715 12666 11803 12394 12772 11852 12130 12761 12456 11949 12628 12684 12580 12558 12496 12234 12280 12614 12419 12228 12487 12032 12484 12730 11784 12434 12580 12487 12630 11968 12604 11921 12179 11998 12986 12947 11846 11980 12900 12004 12828 12604 12531 12633 12488 12794 12318 12110 11845 12180 12673 12300 12341 12365 12229 12836 12521 12792 12020 12152 12811 12409 12239 12497 11936 12475 12523 12264 12426 11641 11746 12488 12626 12128 12695 12550 12062 12491 12451 12673 12612 12739 12620 13163 12611 12265 12364 12783 12573 12608 12641 13141 12855 12596 12480 12200 12581 12455 12299 12121 12690 12467 12471 12023 12759 12126 12538 12708 12406 12134 12498 12484 11974 11747 12132 11667 11879 12127 12212 12023 12460 12814 12761 11815 12540 12961 12732 12320 12983 12355 12636 12590 12044 12335 12440 12687 13192 12362
11539 12017 11385 12246 11325 11566 12218 12027 11895 11703 11515 11604 11889 11534 11975 12139 11965 11526 11748 11321 11768 12020 11993 12095 12114 12223 11419 11950 12295 11609 11920 11686 12264 11884 11581 10954 11427 11719 12249 11463 12096 11768 11978 12308 12573 12054 11785 11326 12318 11396 12089 11405 11804 11715 12223 11781 12102 12314 11494 11928 12045 12256 12027 11654 11902 11959 11096 11102 11875 11808 12049 11886 11360 12238 12503 12146 11740 12113 11848 11722 12108 11669 12463 11785 11475 11979 11603 11671 12105 12210 11616 11376 12353 12132 12455 11963 11711 11752 11947 12288 12089 12162 11138 12349 11842 11994 11772 11775 12140 11744 11492 11600 11775 12386 11861 11827 11803 11255 12017 11492 11230 12373 12139 11498 12190 11269 12046 11456 11613 11814 11759 11470 11813 11905 11811 11266 11621 11765 11291 12969 12008 12309 12116 11593 11827 12307 11991 12157 11647 12385 12129 11425 12197 11986 11873 11672 11839 12267 11951 11911 11585 11549 11938 11953 12062 11898 11860 12162 12328 11995 12275 12101 11707 11986 11378 12195 11890 11805 11134 11443 11431 11893 11368 11610 11752 11570 11722 11374 11675 11426 12056 11833 11208 12114 12102 12074 11748 12626 11963 12170 11674 12077 11434 11506 12291 11945 12186 12050 12332 12080 11437 11601 11860 11786 11966 11307 11663 11770 12336 12327 11916 12125 11537 11801 12211 11482 11269 12139 11904 12648 11843 12206 11489 12003 11616 12415 11695 11644 11861 12078 11585 12497 12006 11515 11776 11741 11475 11825 11766 11553 12389 12276 12145 11679 12435 12391 11041 11178 12347 11478 12251 12289 12212 11618 11432 12421 12332 11718 11544 12419 11753 11600 11920 11876 11975 12246 12187 11857 11757 12622 11660 12053 12289 11594 12063 11988 11569 12262 11952 12067 11890 10984 11783 11293 11815 11596 12136 12251 11706 11438 12350 11802 12489 12282 12378 12119 11494 11930 11873 11458 11548 12117 12008 11874 11770 11954 11615 12210 12209 12251 11579 11987 12168 12038 12171 12481 11479 12327 12068 11567 11747 11236 11481 12179 12135 11426 11768 12268 11291 11865 11838 11878 12017 12176 11958 12213 12571 11561 11556 11743 12113 12154 12378 12677 12446 11712 11663 11794 11782 11820 11966 11528 12507 11849 12036 11608 11444 11523 12396 12117 12031 11680 11867 11755 11563 11051 11869 11171 11295 11721 11562 11677 11663 12487 12188 11529 12216 12471 12526 11510 12757 12179 12017 11722 11818 11492 11741 12090 12527 11869
11907 11576 11490 11519 11102 11228 11654 11996 11546 11241 11286 10807 11406 11086 11588 11778 11347 11185 11529 10714 11533 11643 11905 12048 11794 11947 11473 11670 11740 11206 11217 11403 11790 11127 11106 10645 11019 11843 11577 11148 11660 11446 11273 11691 12323 11703 11459 11228 11876 11243 11911 11305 11184 11096 11537 11387 11643 11962 11300 11717 11376 11871 11546 11398 11662 11468 11422 10685 11724 11422 11456 11798 10938 12000 11697 11572 11451 12143 11609 11237 11290 11208 11794 11344 11016 11687 11173 11081 11795 11438 11503 11402 11880 12128 12086 11359 11447 11465 11805 11726 11111 11793 10629 11900 11356 11511 11357 11405 11461 10853 10861 11684 11476 11699 11880 11260 11098 10924 11733 11105 11192 11928 12233 11730 11511 11248 11884 10995 11351 11463 11788 11096 11406 11599 11605 11064 11264 11279 11121 12386 11348 11821 11525 11708 11422 11971 11635 11887 11225 11804 11852 11173 11836 11505 11575 11189 11262 11693 11726 11561 11330 10911 11974 11164 11570 11627 11373 12174 11980 11444 11802 11733 11374 11670 10986 11446 11456 11792 11150 10912 11045 11363 11370 11258 11557 10832 11068 10954 11304 11302 11737 11089 11015 11866 11718 11502 11524 12143 11786 12240 11350 11957 11214 11296 12051 11614 12179 11633 11976 11462 11087 11183 11634 11515 11631 11143 11077 11313 11679 12175 11263 11402 11599 11073 11518 11473 11302 11664 11629 12217 11509 11842 11089 11768 11427 11790 11387 11836 11343 11103 11177 11591 11234 11269 11648 11376 10904 11447 11481 11248 11607 12012 11968 11366 12506 11688 10891 10887 11691 11273 11541 11850 11755 11490 11365 11689 11955 11106 11311 12123 11684 11117 11434 11392 11596 11475 11920 11273 11532 12144 11743 11758 11760 11242 11428 11773 10886 11484 11911 11567 11529 11010 11364 10856 11672 11294 11906 11759 11096 11014 11713 11352 11823 11668 11883 12063 11579 11669 11681 11183 11153 11693 11758 11472 11568 11729 11357 12200 12104 11851 11366 11360 11599 11615 11686 11647 11574 11719 11458 11237 11779 10771 11359 11798 11836 11013 11343 11548 11225 11532 11307 11778 11781 11867 11440 11696 12032 11237 11724 11715 11785 11863 11844 12628 12074 11170 11700 11417 11467 11509 11610 11412 11635 11292 11755 11551 11355 11406 11648 11890 11532 11063 11517 11689 10842 10813 11542 11029 11072 11331 11088 11211 11614 11857 11967 11007 12280 12172 11659 11245 12179 11732 11557 11867 11156 11278 11278 11952 12217 11817
12375 12392 12110 12426 11968 12071 12229 12767 12675 12125 12055 11908 12136 11828 12121 12591 12431 12015 12427 11682 12266 12671 12646 12860 12628 12790 12305 12380 12556 11992 12255 12558 12678 12310 12037 11543 11593 12210 12610 12198 12804 12580 11974 12414 13232 12588 12393 12182 12679 11978 12816 11917 12144 12031 12839 12564 12192 12750 12224 12141 12382 12310 12741 12351 12508 12503 11986 11611 12641 12554 12565 12029 11775 12680 12963 13029 12196 12892 12267 12091 12398 12160 12553 12286 11951 12560 12177 12182 12562 12381 12195 11998 12904 12708 12752 12488 12479 12236 12437 12639 12355 12630 11480 12754 11919 12324 12289 12297 12374 12169 11680 12241 12093 12383 12232 12345 12146 11755 12537 12054 11687 13162 12714 12098 12720 11966 12520 12422 12165 12023 12583 11790 12308 12265 12413 11900 12107 12327 11987 13115 12506 12846 12699 12388 12354 12869 12387 12627 11730 12734 12844 12170 12813 12519 12438 11930 12021 12763 12360 12200 12355 12051 12478 12331 12497 12642 12063 12809 12647 12296 12662 12650 12361 12506 11862 12668 12517 12462 12145 12261 11962 12105 11986 12323 12257 12231 12162 12034 12278 11998 12398 11775 12155 12681 12294 12279 11938 12780 12640 12967 12464 12837 11849 12224 12354 12193 12520 12713 12759 12476 11608 12015 12736 12227 12377 11982 12020 12077 12772 12821 12156 12225 12449 12421 12357 12104 11938 12568 12745 13130 12595 12668 11918 12816 12153 12986 12308 12428 12334 12133 12124 12366 12367 12206 12304 12527 11681 12347 12401 12208 12692 12744 12473 12367 13081 12784 11864 11657 12490 12241 12174 12744 12810 12092 12104 12844 12490 11780 12218 12811 12192 11908 12629 12444 12298 12250 12738 12081 12000 12636 12457 12649 12654 11985 12253 12510 11915 12579 12355 12495 12561 11866 12259 12044 12597 12161 12626 12928 12088 11783 12721 12245 13055 12422 13032 12829 12136 12526 12266 12213 12093 12694 12362 12587 12517 12516 12034 12698 12709 12581 12266 12387 12864 12301 12845 12544 11810 13025 12752 12159 12496 11746 12311 12529 12817 11722 12441 12570 12008 12173 12358 12506 12064 12876 12326 12673 12981 12380 12422 12550 12537 12869 12698 13239 12985 12163 12137 12179 12538 12655 12295 11970 12730 12325 12352 12366 12217 12011 12605 12531 12699 12005 12547 12402 11885 11984 12249 11999 11806 12332 11968 11709 12649 12654 12783 11682 12830 13041 12664 11925 13211 12479 12451 12340 12079 11824 12454 12802 13289 12650
12660 12687 12150 12630 12299 12116 12693 13036 12195 11838 12193 11653 11930 12289 12341 12003 12203 12153 11940 11552 12227 12668 12671 12616 12445 12613 12084 12388 12347 11770 12279 12141 12782 12013 12093 11675 11483 12091 12786 11792 12588 12403 11851 12737 12837 12239 12125 11721 12868 11876 12416 12022 11749 11624 12696 12181 12414 12682 12131 12071 12253 12289 12296 11963 12220 12493 11614 11600 12497 12237 11726 12444 11975 12607 12768 12503 11942 12773 12382 11886 11843 11845 12223 12196 12089 12662 11743 11733 12563 12287 12290 12068 12692 12581 12718 12591 12322 12254 12324 12480 12132 12469 11667 12381 11861 12317 12334 11857 12247 12218 11766 12092 12172 12821 12457 11903 12268 11483 12410 11840 11536 12930 12360 12101 12267 12019 12554 11983 12134 12417 12273 11567 11847 12088 12113 11490 12117 12076 11633 12828 12308 12671 12354 12560 12168 12700 12737 12764 11995 12691 12411 11918 12213 12441 12132 11616 11973 12508 12290 12275 12140 11795 12231 12225 12424 12082 11986 12687 12641 12389 12409 12288 11961 12301 11872 12322 12353 12253 11869 12026 11584 11963 11966 11961 12029 11876 11904 11770 12310 11972 12485 11754 11783 12747 12499 12119 12157 12820 12546 12946 12340 12226 11902 11837 13094 12522 12633 12535 12721 12248 11888 11793 12357 11941 12216 11523 11704 12349 12212 12731 11772 12074 12507 11810 12741 12167 11863 12167 12620 13033 12031 12409 11754 12569 12430 12877 11889 12498 12514 12046 12171 12554 12049 11720 12176 12209 11981 12141 11996 11693 12153 12575 12473 12190 12837 12519 11395 11937 12020 12095 12342 12711 12642 12140 11614 12392 12521 12011 11963 12445 12410 11645 12689 12703 11935 12459 12285 12166 12181 12854 12298 12807 12074 12381 12417 12518 12032 12171 12465 12665 12331 11886 12339 11589 12148 12016 12244 12662 11980 11640 12501 12361 13113 12157 12443 12454 12127 12715 11910 12219 11982 12211 12412 12390 12573 12144 12005 12894 12556 12633 12309 12130 12486 12243 12592 12228 11907 12374 12489 11944 12516 11403 12297 12551 12759 12053 12426 12509 11747 12311 11887 12278 12230 12860 12509 12634 12611 12037 12454 12211 12572 12465 12400 12697 12765 12196 12193 11917 12070 11909 12075 11987 12303 12271 12360 12188 12204 12102 12721 12518 12431 12267 12232 12553 11734 11684 12496 11882 11876 11867 12120 12239 12178 12710 12569 11881 12523 12706 12607 12095 12815 12445 12575 12136 12127 11945 12254 12707 13124 12445
12251 12233 12086 12347 11766 12186 12235 12441 12348 11822 11933 12014 12332 11957 12255 12317 12107 11914 12355 11600 11931 12413 12467 12811 12352 12393 12032 12048 12245 11901 12111 11904 12592 12091 11678 11105 11922 12040 12713 11885 12441 12327 12087 12377 13287 12376 11868 11902 12448 11805 12801 11944 11865 11851 12639 12238 12037 12611 11916 12312 12107 12494 12291 11846 12206 12376 11467 11517 12370 12201 11949 12190 11869 12565 12623 12490 11840 12157 12003 12005 12164 12042 12246 11967 11683 12202 11627 11829 12729 12390 11729 11871 12415 12774 12514 12306 12024 11869 11940 12288 11982 12213 11364 12606 11823 12308 12096 12244 12208 12068 11781 12222 12284 12537 12101 11964 12031 11487 12500 11801 11415 12763 12239 12184 12140 11566 12330 12009 12205 12017 12281 11540 11864 12158 12365 11760 11614 11848 11675 12813 12221 12682 12159 12267 12212 12498 12073 12521 11900 12523 12261 11906 12487 12093 12111 11715 12085 12294 12310 11977 12176 11622 12151 12180 12627 12085 11935 12550 12443 12057 12160 12293 11862 12374 11814 12229 12384 12326 11354 11481 11807 12134 11872 11875 11730 12128 11937 11615 12124 11444 12141 11782 11941 12428 12154 12229 11919 12737 12378 12793 11994 12404 11535 11958 12846 12276 12488 12397 12592 12095 11660 11824 12367 12193 12582 11784 11761 11908 12529 12539 11976 12154 11797 11744 12068 12240 11776 12324 12159 12560 12278 12394 11704 12401 12074 12585 12061 11872 12197 12235 12031 12499 12308 11537 12136 12075 11553 12284 12055 12182 12392 12249 12332 12415 12564 12606 11491 11528 12335 12029 12094 12709 12445 12127 12201 12621 12281 12010 11921 12507 11853 11917 12334 12429 12355 12243 12455 11895 12369 12581 11837 12344 12627 11826 12483 12319 11640 12154 12345 12325 12192 11587 12247 11401 11805 11774 12241 12402 11785 11686 12348 12167 12996 12324 12241 12561 11777 12491 11835 11896 11750 12202 12229 12081 12111 12026 12063 12447 12626 12547 12131 11827 12208 12117 12230 12066 11675 12474 12499 11953 11837 11794 11847 12294 12698 11993 12264 12243 11784 12010 12111 12279 12334 12319 12304 12675 12812 12254 12248 12251 12492 12152 12375 12858 12652 11923 11950 11779 11868 12289 12178 12102 12403 12331 12617 11650 12083 12030 12439 12419 12527 12008 12301 12225 11591 11612 12022 11810 11579 11460 11871 11761 12267 12441 12230 11674 12343 12938 12614 11929 12835 12337 12085 11986 11803 11654 11916 12271 13022 12350
12081 12180 11576 12211 11712 11662 12442 12284 11995 11729 11648 11547 12102 11702 12082 11907 11965 11413 11756 11108 12034 12066 12492 12178 11938 12203 11895 11910 12061 11441 12108 11670 12189 11548 11893 11297 11345 11850 11844 11613 12146 12000 11863 11936 12813 11934 11764 11925 12591 11620 12445 11411 11619 11596 12055 12078 12015 12461 11971 12147 12042 11723 12286 11777 11953 12139 11401 11271 12108 12015 11576 12189 11551 12229 12049 12170 11824 11923 11966 11538 11875 11491 12035 11705 11721 12265 11401 11643 12400 11773 11525 11523 12367 12415 12348 11901 11994 11804 12132 12211 11585 12035 11377 12384 11408 11671 12029 12045 12053 11848 11425 11896 11672 12189 12192 11729 11858 11388 12094 11472 11325 12567 12185 11976 12131 11562 12456 11672 11585 11506 11929 11420 11445 12108 11856 11318 11815 11768 11602 12832 11962 12205 12098 12023 11913 12556 11795 12383 11450 12147 12396 11509 12498 11825 12133 11200 11548 12190 11951 11945 11600 11513 11905 11933 12299 11643 11951 12470 12110 12202 12305 12292 11566 11886 11804 11851 12156 12165 11353 11858 11391 11937 11762 11637 11763 11798 11470 11390 11667 11248 11863 11708 11904 12360 12011 11839 11552 12528 12128 12601 11832 12232 11552 11816 12382 12052 12255 12239 12473 11877 11561 11240 11797 11582 12270 11542 11399 12004 12035 12484 11851 11820 12044 11504 11943 12000 11458 12118 12116 12501 12045 12014 11535 11968 11791 12516 11697 11979 12147 11739 11717 11865 11899 11543 12007 11957 11508 11758 12012 11599 12471 12305 12066 12011 12621 12184 11345 11386 11898 11498 11903 12236 12196 11849 11739 12054 12445 11633 11647 11854 11768 11335 11807 12135 12367 12135 12491 11702 12002 12367 12155 11870 12246 11722 11854 12046 11432 11754 11913 11841 11928 11313 12056 11048 12083 11731 12427 12258 11983 11493 12261 11904 12525 11771 11998 12096 11936 12140 11917 11808 11507 11841 12060 11729 11592 11955 11675 12582 12453 12114 11755 11991 12032 11976 12357 12001 11722 11806 12319 11772 12243 11101 11643 12167 12242 11560 12148 11818 11440 11970 11684 11838 12011 12133 12122 12425 12381 12309 11715 12183 12390 12333 11823 12724 12224 11697 12049 11788 11401 12133 11910 11693 12199 11780 12068 11697 11634 11824 11981 12014 12272 11449 11678 11884 11553 11261 11898 11166 11388 11484 11625 11835 11811 12353 12342 11563 12089 12343 12182 11355 12690 12001 11961 11904 11714 11661 11332 12250 13211 12252
11533 11683 11575 12025 11383 11135 11710 11939 11625 11491 11187 11067 11546 11507 11637 11910 11756 11555 11366 11149 11229 12025 11693 11980 11473 12062 11533 11522 11869 10846 11539 11665 12012 11490 11459 10807 10899 11198 11781 11182 11488 11772 11309 11900 12148 11590 11295 10933 12190 11093 11948 11130 11528 11298 11956 11539 11641 11836 11396 11655 11616 11432 11847 11217 11302 11423 10876 11286 11922 11795 11703 11909 11516 11800 11724 12033 11484 11782 11324 11462 11553 11526 11725 11016 11518 11855 10790 11263 11874 11349 11588 11050 11974 11923 11919 11708 11849 11355 11665 11824 11633 11562 10921 12022 11506 11593 11472 11463 11404 11480 11376 11349 11806 11764 11673 11375 11202 10680 11697 10722 10772 11975 11645 11345 11722 11235 11813 11264 11354 11272 11603 10848 11246 11288 11464 10970 11338 11570 11393 12402 11425 12248 11633 11666 11594 12392 11694 11792 11123 11860 11672 11196 11872 11041 11758 11135 11346 11903 11572 11762 11567 11125 11733 11253 11704 11716 11420 12083 12145 11818 11876 11503 11350 11751 11079 11719 11778 12051 11232 11305 10980 11519 11454 11379 11200 11217 11337 11108 11503 10968 11183 11151 11488 11826 11859 11765 11370 11968 11826 12175 11080 11802 11124 11432 12082 11740 11755 11730 12188 11350 11123 11211 11585 11448 11024 10914 11073 11096 11594 11901 11313 11393 11853 10960 11506 11416 10921 11455 11546 11936 11528 11694 11343 11891 11809 11953 11616 11303 11411 11554 11394 11836 11581 11321 11399 11514 10957 11429 11647 11490 12016 11774 11884 11793 12110 12055 10790 11240 11751 11344 11861 12170 12175 11570 11384 12202 11895 11308 11393 11931 11693 10920 11656 11656 11520 11748 12095 11552 11804 11800 11356 11815 11490 11492 11698 12077 11082 11789 12137 11872 11642 10800 11610 11303 11614 11130 12026 11969 11536 11205 11926 11800 12018 11779 11831 11798 11030 11689 11076 11230 10961 11599 11661 11743 11761 11589 11400 11584 11902 12130 11444 11752 11440 11448 11846 11626 11196 11774 11588 11581 11706 11162 11286 11876 12042 11595 11835 11643 11272 11624 11330 11349 11479 11615 11781 12083 12141 11422 11429 11706 11898 11816 11786 12446 12139 11406 11463 11036 11741 11694 11420 11671 11643 11582 11650 11315 11141 11055 11524 11617 11994 11200 11502 11621 11321 10762 11208 11093 10680 10977 11111 11263 11455 11765 11900 10998 11327 12051 11885 11487 12099 11497 11496 11448 11185 11073 11321 11940 12440 11783
12346 12207 12241 12792 11884 11840 12367 12258 11973 11889 11579 11678 12201 12283 12347 12153 12326 11848 11685 11474 12279 12634 12521 12663 12455 12236 12097 12028 11970 11423 12136 12199 12530 12156 11804 11288 11697 11893 12344 11783 12360 12378 11867 12116 12996 12371 11770 11644 12590 11732 12509 11714 11962 11569 12533 11980 12455 12361 11905 12366 12212 12265 12172 11728 11810 11883 11484 11772 12648 12416 12078 12077 11984 12207 12582 12733 12088 12177 12176 12019 12092 11900 12170 11811 11955 12394 11877 11776 12559 12351 11762 11916 12325 12233 12516 12053 12017 11877 12385 12451 11934 12311 11362 12681 11844 12208 12035 11911 11900 12052 11632 12186 12027 12788 12319 11925 11775 11581 12376 11670 11421 12516 12239 11982 12050 11573 12546 11808 12040 11938 12129 11480 11898 12187 11993 11702 11741 12431 11551 13073 12123 12500 12396 12410 12226 12561 12240 12767 11438 12657 12377 11815 12618 11657 12247 11751 12157 12339 11983 11995 11746 11716 12279 12149 12489 12046 11960 12600 12709 12054 12333 12343 12104 12127 11806 12338 12207 12453 11626 11461 11746 11782 12187 11779 11871 11945 11236 11916 12016 11767 12211 11950 11758 12545 12075 12109 12049 12558 12449 12903 12261 12090 11771 11984 12624 12310 12371 12431 12736 12230 11634 11585 12530 11761 12278 11576 11850 12101 12255 12240 12018 12063 12241 11508 12177 11965 11708 12137 12142 12350 12043 12511 11450 12302 12108 12704 11793 11886 12421 12282 11968 12337 12135 11669 12110 11915 11328 11913 12174 11670 12237 12243 12571 12102 12864 12167 11500 11418 12333 11860 12087 12690 12152 12068 11896 12666 12538 11944 11962 12481 12138 11262 12226 12409 11973 12269 12676 11694 12129 12673 12268 12428 12254 11977 12256 12369 11751 11993 12599 12019 12567 11661 12172 11653 12149 11590 12347 12741 11985 11732 12347 11803 12563 12348 12473 12068 11921 12298 11901 11781 11679 12217 11984 12069 11853 11748 12026 12834 12339 12656 11782 12422 12351 11975 12438 12462 11772 12566 11831 11950 12074 11684 11927 12423 12357 11917 12323 12358 11950 12017 12283 11926 12298 12158 12266 12575 12449 12141 11734 12063 12625 12576 12594 12872 12685 11951 11751 11645 12233 12396 12030 11927 12691 12160 12308 11883 12201 11677 12618 12309 12360 12100 12411 12227 11669 11471 11944 11685 11516 11888 12007 11911 11921 12709 12295 11800 12156 12752 12261 11980 12974 12148 12357 12019 12266 11728 12035 12575 13147 12291
11878 11858 11622 12303 11371 11543 11906 12472 11730 11354 11387 11455 11774 11540 11761 11920 12101 11514 11727 10868 11501 11942 12249 11964 11653 12289 11830 11719 11935 11391 11861 11673 12077 11809 11624 11046 11211 11444 11911 11324 11759 11648 11577 11749 12750 11751 11521 11465 11898 11370 12041 11374 11424 11455 12181 11634 12061 12246 11445 12003 11719 11614 11887 11407 11607 11686 11472 11007 12091 11716 11438 11669 11466 12042 11996 12055 11295 11669 11951 11639 11691 11502 12116 11332 11237 12031 11234 11540 11930 11857 11467 11361 12159 12398 12333 12029 12140 11964 11782 11933 11736 11966 11047 12219 11449 11693 11482 11594 12064 11600 10955 11581 11506 11993 11635 11459 11576 10973 11861 11340 11320 12271 12002 11635 12018 11363 12358 11523 11483 11658 11819 11163 11627 11799 11682 11189 11628 11821 11314 12331 11716 12402 11838 11694 11753 12107 11679 12048 11210 12080 11892 11552 11957 11668 11856 11572 11723 12008 11888 11744 11505 11229 11590 11739 11838 11654 11331 12217 11915 11874 11650 12006 11377 11994 11339 11939 12123 12047 11343 11140 11044 11775 12024 11460 11657 11604 11543 11090 11785 10910 12051 11157 11239 12108 11968 11617 11559 12101 11694 12491 11574 12066 11584 11341 12134 11928 11869 11922 12080 11894 11343 10946 11774 11499 11520 11122 11640 11374 11941 12031 11400 11615 11966 11446 11804 11692 11278 11968 11667 12334 11703 12071 11441 11759 11597 12220 11728 11719 12130 11679 11270 11865 11800 11650 11799 11406 10947 11365 11631 11645 11442 11858 11774 11839 12451 12116 11090 11117 11856 11550 11744 12203 12140 11528 11597 11995 12071 11441 11729 12081 11710 11337 12258 11709 11995 11928 12119 11703 11825 12423 11770 11913 12193 11396 11862 11870 11288 11775 11986 11785 11960 11272 12076 11278 11794 11384 11858 11746 11296 11523 12320 11595 12374 11738 12206 11981 11676 11954 11659 11480 11116 11794 11632 11547 11566 11577 11545 11850 12236 12053 11554 11984 11914 11700 12089 11970 11423 12120 11986 11677 12099 11167 11285 12231 11928 11757 11735 11912 11460 11993 11868 11650 11954 12102 11850 12085 12492 11744 11545 11802 12137 12302 12007 12625 12266 11714 12079 11333 11583 11817 11853 11620 11938 11454 12106 11750 11381 11669 11975 12086 11906 11297 11816 11890 11367 10931 11733 11011 10812 11467 11602 11600 11606 12030 11770 11141 11948 12564 12236 11678 12195 11729 11946 11578 11408 11104 11488 12044 12738 12080
11361 11801 10926 11739 11213 11373 11677 11661 11398 11429 10964 11025 11259 11346 11702 11489 11897 11279 11349 10997 11382 11790 11696 11932 12013 11869 11433 11419 11813 11244 11639 11494 11840 11504 11334 10715 11047 11464 11515 10715 11942 11177 11497 11496 12331 11503 11090 10884 12306 11388 11527 10698 11227 11345 11599 11800 11812 11947 11388 11778 11434 11526 11691 11342 11247 11463 10799 10816 11814 11331 11717 11490 11261 11799 11908 11796 11620 11567 11622 11379 11750 11298 11804 11372 11079 11644 10983 11178 11705 11675 11327 11126 12056 12005 11953 11756 11802 11434 11661 11715 11287 11551 10565 12099 11333 11738 11505 11360 11560 11273 11043 11330 11302 11772 11287 11349 11253 10766 11791 11020 11158 12225 11425 11542 11474 11340 11725 11263 11546 11558 11746 10925 11464 11471 11472 10927 11223 11404 11151 12505 11576 12102 11554 11482 11613 11988 11688 11961 11124 12186 11826 11325 11733 11708 11741 11236 11471 11757 11779 11528 11223 11077 11625 11662 11510 11594 11611 11824 11628 11339 11797 11792 11315 11711 10982 11406 11913 11805 11131 11162 10847 11695 11069 11287 11624 11495 10862 11074 11122 11216 11536 11742 11255 12014 11566 11682 11292 11858 11567 12150 11547 11701 10940 11510 12125 11465 11770 11644 12054 11722 10799 11440 11598 11373 11291 11100 11153 11357 11894 12069 11616 11443 11779 11213 11530 11358 11254 11757 11336 12060 11592 11556 10867 11488 11394 12186 11323 11338 11587 11572 11188 11725 11557 11484 11624 11276 10974 11526 11747 11399 11937 11790 11626 11681 11960 11839 11012 11244 11682 11109 11625 11823 11842 11033 11018 11919 11933 11342 11288 11816 11566 11034 11975 11770 11594 11963 12193 11558 11631 11976 11370 11669 11893 11190 11711 11627 11115 11648 11736 11553 11501 10728 11440 11176 11849 11228 11704 11928 11372 11038 11718 11438 12269 11679 12012 11596 11612 11579 11329 11354 11211 11724 11626 11647 11585 11534 11407 12025 11944 11911 11526 11630 11803 11763 11703 11541 11260 11682 11672 11390 11959 10921 11537 12091 11845 11436 11619 11502 11512 11281 11565 11749 11705 11586 11773 11928 12234 11323 11423 11580 11316 11764 11665 12295 11700 11537 11582 11502 11319 11540 11476 11456 11780 11452 11605 11291 10909 11002 11957 11822 11595 11501 11690 11275 11235 11116 11431 11118 10779 11113 11535 11204 11669 12083 11875 11186 11656 12038 11801 11185 12123 11883 11623 11578 11254 10992 11281 11899 12363 11642
12248 12591 12410 12976 12245 12489 12738 12868 12442 12330 12087 12274 12505 12342 12679 12533 12583 12305 12240 11762 12501 12697 12910 13256 12942 12728 12516 12470 12620 11914 12444 12822 13098 12334 12062 11610 11830 12088 12900 12155 12614 12234 12244 12522 13190 12557 12540 12039 12894 12146 12815 12313 12423 12085 12953 12358 12449 13127 12154 12635 12647 12690 12318 12241 12128 12543 11927 11737 12787 12451 12523 12847 12156 12753 12887 13072 12384 12783 12646 12099 12606 12059 12818 11916 12120 12757 12087 12336 12816 12511 12146 12014 12992 12843 12746 12597 12486 12231 12381 12741 12464 12591 11774 13360 12457 12518 12235 12341 12610 12607 11966 12273 12391 12817 12359 12143 12208 11840 12676 11935 11627 12911 12679 12243 12659 12078 13022 11769 12439 12344 12745 12004 12246 12584 12551 11811 12103 12599 12202 13277 12409 12803 12575 12842 12563 13155 12271 13320 12105 13019 12762 12217 12637 12444 12433 12241 12512 13102 12879 12302 12089 11670 12413 12204 12843 12341 12034 12829 13089 12325 12653 12792 12213 12664 12217 12724 12816 12672 11977 11960 12200 12284 12442 12157 12337 12250 12200 11784 12425 12052 12208 12347 12514 12902 12566 12412 12512 12878 12584 13251 12226 12597 12122 12153 12856 12225 13070 12525 12806 12845 12083 12139 12648 12405 12369 11908 11796 12633 12481 12624 12093 12627 12601 12036 12569 12232 11993 12731 12404 13228 12460 12628 11622 12967 12538 12945 12242 12233 12416 12430 12204 12843 12547 12019 12642 12377 12126 12498 12341 12170 12682 12460 12829 12353 13163 12872 11929 12110 12621 12091 12349 12760 12784 12607 11929 12583 12839 12198 12243 12787 12669 12129 12633 12790 12736 12844 13522 12300 12278 12915 12381 12560 13249 12428 12299 12729 12227 12314 12520 12606 12865 11937 12643 12204 12385 12256 12617 13034 12262 12121 13072 12532 12945 12612 13014 12965 12440 12615 12428 12146 12441 12651 12790 12369 12379 12662 11969 12966 13101 12737 12290 12745 12635 12690 12610 12608 12283 12663 12692 12263 12548 11857 12213 12673 12853 12201 12194 12517 12142 12577 12297 12251 12580 12868 12432 13318 12706 12478 12602 12348 12738 12697 12747 13624 12821 12626 12441 11949 12465 12626 12494 12242 13141 12476 12644 12389 12583 12280 12730 12645 12576 12162 12631 12304 12140 11881 12335 11846 11789 11872 12387 12467 12356 12566 12848 12091 12551 13031 12934 12513 13042 13074 13091 12586 12150 12296 12325 12918 13425 12629
12163 12179 12098 12578 11862 11852 12362 12383 12223 11897 12182 11851 12216 11776 12245 11890 12060 11859 12002 11171 12336 12336 12304 12764 12628 12474 11685 12118 12571 11468 12354 11872 12332 11749 11685 11060 11429 11894 12148 11456 12049 12048 11885 12490 12519 12235 11937 11508 12748 11941 12458 11630 11602 11827 12460 12281 12309 12539 11489 11715 12220 12056 12335 11948 11823 12413 11499 11201 12449 12212 12171 12126 11668 12657 12362 12328 11729 12274 12196 11789 12113 11850 11972 11981 11863 12205 11834 11608 12388 11835 11733 11667 12311 12390 12534 11881 12094 11782 12514 12589 11690 12108 10976 12435 12060 11732 12161 11956 12113 11833 11502 11906 12265 12285 12010 11697 11872 11376 12513 11699 11591 12497 12248 11880 12037 11731 12408 11816 11637 11845 12230 11431 11838 12077 12247 11892 11642 11998 11505 12502 11793 12513 12138 12180 12060 12751 12256 12596 11681 12329 12646 11928 12202 12009 12072 11859 11822 12438 12236 12003 11922 11786 12337 12117 12315 11885 11934 12547 12569 12352 12473 12275 11700 11936 11434 12078 12056 12182 11837 11522 11548 11952 11934 11728 11820 11696 11467 11486 11956 11529 11752 11752 11731 12418 12265 11673 11913 12646 12485 12865 11894 12318 11683 11848 12700 12064 12495 12493 12346 12192 11557 11709 11962 12409 11849 11453 11782 11905 12791 12612 11910 11959 12436 11567 12151 12159 11655 12390 12210 12697 11959 12015 11837 12171 12096 12599 11919 12196 12266 11794 11843 12621 11982 11826 12097 11798 11657 12118 12090 11551 12385 12602 12160 12164 12880 12284 11240 11460 12284 11859 11894 12840 12309 11983 11950 12623 12607 11839 12134 12405 12192 11291 12177 12234 12170 12421 12896 11767 12045 12704 12217 12348 12593 11951 12018 12359 11630 12013 12288 12156 12344 11605 11768 11617 11925 11731 12585 12423 11777 11471 12249 12393 12386 12434 12505 12190 11491 12086 12153 11830 11507 12333 12452 12099 11653 12052 11489 12462 12491 12468 12036 11987 12130 12190 12311 12508 12108 12428 12341 12069 11929 11270 11667 12514 12111 11928 12163 12369 11536 11848 11537 11913 12028 12559 12384 12402 12645 12087 11978 12144 12597 12298 12318 12890 12844 11697 12241 11392 12368 12148 11911 12034 12524 12173 12535 11567 11704 11856 12472 12347 12268 11870 12261 12016 11361 11516 12467 11630 11671 11449 12115 11762 12077 12597 12356 11636 12450 12544 12613 11708 12796 12424 12030 12158 11887 11824 11841 12732 13060 12441
12044 12662 12107 12902 12077 11743 12452 12577 12375 11928 12156 11891 12429 11982 12461 12565 12460 11982 12130 11725 12298 12602 12423 12703 12478 12605 12086 12214 12964 11542 12491 12245 12680 12135 12015 11657 11751 12061 12553 11888 12494 12105 12120 12752 13030 12556 12249 11917 12711 11984 12862 12347 12118 12024 12751 12528 12334 12968 12055 12407 12211 12514 12432 12186 12302 12347 11621 11484 12530 12508 12353 12246 12010 12848 12739 12805 12058 12891 12130 12133 12430 11990 12489 12045 11850 12620 12155 12003 12739 12594 11982 11849 12724 12731 12701 12531 12398 12333 12389 12399 12429 12338 11696 12764 11928 12531 12336 12091 12210 12236 12198 12005 12104 12384 12379 12090 12176 11940 12663 12014 11611 12865 12570 12094 12564 11764 12352 11888 12091 12149 12458 11417 12096 12162 12182 11626 11862 12175 12094 13102 12490 12603 12476 12406 12394 12768 12445 12739 12016 12696 12750 11675 12396 12138 12385 11845 11899 12444 12480 12217 11969 11877 12523 12385 12703 12362 12224 12622 12582 12387 12457 12227 12223 12471 11790 12292 12162 12346 11734 12101 11632 11942 12334 11544 12388 12094 12091 11840 11928 11792 12143 11738 11813 12718 12563 12329 12075 12680 12658 12948 12031 12360 11932 12016 12871 12514 12625 12545 12721 12262 11873 11473 12475 12253 12140 11724 11871 12021 12441 12571 11813 12203 12376 12179 12388 12117 11804 12488 12345 12695 12176 12429 11712 12071 12245 12842 12421 12337 12706 12265 11788 12740 12070 11812 12245 12271 11877 12260 12253 12177 12512 12620 12219 12180 12677 12570 11588 11658 12313 12200 12556 12581 12788 11989 11733 12636 12440 11944 12103 12694 12082 12092 12319 12250 12147 12501 12752 12305 12357 12714 12130 12493 12685 11816 12476 12507 12095 12316 12622 12611 12351 11780 12268 11749 12434 11937 12533 12593 12144 12162 12578 12255 13021 12324 12545 12669 12092 12321 12121 12224 12158 12550 12580 12295 12197 12169 12321 12938 12742 12758 12042 12100 12442 12596 12604 12241 12013 12438 12672 12354 12445 11490 11999 12612 12842 12164 12193 12538 12124 12194 12434 12237 12445 12598 12306 13026 12770 12407 12275 12416 12833 12338 12372 13172 12644 12232 12136 12120 12169 12286 12397 11804 12614 12285 12164 12055 11939 12176 12843 12609 12468 12168 12098 12322 11757 11838 12223 11711 11705 11923 12069 12082 12476 12931 12740 11736 12569 12794 12400 12396 13080 12405 12343 12430 12037 11805 12016 12934 13127 12654
12320 12123 11895 12510 11635 12281 12145 12298 12065 12015 11871 11835 11979 11989 12535 11992 12047 11861 12105 11296 11976 12300 12202 12414 12010 12448 12469 11964 12234 11702 12166 12129 12252 12216 11715 11153 11457 12001 12514 11508 12411 12307 11847 12255 12963 12199 12089 12023 12532 11753 12214 11709 11679 11715 12601 11775 11746 12464 11994 12006 12321 11899 12272 11540 12126 12181 11247 11284 12497 12345 12085 12218 11907 12211 12195 12673 11891 12421 12064 11876 12232 11908 12523 11887 11623 12392 11708 11508 12384 12070 11583 11814 12383 12378 12721 12107 12285 12116 12381 12390 11940 12308 11371 12319 11934 12038 11873 12018 12198 12124 11505 11858 11750 12450 12141 11843 12218 11452 12198 11600 11342 12822 12346 12286 12313 11358 12535 11637 11998 11877 12043 11722 11574 12183 12222 11672 11616 12045 11677 12562 11984 12636 12416 12150 12144 12503 12083 12639 11900 12599 12037 12013 12446 12017 12048 11612 11956 12503 12425 12015 11898 11732 11853 12131 12436 11904 11536 12381 12323 12207 12503 12176 11697 11972 11655 12027 12092 12597 11706 11716 11696 12160 11677 11557 11975 11975 11623 11435 12085 11574 12175 11799 11759 12507 11926 11923 11756 12616 12242 12822 11962 12063 11841 11566 12710 11813 12251 12384 12558 12460 11585 11436 12460 12226 12487 11449 11710 11947 12219 12414 11877 12031 12235 11514 12222 12073 11355 12218 12208 12727 12209 12618 11619 12415 11827 12647 12160 12011 12050 11883 11593 12279 12143 11910 12291 11589 11656 12103 12137 11541 12310 12141 12333 12131 12808 12624 11331 11307 12294 11894 11981 12625 12340 11879 11944 12264 12706 11929 12024 12656 11892 11118 11851 11917 11745 12198 12156 11759 12063 12402 12164 12455 12515 11662 11968 12420 11497 12088 12109 12128 12356 11773 12069 11786 12122 11811 12278 12296 11675 11673 12302 12556 12942 12354 12454 12275 12123 12247 11722 12176 11544 12185 12338 11862 12004 12181 11623 12419 12314 12422 12085 12020 12609 12299 12323 12216 11612 11904 12442 11760 12143 11161 11806 12489 12436 11753 12244 12141 11657 11864 11826 11942 12205 12319 12343 12229 12622 11983 12101 12032 12300 12311 12138 12919 12691 11786 12002 11729 12289 12172 12042 11707 12257 12100 12411 11828 11718 11859 12395 12228 12102 12015 11950 12156 11465 11341 11758 11531 11636 11732 11812 11987 11786 12357 12126 11568 12301 12563 12334 11697 12699 12049 12342 11850 11904 11699 11946 12428 12795 12011
12045 11861 11751 12217 11454 11422 11779 12188 11994 11481 11641 11352 11887 11528 11785 11778 12172 11678 11861 11181 11834 11875 12057 12248 12216 12370 11676 12019 11746 11152 12186 11598 12159 11697 11591 10940 11335 11678 11939 11089 12135 11676 11579 12039 12562 11958 11682 11378 12369 11843 12042 11568 11736 11644 12062 11487 11996 12086 11366 11845 11897 11795 12122 11692 11908 12130 11173 10891 12094 12008 11705 11722 11453 12431 11954 12479 11490 12211 11680 11646 12032 11737 12026 11659 11711 12226 11434 11591 12381 11635 11643 11521 12255 12010 12038 12071 11839 11852 12212 12280 11544 12141 11359 12478 11395 11891 11815 11961 11814 11501 11506 11550 11643 12267 11755 11560 11400 11242 11795 11455 11360 12328 11774 12002 12397 11505 12065 11592 11395 11631 12029 11148 11487 11791 11735 10921 11962 11483 11795 12418 11511 12339 11889 11843 11533 12335 11867 12140 11219 12084 12289 11463 11898 11686 11853 11088 11513 11937 12104 11958 11508 11722 11847 11705 12130 11737 11997 12003 12258 11941 11992 12009 11641 11798 11432 12164 12093 11891 11502 11764 11468 11713 11563 11393 11602 11914 11465 11272 11679 11289 11734 11660 11720 12425 12042 11501 11665 12337 12476 12381 11510 12127 11504 11890 12630 11915 12415 12125 12260 11990 11126 11257 11852 11668 11623 11307 11473 11824 12252 12084 11354 11811 12072 11504 11878 11633 11564 12275 11721 12385 11665 12123 11477 11780 11619 12810 11744 11826 11849 12099 11290 12368 11540 11785 11574 11714 11320 11730 11936 11404 11880 12339 12080 12025 12355 12267 11060 11282 11936 11516 12043 12426 11740 11850 11617 12257 11825 11578 11733 12043 11929 11419 12096 12304 11447 11930 12397 11815 11877 12093 11665 11947 12001 11638 11891 11947 11381 11886 12030 11987 12119 11189 11395 11430 11914 11509 12162 12027 11464 11490 12006 12050 12654 11671 11884 11911 11113 11961 11528 11597 11579 11676 11920 12017 11771 11903 11609 12423 11962 12226 11630 11830 11994 11855 12280 12252 11456 12211 12145 11746 11998 11374 11484 11983 11923 11838 11459 11898 11777 11911 11835 11699 11950 12044 11738 12371 12537 11751 12073 12206 12219 12098 12037 12334 12179 11608 11529 11643 11645 11898 11391 11709 12222 11730 11763 11609 11357 11654 11682 12028 12014 11471 12056 11550 11540 11258 11722 11537 11258 11577 11684 11306 11834 11755 12288 11486 12051 12316 12271 11645 12299 11844 11662 11797 11454 11507 11617 12310 12818 12211
12559 12601 12403 13269 12414 12262 12279 12895 12488 12121 11969 12007 12251 12380 12468 12381 12454 12169 12267 11688 12308 12605 12460 12950 12448 12426 12466 12341 12511 11619 12371 12425 12696 12297 12017 11797 11708 12366 12566 11905 12311 12409 12050 12559 12906 12478 12003 12023 12631 12180 12808 12209 12111 11611 12841 12189 12654 13015 12166 12416 12163 12304 12381 12132 12206 12244 11524 11556 12507 12399 12354 12438 12153 13006 12852 12884 12226 12855 12514 12504 12446 12179 12567 11989 12077 12839 12045 11822 12766 12221 12432 12019 13066 12791 12745 12431 12568 12556 12743 12794 12111 12732 11474 12782 12432 12363 12413 12447 12134 12382 11805 12704 12070 12794 12219 12224 12351 11867 12802 12109 11733 12908 12351 12378 12819 11864 12646 11970 12252 12254 12656 11844 12191 12590 12354 11720 12421 12239 11976 12939 12688 12702 12419 12633 12462 12824 12373 12999 11993 12886 12663 12168 12712 12367 12271 11929 12242 12707 12521 12842 12343 12066 12160 12303 12646 12306 12209 12565 12843 12518 12651 12539 12376 12597 11983 12794 12785 12728 11652 12173 12094 12420 12294 12243 12083 12320 12069 12076 12139 11984 12215 12111 12006 12871 12549 12131 12334 12872 12579 13222 12119 12387 11833 11931 13011 12359 12622 12860 12737 12629 11745 11874 12429 12641 12015 11736 11898 11807 12753 12729 12042 12584 12692 11856 12519 12508 12103 12765 12618 13063 12495 12775 11898 12512 12472 12978 12332 12266 12688 12509 12081 12854 12416 12063 12526 12135 11928 12432 12489 12046 12442 12542 12663 12390 13424 12981 11933 11803 12521 12248 12582 12920 12629 12158 12239 12955 12847 12207 12289 12602 12260 11543 12402 12497 12437 12516 13082 12154 12292 12850 12381 12663 12895 12260 12457 12769 11894 12242 12648 12651 12489 12019 12300 12062 12262 12021 12774 12855 11937 11876 12575 12365 12946 12542 12766 12682 12027 12526 12364 12134 12073 12240 12768 12755 12403 12541 11962 12848 12910 12801 12113 12461 12541 12367 12739 12414 12233 12756 12517 12252 12567 11724 12025 12797 12552 12313 12371 12667 12238 12558 12086 12264 12469 12651 12649 12722 12823 12345 12429 12356 12587 12435 12480 13209 12911 12259 12198 12391 12295 12489 12401 12333 12767 12337 12672 12328 12207 12133 12598 12587 12865 12192 12563 12630 11844 11654 12544 12003 11862 12396 12088 12266 12052 12796 12630 11788 12322 12771 12962 12331 13006 12503 12743 12565 11939 11917 12271 12720 13255 12204
12364 12925 12574 12958 12558 12542 12584 13133 12502 12502 12178 12180 12711 12092 12423 12832 12841 12027 12138 12092 12491 12694 12549 13014 12690 12774 12425 12171 12567 12025 12362 12799 13116 12129 12394 11650 11968 12342 13126 12131 12842 12756 12187 12934 13592 12564 12492 12285 12489 12551 13229 12287 12439 12410 13036 12550 12501 12929 12253 12713 12403 12766 12622 12316 12734 12545 12093 12050 12947 12716 12685 12366 12201 13019 13039 13258 12108 13072 12691 12638 12541 12573 12954 12032 11830 13044 12424 12299 13120 12719 12395 12336 12986 12816 13184 12528 12718 12608 12762 12926 12730 12503 11819 13224 12523 12373 12545 12559 12564 12580 12063 12467 12326 12952 12509 12528 12411 12036 12827 12276 12141 12893 12807 12511 12717 12401 12676 12481 12509 12247 12515 12102 12357 12224 12535 11925 12722 12361 12239 13442 12494 13298 13154 12730 12490 13057 12514 13289 12060 12941 12884 12290 12498 12473 12312 12106 12351 12952 12746 12585 12263 11901 12751 12483 12655 12127 12260 13129 12889 12429 12834 12609 12215 12768 12470 12726 13007 12905 11903 12091 12232 12402 12095 12078 12621 12281 12214 11960 12369 11950 12664 12075 12433 12879 12610 12668 12405 13092 12765 12889 12231 12758 11877 12448 13111 12662 12964 13153 12959 12509 12074 11827 12523 12346 12584 11860 12114 12488 13032 12889 12283 12359 12783 11993 12651 12563 12524 12853 12956 13208 12439 12791 12235 12659 12493 13143 12391 12902 12861 12626 12423 12996 12600 12330 12370 12269 11933 12367 12630 11966 12597 12518 12750 12842 13293 12973 11631 11583 12805 12210 12627 13087 12965 12545 12265 12856 12944 12134 12202 12838 12709 11988 12851 12835 12962 12957 13192 12349 12481 13039 12304 12351 13054 12570 12346 12990 12110 12557 12702 12639 12842 11811 12418 11980 12585 12336 12742 12948 12078 12032 12904 12470 12825 12422 12749 12613 12323 12665 12256 12233 12421 12615 12586 12883 12872 12616 12254 13104 12882 12581 12391 12919 12786 12580 12890 12427 12244 12712 12976 12535 12657 11775 12390 12821 13022 12372 12732 12365 12408 12741 12424 12440 12348 13041 12487 12674 12919 12150 12655 13015 13162 12969 12951 13596 12887 12611 12326 12415 12532 12592 12524 12523 12915 12357 12564 12354 12280 12449 12833 12710 12588 12136 12515 12525 11970 11996 12433 11925 11761 12330 12321 12243 12634 13038 12843 12238 12832 13073 12872 12218 13016 12385 13010 12619 12329 12397 12216 13286 13367 12899
12255 12589 12280 12741 11981 11873 12563 12376 12013 12052 11578 11668 12087 11765 12231 12306 12460 11683 12099 11507 12270 12419 12649 13017 12558 12587 12422 12230 12262 11810 12003 12337 12693 12275 11789 11240 11817 11940 12568 11973 12430 12413 12043 12391 12927 12170 11812 12008 12691 11729 12617 11757 11789 11923 12571 12296 12221 12447 12219 12473 12253 12398 12444 11992 12420 12500 11499 11549 12745 12352 11997 11982 11901 12390 12561 12757 12315 12456 12315 12070 12538 12002 12163 11920 11823 12531 11818 11999 12557 12474 12293 12096 12456 12618 12856 12107 12303 11846 12586 12456 12192 12529 11392 12731 12145 12167 12276 12140 12356 12266 11755 12134 12106 12576 12276 12191 12082 11646 12608 12165 11417 12857 12397 12108 12311 11631 12586 11677 12129 12002 12473 11661 11913 12030 12411 11694 11873 12298 11857 12842 12517 12946 12158 12386 12176 12679 12418 12814 11759 12614 12571 12029 12704 12216 12272 11763 12071 12747 12317 12280 11683 11809 12196 12272 12579 12138 12038 12721 12728 12051 12623 12701 11721 12284 12215 12483 12814 12797 11780 12078 11732 12216 12204 12223 12065 12126 12038 11595 12052 11688 12296 11822 12223 12405 12170 12090 12068 12886 12655 12867 11943 12478 11677 12004 12697 12120 12652 12539 13038 12371 11525 11629 12196 12176 12291 11283 12082 12481 12664 12696 12381 12549 12572 11638 12184 12386 11496 12499 12721 12897 12177 12433 11932 12393 12114 12704 11905 12338 12419 12493 11820 12491 12398 12108 12379 12135 11662 11935 12118 11804 12282 12458 12615 12240 13015 12686 11278 11964 12440 12139 12345 12705 12518 12123 11770 12757 12682 11970 11955 12524 12400 11791 12500 12574 12228 12524 12511 11733 11916 12628 12291 12136 12420 12124 12137 12645 11924 12307 12507 12144 12368 11541 12283 11812 12579 11417 12616 12645 11744 11947 12657 11993 12801 12681 12919 12422 12117 11954 12169 11838 12055 12243 12061 12317 12196 12113 11955 12575 12910 12793 11828 12461 12344 12128 12310 12203 12049 12629 12226 11932 12538 11385 12032 12230 12497 12151 12468 12021 11893 12152 12121 12110 12303 12336 12660 12612 12759 11833 12193 12486 12563 12542 12601 13093 12502 12340 12146 12021 12334 12365 12121 11955 12631 12233 12173 11803 11942 11737 12433 11984 12608 11995 12363 11927 12177 11565 12258 11976 11702 12010 11722 12160 12415 12731 12672 11947 12386 12444 12530 12077 12810 12649 12373 12518 11915 11864 12002 12523 13269 12628
11402 11459 11103 11341 11243 11261 11491 11406 11408 11471 10873 11000 11041 11080 11384 11233 11272 10923 11079 10564 11242 11330 11757 11507 11331 11301 11050 11177 11423 10847 11465 11540 11647 11213 11161 10658 10526 11431 11582 11120 11543 11485 11010 11274 12136 11499 11318 10812 11674 11382 11482 11107 11398 10970 11523 11129 11532 11895 11161 11361 11540 11244 11844 10752 11402 11457 10798 10488 11523 10932 11155 11292 10883 11667 11619 11974 11029 11344 11641 11276 11262 11176 11480 11012 10677 11363 11160 11047 11536 11422 11065 10822 11622 11714 11820 11043 11159 11400 11454 11449 10894 11756 10474 11765 10985 11455 11294 11347 11300 11020 10784 11375 11025 11558 11175 11161 11168 10928 11677 11030 10761 11491 11478 11632 11433 11030 11618 11094 11436 10927 11744 10736 11061 11163 11208 10737 11303 11211 10752 12008 11474 11601 11659 11360 11225 11770 11427 11555 10974 11706 11531 11187 11329 11152 11227 10939 10914 11749 11562 11393 11084 10553 11213 11285 11504 11307 11209 11267 11366 11195 11635 11069 11153 11573 11058 11528 11531 11482 11040 11150 10949 10944 10679 10988 11585 11021 10524 10677 10976 10824 11407 10949 11264 11657 11318 11313 11362 11899 11800 11912 11390 11344 10839 11002 11843 11178 11480 11390 11862 11263 10955 10971 11552 11187 11487 10936 10599 11141 11456 11378 10953 10951 11407 10981 11491 11097 10879 10989 11365 11867 10966 11569 10599 11587 11166 11799 11075 11564 11391 11239 10948 11397 11227 10936 11508 11217 10595 11184 11321 10960 11312 11484 11437 11173 11809 11673 10992 10592 11385 10967 11241 11534 11111 11217 10884 11397 11465 11175 11008 11500 11308 10675 11498 11288 11465 11277 11711 11155 11481 11977 11366 11819 11272 11086 11182 11345 10756 11468 11530 11542 11275 10783 11309 10874 11258 11161 11468 11643 10917 10717 11924 11250 11673 11192 11498 11535 11243 11507 11111 11173 11082 11216 11255 11108 11603 11106 11280 12052 11551 11407 10887 11310 11770 11520 11304 11460 10935 11639 11323 11384 11488 10435 10712 11368 11483 10880 11462 11291 11144 11296 11493 11177 11362 11699 11383 11640 11528 11090 11427 11483 11387 11594 11639 12154 11804 11097 10995 11187 11115 11579 11348 11221 11662 11201 11150 11065 11345 10980 11576 11508 11423 11224 11356 11402 10979 10447 11137 10750 10481 11167 11014 11256 11354 11792 11614 11057 11484 11693 11296 10833 11925 11077 11607 11214 11161 10968 11203 11604 12181 11307
11974 11704 11794 12194 11406 11677 12013 11848 11892 11223 11272 11205 11888 11525 11922 11848 12040 11749 11968 11122 11736 12131 11988 12564 11917 12032 11508 11641 11817 11235 11737 11787 12240 11632 11131 10877 11244 11748 11842 11230 11894 11742 11420 11866 12463 11756 11841 11545 12319 11747 12085 11548 11784 11231 12233 11869 12015 12083 11321 11941 11824 11873 11825 11827 12192 11820 11216 11139 12006 12100 11851 12010 11326 12017 12185 12150 11742 11847 11951 11335 11531 11482 11991 11480 11338 11690 11660 11348 12136 11559 11686 11379 12157 11979 12089 11920 11544 11912 11838 12322 11547 11955 10826 12288 11696 11819 11682 11511 11454 11361 11283 11882 11962 12141 11755 11510 11480 11120 11953 11415 11206 12363 11809 11813 11989 11323 12124 11463 11617 11528 11864 11328 11603 11810 11530 11133 11383 11652 11582 12470 11670 12331 11977 11855 11953 12396 11641 12106 11221 12464 12385 11401 11913 11599 11690 11206 11723 11989 12068 11812 11496 11558 11912 11575 12357 11609 11671 11924 12005 12120 12236 12099 11328 12229 11382 11905 11828 12037 11108 11386 11595 12020 11450 11478 11666 11540 11386 11219 11717 11280 11916 11524 11460 12172 11956 11529 11982 12420 12040 12745 11613 11763 11445 11553 12247 11784 12287 12139 12246 12028 11118 11350 11961 11547 11655 11272 11392 11800 12064 12233 11728 11820 12198 11376 11500 12011 11407 12161 11798 12326 11675 11878 11305 12150 11753 12284 11810 11493 12050 11757 11313 12223 11594 11493 11733 11527 11057 11585 11852 11460 11785 12210 12044 11354 12794 11929 11319 11376 12053 11576 11881 12463 11771 11825 11306 12265 12014 11229 11259 12016 11615 10910 11726 12134 11618 11721 12142 11966 11690 12007 11925 12120 11899 11788 11720 12100 11276 11819 12047 11959 11997 11224 11658 11465 11994 11453 12255 12127 11292 11295 12185 11764 12355 11892 12025 12263 11442 12018 11587 11263 11319 12070 11962 11787 11415 11720 11240 12241 12141 12121 11546 12051 11752 12059 12078 12032 11576 11880 11971 11770 11796 11114 11301 11824 12144 11327 11680 12050 11486 11586 11827 12222 11800 11993 11777 12410 12400 11676 11807 12061 11912 11977 12107 12647 12294 11318 11630 11655 11572 12050 11625 11559 11971 11875 11876 11512 11452 11471 12046 11949 11947 11336 11732 12007 11114 11218 11915 11438 11316 11681 11461 11779 11680 12374 12345 11196 12059 12387 12240 11486 12412 11761 11882 11900 11273 11776 11604 12376 12514 12174
11793 12069 11546 11861 11421 11864 11980 11818 11907 11690 11172 11511 11732 11444 11842 12195 12032 11773 12030 11117 11721 11802 12104 12391 11935 12364 11635 11511 11891 11543 11847 11842 12027 11767 11611 11075 11338 11775 12003 11264 12026 12031 11543 11666 12557 11776 11658 11298 12287 11558 12302 11542 11432 11528 11884 11806 11829 12418 11710 12166 11848 11905 11672 11641 11709 11747 11357 11130 11866 11703 11640 11918 11464 12211 12157 12497 11475 12158 11909 11729 12008 11793 12031 11500 11153 11887 11267 11388 12162 11901 11451 11746 12297 12441 12361 12096 12026 11703 11609 12238 11698 11839 10988 12169 11199 12062 11780 11820 11774 11689 11533 11925 11694 12315 11853 11846 11634 11069 11711 11075 11271 12621 11833 11909 11957 11555 12177 11193 11499 11583 11718 11330 11458 12076 11848 11171 11475 11683 11638 12317 12143 12577 11784 11950 11934 12459 11894 12269 11384 12253 12088 11639 12128 11758 11728 11229 11476 12218 11940 11613 11649 11283 11848 11760 12017 11786 11814 12083 12495 11892 12560 12120 11632 11864 11607 11819 12219 11950 11572 11584 11225 12094 11503 11383 11651 11514 11559 11403 11729 11217 12215 11392 11857 12263 11646 12027 11901 12288 11981 12601 11687 11977 11272 12008 12510 11787 11966 12362 12239 11805 11474 11444 12195 11862 11838 11391 11549 11771 12119 12218 11640 11806 11809 11354 12074 11530 11254 11838 12031 12553 11977 12205 11380 12056 11677 12508 11909 12011 11805 11582 11634 11684 11874 11334 11924 11546 10877 11841 11791 11362 12113 12004 12107 11772 12512 12239 11213 11231 11833 11727 11805 12289 12108 11809 11329 12147 12189 11373 11749 12356 11627 11137 11719 11900 11679 11699 12504 11558 11681 12195 11887 12001 12203 11549 11875 12160 11397 11917 12233 12334 11783 11338 11974 11389 11722 11479 12222 11677 11562 11346 12394 11661 12555 12092 12419 12042 11638 11806 11757 11609 11568 11955 11835 11887 11746 11800 11367 12123 12224 12207 11664 11664 12028 11766 12151 12231 11671 11854 12049 11835 11946 11445 11724 12135 12329 11398 11863 11929 11603 11902 11747 12038 11865 12208 11550 12292 12090 11958 11869 11921 12030 11940 12185 12570 12171 11417 11838 11674 11717 12116 11903 11748 12594 11991 12218 11518 11595 11584 11999 12065 11706 11545 11949 11815 11076 11290 11577 11412 11501 11751 11600 11690 12241 12049 11964 11500 12397 12262 11871 11475 12477 12000 11954 12068 11438 11422 11640 12181 12633 12252
12481 12339 11947 12513 11872 12198 12088 12454 12091 11926 12079 11812 12099 12010 12473 12055 12262 11841 12342 11433 12349 12615 12294 12725 12302 12497 11953 12311 12031 11543 12331 12326 12698 12055 11861 11384 11666 12026 12501 11322 12265 12245 11986 12472 12924 12150 12117 11899 12716 11774 12611 11953 11760 11837 12702 12452 12149 12778 11921 12285 12139 12515 12237 12108 12267 12416 11741 11575 12350 12293 11736 12217 11887 12515 12507 12556 12040 12402 12378 11897 12148 11981 12283 12144 12134 12489 11756 11753 12580 12185 11630 11667 12629 12606 12419 11915 12109 11975 12378 12458 12126 12238 11000 12601 11893 11998 12214 12086 12141 11925 11545 12277 11970 12403 12216 11824 11767 11448 12505 11683 11290 12363 12299 12270 12045 12027 12306 11880 12366 12062 12004 11736 11930 12249 11959 11608 11979 12049 11745 13009 12171 12481 12154 12419 12436 12928 12488 12721 11762 12463 12393 11859 12004 12196 12034 11471 12117 12516 12397 12545 12153 11859 12308 12178 12618 12097 12244 12370 12648 12341 12066 12119 11913 12446 11884 12565 12204 12449 11866 11850 11660 12031 12097 12103 12192 11870 11622 11595 12019 11704 12262 12068 11563 12440 12211 12166 12424 12878 12357 13140 12110 12112 12021 11923 12728 12267 12562 12345 12512 12412 11664 11712 11960 11981 12089 11442 11863 12096 12060 12412 11885 12270 12340 11830 12349 12203 11737 12161 12045 12787 12055 12544 11597 12556 12276 13001 11870 12332 12504 12024 11710 12514 12046 12012 12328 11757 11665 12180 12068 11750 12228 12385 12333 11862 12795 12696 11624 11398 12223 12073 12196 12651 12203 12049 11654 12553 12610 11727 11635 12277 12264 11487 12181 12623 12369 12264 12489 12093 11989 12748 12108 12218 12190 11733 12360 12483 11478 11952 12509 12361 12463 11603 12444 11416 12299 11910 12623 12773 11658 11711 12355 12111 12749 12025 12570 12620 12038 12450 11863 11751 11806 12230 12270 12278 12317 12004 11865 12671 12751 12507 12125 12339 12263 12119 12400 12232 11887 12349 12481 12208 12373 11385 11675 12347 12543 12142 11953 12716 11753 12320 12033 12060 12155 12601 12325 13037 12605 11854 12585 12405 12406 12711 12548 12959 12536 12182 12207 11748 12116 12463 12006 12063 12252 12139 12338 12105 11878 11826 12449 12510 12428 11900 12430 12196 11655 11627 12444 11797 11889 11756 12072 12018 12178 12815 12711 11535 12105 12890 12678 11899 12774 12411 12529 12324 11953 12186 12240 12148 13309 12358
11937 12322 12130 12693 11497 12068 12216 12356 12139 11652 11475 11912 12255 11859 12200 12056 12128 11875 11946 11524 12131 12319 12178 12641 12613 12511 12212 12033 12024 11868 11898 12122 12226 11799 12108 11197 11721 11821 12326 11752 12607 11894 12066 12288 12888 12244 12026 12135 12492 11962 12421 11886 12073 11950 12307 12293 12179 12347 11767 12057 12047 12373 12181 12038 12349 12139 11593 11434 12404 12356 12256 12045 11873 12329 12343 12614 12063 12245 12023 11994 12442 11889 12500 11741 11474 12259 11697 11763 12698 12191 11829 11898 12795 12720 12958 11783 12268 12082 11980 12595 11975 12212 11554 12805 11770 12226 12171 12182 12125 12014 11808 12259 11905 12390 12004 11748 11824 11345 12485 11686 11363 12564 12240 12004 12562 11971 12223 11629 12081 11698 12131 11541 11933 12049 12196 11442 11624 12102 12083 12907 12191 12766 12435 12166 11917 12514 12075 12600 11838 12652 12426 11829 12188 12037 12122 11747 11704 12559 12159 11837 11645 11698 12255 11870 12073 12215 11957 12501 12648 12311 12216 12398 11654 12482 11743 12442 12364 11868 11725 11918 11570 11881 11709 12049 12094 11910 11622 11258 12110 11754 12189 11515 12010 12310 12079 12160 12319 12744 12636 12611 11541 12361 11656 11981 12381 11905 12685 12538 12643 12451 11737 11570 12322 12129 11831 11648 11654 12127 12440 12451 12110 12484 12356 11738 12146 11793 11397 12240 11866 12708 11900 12535 11886 12463 11896 12797 11986 11792 11801 12273 11684 12149 12180 11546 12141 12069 11688 12174 11967 11573 12217 12374 12485 12153 12946 12588 11189 11489 12287 11749 12123 12571 12492 11983 11880 12607 12534 11814 12086 12429 12066 11687 12425 12473 12305 12297 12717 12059 12114 12723 11838 12078 12368 12039 12058 12521 11964 12045 12372 12318 11981 11279 12112 11666 12096 11679 12361 12691 12027 11596 12652 12261 12346 12235 12677 12340 11761 12513 12138 11699 11695 12359 12208 12160 11862 12211 11812 12585 12939 12247 11874 12409 12266 12109 12209 12178 11859 12439 12548 11853 12282 11523 11810 12246 12582 11825 11646 12575 11647 12590 11983 11919 11783 12472 12289 12552 12695 11623 12367 12470 12251 12410 12569 12909 12533 11682 11873 11887 12084 12141 12054 12088 12636 12141 12010 12171 11717 11839 12083 12137 12163 11813 12257 12213 11492 11447 12023 11696 11346 11782 11942 11609 12145 12521 12661 11760 12234 13087 12479 11869 12872 12258 12697 12135 11963 11628 11845 12709 13011 12488
11999 12010 11677 12160 11626 11374 12211 11856 11824 11573 11461 11417 11815 11715 11879 11606 11788 11445 11656 11284 11543 11976 12127 12490 12246 11963 11686 11665 11957 11518 11786 11975 12404 11562 11622 11184 11161 11675 12116 11498 12123 12051 11332 12094 12440 11874 11814 11339 12081 11524 12334 11921 11763 11522 12379 11746 11915 12182 11566 11740 11584 11908 11788 11765 12169 12011 11212 10825 11997 11848 11817 12000 11609 12197 12023 11933 11842 12050 12019 11501 11522 11452 12004 11704 11323 12132 11422 11380 12294 11965 11983 11296 12037 12104 12255 11871 11841 11934 11844 12163 11573 11886 11081 12251 11466 11799 11798 11673 11553 11810 11460 11855 11975 11915 11788 11628 11403 11146 12256 11223 10828 12278 12020 11784 11941 11559 12005 11740 11554 11725 11870 11040 11498 11859 11692 11239 11541 11707 11123 12488 11586 12217 12077 11778 11604 12189 11788 12404 11525 12035 11942 11777 12061 11730 11596 11330 11706 11984 12156 11986 11426 11439 11944 11577 12313 11607 11975 11955 12287 11847 11769 11976 11499 11900 11541 12238 11776 11941 11214 11405 11432 11514 11430 11796 11806 11517 11483 11032 11454 11666 11624 11656 11579 12228 12031 11538 11598 12532 12043 12207 11322 11733 11461 11341 12233 11807 12120 12114 12337 12019 11228 11322 11668 11980 11691 11120 11283 11636 12101 12105 11862 12184 12148 11453 11581 11823 11239 11920 11781 12189 11801 11990 11413 11822 11723 12294 11505 11878 12036 12012 11290 11974 11748 11656 11898 11464 11276 11497 11804 11281 11942 12085 11996 11630 12497 11658 11168 11659 11787 11610 11946 12345 12180 11761 11819 12394 11908 11316 11466 12066 11918 11346 11798 11896 11879 11987 12333 11827 11497 12082 11707 12100 11817 11835 11925 11961 11048 11689 11801 11931 11847 11266 11713 11243 11670 11593 12022 12316 11365 11393 12042 11585 12152 11873 12034 12111 11663 11400 11573 11566 11649 11845 11991 11866 11893 11848 11569 12356 12101 12114 11526 11977 11872 11954 11875 11814 11404 12163 11845 11306 11976 11029 11613 12052 12017 11922 11727 12097 11507 11734 11285 11860 11954 12038 12176 12236 12296 11589 11942 11686 12254 12236 11959 12529 12219 11455 11548 11655 11666 11852 11835 11658 12112 11805 11650 11722 11367 11782 11602 11675 11993 11755 11991 11949 11310 11146 11908 11589 11343 11021 11552 11558 11702 12482 12392 11644 12029 12448 12347 11361 12567 11245 11676 11837 11490 11680 11551 12438 12397 11933
12094 12260 12240 12270 11966 12212 12416 12318 12102 12158 11825 11930 12013 12081 11994 12343 12354 11818 12137 11499 12219 12395 12290 12895 12003 12506 12114 12121 12255 11853 12210 11908 12578 11943 11835 11268 11501 11996 12405 11490 12175 12237 12024 12362 12820 12236 11882 11774 12872 11705 12337 12115 12099 11787 12353 12112 12450 12575 11857 12149 12105 12241 12391 12221 12154 12573 11754 11170 12350 12311 11697 12117 11787 12525 12574 12763 12093 12520 12037 11831 12178 11969 12159 11712 12023 12468 11674 12159 12381 12424 11836 11932 12582 12563 12600 12255 12068 11986 12441 12529 12390 12373 11366 12425 11729 12010 12240 12260 11898 11946 11427 11975 12259 12640 12174 12016 11992 11584 12317 11986 11632 12706 12310 11842 12421 11667 12390 12073 12054 12235 12316 11771 11695 12118 12224 11277 11634 11893 11618 12620 12282 12493 12417 12263 12152 12815 12289 12731 11605 12576 12375 11889 12232 12334 12286 11864 11946 12302 12254 12589 11883 11697 12131 12400 12309 11948 11725 12247 12642 12476 12168 12430 11814 12062 11508 12252 12360 12496 11634 12132 11801 12175 12145 12031 12242 11900 11671 11622 12196 11477 12113 11889 11896 12444 12223 12005 11760 12907 12285 12848 12114 12417 11380 11741 12811 12301 12848 12199 12658 12316 11619 11631 12107 12210 11962 11628 11806 12143 12641 12752 12534 12134 12662 11684 12030 12014 11565 12303 12315 12596 12181 12583 11472 12348 11894 12783 11923 11985 12297 12149 11961 12574 11995 11793 12080 11954 11891 12145 12363 12125 12348 12524 12253 12029 12742 12637 11785 11795 12248 11850 12558 12575 12490 12131 11779 12509 12171 12021 11940 12493 12076 11542 12021 12540 12163 12501 12675 12034 12075 12592 11883 12577 12473 12091 12290 12487 11776 12106 12659 12401 12372 11654 11945 11894 12256 11801 12273 12581 11661 11729 12377 11986 12808 12075 12842 12282 12152 12161 11945 11696 11609 12187 12340 12078 12176 12091 11882 13025 12778 12580 11523 12383 12394 12113 12280 12668 11583 12473 12102 11990 12217 11582 12043 12037 12562 11975 12166 12286 11683 12143 11685 12320 12229 12647 12430 12803 12442 11867 12158 12552 12140 12144 12147 12857 12399 11726 11953 11948 12132 12501 12115 12172 12630 12196 12134 11875 11831 11517 12463 12386 12239 11690 12274 12227 11529 11558 12356 11715 11627 12013 11759 11800 12167 12594 12769 11726 12377 12675 12787 11642 12680 12308 12332 12018 11677 11846 12100 12680 13050 12703
12433 12263 11701 12577 11713 11924 12345 12391 12236 11819 11839 11867 11975 11819 12157 12168 12254 11868 12365 11449 12025 12503 12499 12464 12134 12319 12295 11902 12172 12136 12361 12074 12450 12107 11687 11456 11714 12033 12472 11832 12563 12245 12104 12199 12668 12514 11929 11929 12818 11994 12283 11832 11731 12004 12576 12208 11923 12699 12062 12212 12095 12314 12369 12040 12322 12074 11496 11181 12463 12187 11949 12205 11700 12517 12286 12406 11565 12138 12057 12046 12303 12278 12342 12084 11759 12478 11522 11703 12477 12280 11991 11715 12609 12547 12665 12225 12218 12177 12191 12413 11922 12522 11455 12408 11872 12117 12089 12365 12451 11914 11396 12006 12048 12419 12028 11955 11924 11264 12201 11739 11734 12943 12217 12331 12568 11748 12197 11533 11868 11908 12054 11446 11814 12039 12320 11686 11763 11913 11707 12605 12167 12502 12493 12034 12432 12652 12348 12446 11993 12481 12418 11907 12410 12042 11931 11793 11970 12716 12179 11870 11883 11942 12152 11825 12308 11979 11715 12604 12644 12206 12325 12424 11720 12174 11524 12498 12267 12290 11717 11521 11528 12076 11820 11666 12201 11956 11587 11454 11713 11592 12397 11840 11641 12385 12141 12092 11904 12557 12461 12579 12080 12155 11839 11947 12840 12216 12239 12399 12400 12349 11591 11587 12369 12055 12415 11721 11966 12095 12350 12563 11922 12061 12097 11740 12220 11839 11696 12492 12114 12735 12198 12373 11769 12223 12099 12749 11781 12073 12150 12111 11917 12333 11975 11819 11851 11961 11754 11915 12091 12005 12469 12721 12392 12359 12860 12370 11387 11543 12120 11624 12139 12544 12766 11866 12007 12704 12626 11958 11931 12731 11999 11508 12308 12191 12180 12566 12828 12018 12002 12736 12164 12231 12489 12008 11995 12538 11725 12129 12433 12587 12139 11471 11987 12019 12097 11770 12315 12507 11714 11671 12293 11977 12827 12563 12517 12429 11999 12211 11816 12000 12016 12013 12220 12066 12283 12228 11513 12944 12315 12338 12215 12099 12525 12243 12260 12449 11906 12479 12599 11910 12171 11362 11955 12460 12434 11574 12297 12335 11778 12139 12318 12087 12242 12428 12432 12514 12930 11833 12334 12443 12463 12265 12258 13248 12507 11902 11663 12035 11818 12077 12033 11981 12530 11942 12167 12460 11804 12070 12098 12281 12339 12002 12224 12240 11486 11657 11836 11587 11483 11839 11991 11949 11974 12488 12270 11966 12623 12627 12304 11958 12664 12317 12307 11977 12013 11986 12105 12396 13061 12523
12318 12064 12070 12430 11912 11884 12268 12371 11973 11913 11601 11701 11920 11991 12239 12240 11998 11776 12034 11504 11904 12109 12375 12823 12470 12370 12231 12248 12220 11812 12259 11896 12281 11971 11691 11349 11617 12021 12463 11672 12137 12140 11846 12366 12727 12369 12031 11644 12748 11844 12467 11791 12030 11969 12434 11699 12217 12713 11788 12364 12361 12480 12209 12223 12304 12164 11512 11564 12440 12174 12050 12482 11630 12434 12225 12534 12033 12248 12426 11739 12041 12157 12442 11702 11686 12199 11537 11780 12393 12114 11986 11768 12431 12533 12544 12197 12218 11996 12103 12233 12025 12241 11150 12865 11878 11988 11951 12013 12049 12094 11584 12021 12543 12858 12120 11891 11811 11482 12436 11871 11622 12364 12186 11857 12360 11671 12506 11789 12167 11720 12176 11895 11776 12081 12335 11620 11781 12001 11809 12920 11672 12755 12504 12431 12287 12626 12126 12286 11802 12604 12683 11850 12528 12066 12122 12066 11801 12416 12225 12167 11822 11764 12193 11990 12357 11908 11827 12275 12451 12113 12442 12551 11870 11934 11841 12772 12128 12488 11476 11724 11699 12152 12144 12021 11999 11948 11393 11553 12000 11695 11946 12009 12052 12300 12115 11793 11762 13003 12104 12968 11984 12160 11517 11881 12714 12041 12247 12223 12814 12346 11712 11693 11870 12180 11841 11663 11622 12282 12274 12530 11946 12199 12168 11596 12059 12153 11336 12170 12031 12698 11964 12713 11457 12351 11838 13047 11978 11888 11959 11957 11662 12497 11951 12055 12245 11775 11989 12122 12298 11897 12395 12472 12367 11912 13032 12606 11604 11258 12217 11760 12413 12811 12491 12130 11563 12513 12761 12095 11584 12419 12228 11365 12331 12675 12191 12351 12772 11949 12194 12378 12201 12209 12395 11632 12032 12311 11586 11964 12551 12444 12388 11471 12005 11939 12357 11830 12415 12481 11943 11856 12525 12165 12836 12537 12610 12395 12184 12174 12039 11574 11800 12137 12185 11912 12120 12098 11910 13078 12339 12220 11805 12318 12004 12415 12260 12468 12121 12412 11878 12181 12020 11439 12070 12469 12496 11873 12027 12059 11802 12472 12020 12146 12178 12090 12165 12470 12512 11809 11961 12097 12389 12514 12460 13306 12566 11917 11739 12271 12053 12314 12099 12051 12736 12427 12253 11635 12047 11635 12500 12300 12066 11938 12421 12170 11606 11315 11905 11712 11756 11712 12044 12093 11889 12774 12415 11661 12610 12859 12351 11806 12794 12469 12302 12051 11903 11920 11994 12825 12851 12492
12455 12558 12278 12822 12042 12213 12627 12538 12184 12226 12167 11987 12577 12209 12518 12656 12583 12131 12297 11882 12533 12324 12576 12930 12649 12881 12446 12259 12516 12091 12632 12657 12601 12449 11975 11423 11978 12343 12880 11979 12993 12309 12204 12520 13573 12529 12466 11914 13122 12436 12710 12078 12162 12228 12713 12599 12637 12957 12561 12535 12359 12723 12501 12427 12427 12747 11752 11826 13063 12698 12491 12334 12237 12606 12943 13165 12276 12937 12419 12079 12559 12143 12625 12299 12028 12497 11743 12151 12804 12573 12297 12412 13083 12791 13109 13102 12764 12418 12760 12553 12426 12781 11391 12854 12267 12610 12340 12462 12361 12559 11979 12216 12200 12974 12445 12172 12076 11818 12633 12079 11883 12896 12649 12607 12318 12023 12668 12251 12326 12393 12683 11660 12077 12442 12816 11838 12214 12466 12105 13409 12406 13039 12425 12611 12569 13204 12782 13068 12192 13046 12983 11944 12795 12584 12660 12120 12254 12530 12753 12353 12356 11787 12378 12418 12783 12570 12096 12956 12810 12664 12825 12914 12283 12619 12301 12668 12426 12654 12453 12316 11970 12636 12286 12239 12186 12447 12100 11799 12419 12043 12625 12273 12206 12981 12630 12430 12008 13189 12513 13279 12483 12723 12069 12171 13042 12682 12908 12103 13048 12737 12031 12082 12491 12185 12497 12042 12072 12402 12833 12744 12568 12317 12594 12102 12572 12275 12169 12714 12397 12962 12325 12827 12016 12819 12594 13187 12248 12143 12702 12473 12269 13015 12315 12189 12524 12444 11678 12293 12709 12265 12959 12582 12834 12778 12928 12713 11710 12047 12523 11944 12860 12945 12967 12136 12334 13024 12419 11918 12523 13004 12498 11812 12630 12858 12383 12959 13078 12281 12598 13082 12162 12731 12770 12471 12346 12715 12229 12574 12935 12598 12779 11762 12384 12251 12240 12079 12855 12803 11944 11943 12788 12731 12940 12600 13028 12892 12063 12521 12154 12105 12279 12676 12480 12450 12537 12039 12384 13238 12863 12730 12525 12629 12691 12697 13212 12552 12224 12668 12488 12283 12460 11746 12232 12626 13091 11915 12483 12450 12385 12564 12600 12804 12511 12609 12768 12718 13068 12381 12418 12707 12993 12789 12957 13193 12646 12194 12261 11958 12796 12645 12384 12368 12824 12762 12647 12444 12359 12196 12738 12761 12868 12036 12457 12351 11887 12183 12280 12164 11918 12439 12163 12202 12655 12913 12619 11949 12716 12896 12673 12035 13186 12571 12813 12253 12425 11669 12365 13220 13534 12837
12194 11831 11749 12019 11110 11698 12018 12005 12028 11732 11193 11486 11734 11785 11813 12038 12043 11888 11693 11088 11894 11891 12124 12577 11958 11944 11921 11855 11838 11318 11554 11845 11970 11533 11790 10976 11345 11638 12104 11556 12163 11930 11439 12371 12280 11889 11884 11510 12561 11616 12266 11688 11792 11505 12097 11832 12011 11936 11602 11799 12046 12128 12037 11685 12204 11940 11143 11236 12052 12156 11791 11957 11705 12355 11968 12275 11702 12382 12074 11442 11691 11550 12153 11598 11378 12151 11557 11697 12273 11917 11990 11659 12373 11992 12509 12041 11925 11419 11883 12103 11818 12009 11314 12239 11881 11809 11923 11749 12022 11818 11483 11727 11740 12220 11878 11729 11698 10878 12370 11459 11216 12264 12216 11592 11999 11377 12368 11639 11907 11848 11771 11330 11562 11841 11573 11500 11585 11381 11524 12706 12067 12427 12185 12001 11774 12233 11788 12479 11544 12531 12080 11400 12267 11910 11863 11248 11662 11887 12263 11637 11602 11516 11927 11711 11942 11786 11760 12106 12287 11965 12203 12230 11568 11784 11409 12201 12182 11993 11430 11693 11687 11624 12058 11629 11457 11462 11620 11445 11699 11269 11816 11620 11869 12071 11917 11958 11710 12200 11873 12460 11593 11959 11333 11477 12341 11962 12126 11978 12123 11685 11468 11570 12075 11455 11838 11248 11556 11757 12077 12182 11645 11911 12209 11339 12059 11850 11668 11872 11905 12446 11937 12095 11334 12021 11688 12352 11720 12178 11845 11830 11650 12056 11985 11756 11985 11808 11162 11924 11938 11539 12106 12156 12092 11927 12283 12485 11087 11331 11981 11443 11768 12437 12013 11862 11481 12535 12143 11613 11945 12068 11971 11544 11985 11835 11695 11764 12194 11596 11915 12163 11842 12038 12192 11331 11804 11891 11433 11716 12012 12096 11821 11414 11927 11180 11912 11756 12214 12077 11600 11292 12208 11680 12223 11730 12287 12034 11993 11988 11693 11521 11571 11950 11968 12137 11988 12082 11410 12434 12170 12414 11713 11919 12195 11741 12093 12077 11835 12174 12093 11431 11846 10796 11510 12243 12358 11296 11966 11916 11340 12074 11433 11872 11901 12174 11912 12188 12437 11919 11999 12029 12080 12024 12160 13089 12614 11377 11633 11666 11846 12100 11868 11363 12154 11822 11922 11714 11597 11540 12363 11704 11892 11774 12055 11793 11412 11328 11659 11551 11359 11681 11528 11694 11942 12293 12178 11515 12156 12380 12406 11773 12395 12140 12058 11975 11640 11490 11566 12204 12936 12012
12532 12222 11819 12799 11745 12106 12392 12519 12392 11933 12087 11706 12372 11856 12346 12453 12344 11993 12115 11403 11956 12479 12558 12795 12425 12624 12622 12005 12264 11756 12249 12230 12584 11993 11985 11470 11473 12221 12202 11727 12471 12473 11955 12548 12945 12469 12087 11853 13101 12140 12446 11977 11803 11883 12610 12459 12364 12433 11784 11972 12609 11998 12560 11811 12133 12431 11398 11632 12520 12026 11892 12502 11727 12752 12355 12752 11708 12274 12420 11764 12619 12153 12336 11701 11693 12756 11728 11883 12402 12630 11656 11818 12772 12569 12800 11928 12425 11886 12405 12658 12028 12665 11646 12669 11830 12300 12269 12229 12664 12016 11946 12013 12345 12418 12165 12082 12140 11416 12285 11790 11602 12876 12544 12109 12319 11593 12696 11682 12042 12076 12433 11727 11695 12231 12348 11666 11836 12355 11646 13051 12047 12713 12526 12591 12707 12462 11992 12577 11785 12482 12243 12235 12385 12338 12095 12061 12002 12700 12452 12172 11805 11611 12149 12242 12540 12121 12162 12644 12722 12268 12385 12252 11937 12373 11809 12933 12386 12407 11854 11891 11528 12094 12030 11907 12033 11780 11666 11706 12043 11831 12161 11889 12012 12357 12035 11922 12061 12642 12255 12554 11958 12317 11768 12057 12674 12047 12522 12584 12832 12353 11574 11629 12085 12665 12214 11703 11687 12557 12502 12620 11847 12445 12255 11623 12298 12264 11743 12281 12385 12954 12143 12334 11599 12400 12497 12881 11905 12073 12389 12284 12053 12388 12280 12067 12359 12078 11642 11950 12001 12018 12568 12266 12096 12268 13101 12796 11485 11453 12354 12116 12239 12668 12467 12153 12014 12874 12564 11912 12132 12580 12333 11889 12328 12383 12248 12492 12604 12074 11980 12775 12290 12032 12656 11953 11960 12638 11601 12350 12551 12395 12396 11672 12235 11689 12243 11617 12868 12694 12040 11950 12529 12146 12745 12423 12289 12614 12063 12563 11896 11794 11549 11876 12203 12227 12292 11891 11811 12607 12322 12642 12147 12149 12579 12052 12478 12378 11992 12207 12554 12037 12667 11435 11632 12544 12325 12014 12227 12592 11679 12233 12268 12139 12286 12372 12574 12927 13066 11927 12660 12592 12503 12144 12131 13087 12930 12271 12026 12179 11882 12354 11988 11816 12450 12251 12511 11744 11522 11595 12240 12246 12079 12018 12460 12417 11668 11631 12406 11647 11798 11775 12136 11963 12189 12692 12470 11959 12568 12917 12546 11984 12856 12475 12554 12273 12612 12215 11933 12283 13177 12464
12387 12047 12057 12687 11689 12306 12360 12344 12235 12042 11852 11826 12009 11488 12232 12258 12244 11972 12247 11476 12281 12228 12436 12515 12132 12166 11985 12444 11977 12038 12272 12098 12518 12294 11695 10917 11484 12056 12360 11575 12204 12200 11875 12137 12891 12120 11904 11844 12711 11840 12381 12113 12008 11713 12521 12077 12175 12607 11933 12299 12480 12124 12477 11878 12264 12503 11423 11292 12606 12306 11893 12394 11570 12696 12315 12461 12126 12469 12229 11960 12017 11885 12224 11787 11660 12261 11710 11649 12555 12083 12018 11666 12410 12527 12400 12022 12244 12022 12457 12242 12062 12189 11113 12483 12188 12064 11829 12038 11957 11533 11416 12249 12208 12726 11938 11753 11794 11600 12478 11558 11443 12445 12212 12294 12421 11882 12399 12071 11933 12016 12104 11455 11910 12106 12118 11856 11874 12223 11995 12842 11902 12554 12535 12149 12067 12592 11981 12504 11782 12410 12269 11921 12573 12234 11979 11750 12049 12204 12376 12160 12088 11688 11930 11788 12555 12373 12016 12578 12629 12389 12482 12647 11808 12451 12128 12508 12320 12223 11772 11921 11686 11759 12191 11850 12160 11750 11878 11696 12040 11352 12178 12028 11948 12545 12449 12248 12225 12999 12288 12850 11753 12104 11615 11735 13008 12291 12474 12542 12439 12291 11902 11644 12413 11743 11866 11632 11667 12285 12458 12591 11843 12366 12446 11372 12557 11896 11857 12178 12165 12545 12051 12603 11746 12687 11945 12434 12163 12258 12365 12313 11906 12278 11600 11778 12162 12195 11502 12174 12289 11803 12423 12711 12601 12279 12381 12711 11641 11782 12463 12104 12274 12794 12489 11752 11972 12669 12457 11830 11847 12357 12332 11468 12335 12426 12190 12230 12791 12024 12362 12809 11892 12430 12341 11918 12175 12332 11513 12545 12466 12370 12158 11561 12182 11612 12050 11725 12880 12384 11714 11800 12462 12281 12388 12460 12516 12516 11898 12311 11795 11646 11896 12258 12100 11956 12148 12318 11780 12976 12637 12305 11988 12161 12453 12261 12382 12250 11873 12259 12202 11708 12150 11613 11809 12657 12505 11790 12289 12457 11719 11780 12038 12255 11886 12373 12182 12704 12657 12083 12385 12218 12420 12675 12549 12927 12704 11861 12281 11966 11915 12257 12268 12079 12267 12135 12104 11909 12210 11965 12395 12346 12529 11863 12146 12194 11790 11371 11985 11731 11641 11819 12076 11946 11987 12564 12438 11699 12646 12503 12437 12117 12679 12561 12460 11665 11976 11825 11806 12508 13122 12560
12320 12016 11919 12544 11991 12037 12263 12724 12361 12004 11851 11754 11902 11882 12317 12599 12240 11947 11835 11585 12244 12413 12186 12744 12417 12694 11936 12325 12289 11693 12345 12311 12994 12068 11979 10968 11548 11985 12530 11786 12490 12149 11767 12123 12963 12350 12101 12029 12459 11998 12609 11771 12254 12028 12578 12074 12244 12464 12240 12447 12245 12148 12448 12025 12431 12307 11637 11711 12128 12108 12145 12022 11698 12415 12701 12496 12026 12706 12045 12127 12183 11944 12377 11811 11951 12502 11907 11934 12470 12017 12099 11594 12734 12669 12594 12360 12219 12381 12609 12716 12282 12316 11248 12559 12066 12322 11882 11868 12327 11878 11534 12269 11998 12855 12110 12139 11950 11447 12309 11795 11389 12626 12659 12051 12548 11730 12631 11804 12129 12036 12280 11405 11919 12102 12330 11707 11786 11907 11973 12870 12424 12540 12495 12471 12106 12704 12193 12696 11944 12910 12437 11739 12673 12330 11988 11791 12040 12564 12298 12058 12137 11976 12078 12230 12376 12098 11954 12603 12724 12270 12704 12400 11835 12304 11987 12334 12405 12416 12072 11947 12091 12108 11843 11858 12115 12096 11866 11548 12057 11758 11987 12169 12340 12473 12348 11823 11910 12619 12420 12634 12253 12202 11508 12212 12847 12332 12650 12392 13086 12581 11502 12101 12198 11868 12141 11774 11610 11925 12840 12630 12372 12202 12235 11765 12257 11878 11612 12354 12325 13091 12536 12163 11607 12239 12079 12729 12231 12588 12060 12113 11862 12400 12164 12316 12269 11687 11460 11949 12298 12127 12373 12394 12617 12287 13155 12748 11396 11740 12444 11827 12301 12502 12591 12330 11767 12749 12558 11959 12319 12702 12077 11770 12100 12324 12272 12475 12915 11827 12099 12378 12078 12339 12622 11958 12354 12025 11725 11978 12431 12421 12483 11726 12217 11881 12145 12128 12631 12641 11759 11925 12538 12408 12771 12259 12741 12441 11943 12616 12173 11642 11889 12331 12460 12116 12057 12120 11967 12711 12415 12416 12319 12548 12449 12105 12142 12141 11884 12093 12284 12133 12154 11193 12166 12309 12672 11787 11880 12247 11252 11946 12006 12189 12709 12696 12336 12794 12605 12245 12268 12332 12506 12855 12143 13036 12995 12260 12096 12084 12245 12342 12071 11574 12607 12042 12137 11782 11832 11992 12658 12129 12297 11807 12126 12363 11966 11422 12040 11668 11388 11801 12177 12033 12305 12484 12504 11918 12603 12811 12464 11782 12645 12350 12438 11957 11739 11982 12188 12615 13221 12171
12435 12226 12249 12721 11840 11687 12079 12422 12122 11698 11928 11733 12155 11698 11996 12406 12353 11983 12411 11577 11963 12526 12365 12668 12071 12713 12404 12234 12191 11970 12126 12273 12520 11941 11732 11419 11571 12489 12495 11440 12951 12238 12038 12472 12893 12056 11993 11881 12878 12111 12788 11843 11750 11840 12537 12431 12142 12631 11923 12379 12110 12214 12284 11968 12049 12316 11404 11502 12559 12189 12260 12281 11924 12544 12099 12464 12109 12164 12220 11940 12227 12460 12449 11795 11789 12282 11800 11774 12122 12374 11841 11834 12455 12923 12996 12330 12451 12138 12471 12239 11919 12407 11524 12723 12024 12147 12333 11791 12210 11909 11335 11989 11825 12372 12273 11907 11933 11401 12549 11723 11740 12540 12414 12155 12308 12022 12310 11854 12169 11905 12378 11707 12042 11978 12407 11658 11954 12024 12001 12943 12160 12592 12250 12247 12389 12653 12236 12297 11744 12623 12536 12172 12556 12305 12084 11830 11962 12509 12528 12223 12083 11814 12373 12100 12651 12052 11900 12811 12508 12249 12167 12393 11846 12042 11710 12382 12265 12168 11892 11757 11793 11984 11842 12119 12374 12019 11447 11672 12047 12049 12380 11826 11808 12497 12268 12087 12271 12994 12574 12666 12123 12174 12079 12224 12664 12184 12621 12805 12746 12370 11700 11490 12402 12145 12033 11788 11955 12018 12450 12602 12088 12090 12216 11809 12423 12265 11784 12273 12532 12709 12158 12502 11786 12195 12225 12684 11782 11869 12500 11946 11936 12807 11990 11757 12025 11924 11711 12063 11886 12100 12411 12703 12260 12074 12818 12231 11441 11499 11985 12070 12271 12474 12500 11813 12188 12459 12763 11868 12118 12701 12128 11752 12320 12332 12334 12649 12538 12127 12184 12524 12072 12313 12384 11705 12170 12674 11463 12380 12290 12120 12616 11245 12176 11692 12375 11652 12417 12227 11724 11708 12502 12251 12524 12364 12433 12453 11888 12156 11957 11862 11847 11859 12442 12235 12094 12170 12080 12761 12497 12692 11859 12495 12236 12510 12386 12080 11943 12402 12477 11894 12368 11320 11975 12605 12832 11871 12215 12654 11850 12268 12302 12355 12131 12128 12366 12761 12995 11892 12429 12659 12613 12750 12551 13030 12731 12005 12108 12129 12127 12119 11799 12297 12556 12069 12194 12052 11746 11908 12314 12510 12320 11897 12165 12295 11380 11756 12447 11799 11908 12086 12109 11775 12220 12834 12382 11570 12426 13044 12713 12189 12842 12368 12366 12560 12124 11794 11921 12584 12987 12563
12750 12752 12455 13354 12174 12796 12836 12805 12521 12573 12009 12181 12572 12456 12874 12694 12787 12395 12534 11559 12133 13139 13042 12952 12722 12936 12709 12448 12804 11904 12841 12814 13185 12504 12446 11611 12072 12256 12810 12376 12909 12897 12554 12823 13220 12645 12113 12059 13040 12184 12854 12335 12474 12177 13251 12442 12783 13012 12131 12654 12556 12349 13083 12133 12855 12768 12011 12071 12926 12926 12139 12678 12189 12795 13001 13028 12547 12683 12675 12415 12422 12609 12977 12052 12273 12965 12132 12026 13053 12811 12386 12375 13251 12890 13273 12633 12990 12403 12839 12519 12325 12675 11788 13185 12054 12434 12327 12488 12582 12588 12116 12401 12623 13016 12496 12223 12315 11919 12791 11878 12322 12908 12812 12500 12940 12046 12695 12344 12500 12358 12513 12181 12307 12417 12342 11924 12356 12248 12084 13166 12306 13259 12735 12544 12694 13118 12782 13018 12002 12896 12867 11989 12781 12681 12626 11802 12202 12603 12582 12696 12085 12000 12940 12581 12991 12297 12590 12880 12816 12837 12682 12908 12289 12753 12284 12562 12760 12691 12322 12255 12173 12529 12443 12361 12560 12408 11793 11953 12502 12288 12692 12213 12254 13068 12626 12206 12512 13129 12840 13443 12573 12634 12023 12276 13037 12568 12921 12740 12989 12559 11871 12431 12834 12462 12679 12112 12361 12600 12848 12816 12512 12778 12647 12454 12542 12576 12013 12428 12484 13263 12503 13113 12077 12777 12662 13150 12541 12532 12619 12685 12451 13067 12283 12239 12774 12308 12273 12359 12519 12198 12744 12919 13117 12980 13470 13213 11855 12092 12953 12376 13018 12818 12747 12169 12364 13075 12950 12361 12427 12979 12400 11774 12513 12633 12487 12825 12855 12391 12654 13348 12472 13048 12587 12455 12513 12979 12259 12590 12878 12868 12646 12100 12940 11946 12531 12395 12867 12960 12276 12193 12910 12329 13407 12662 12855 12769 12341 13056 12277 12284 12275 12496 12570 12767 12312 12461 12558 12929 13233 12983 12321 13031 12716 12367 12682 12701 12259 12745 12639 12417 12392 11833 12149 12918 12855 12293 12837 12843 12229 12594 12597 12478 12674 13057 12825 12644 13280 12702 12424 12635 12962 12984 12964 13519 13047 12524 12264 12250 12332 12960 12637 12333 12892 12386 12658 12336 12158 12271 13172 12983 12928 12453 12488 12563 11995 11984 12286 12098 11819 12281 12209 12804 12454 13168 12925 12292 12932 13117 12989 12178 13314 12948 12681 12420 12112 12195 12208 13298 13773 12641
12460 12495 12366 12338 11876 12460 12527 12432 12342 11992 11648 11793 12061 11860 12084 12176 12292 11971 12078 11605 11804 12420 12574 12554 12090 12478 11972 11897 12298 11801 11885 12218 12407 11881 11773 11187 11963 11862 12639 11616 12371 12250 12351 12278 13001 12600 11611 11879 12514 11557 12651 11858 12022 12121 12863 12254 12465 12664 11822 12245 12101 12194 12401 11929 12069 12106 11675 11410 12381 12340 11820 12317 11795 12522 12523 12630 12029 12380 12151 12177 12279 11878 12176 11527 11602 12898 11748 11932 12780 12323 11872 11772 12618 12361 12996 12302 12286 11760 12435 12415 11882 12222 11629 12815 12189 12200 11974 12293 12191 11822 11259 12157 12271 12727 12213 12199 11978 11336 12307 11801 11453 12547 12266 12228 12538 11649 12576 11601 11915 12218 12128 11560 11922 12320 12449 11629 11519 11864 11753 12950 12153 12615 12476 12587 12111 12319 12347 12828 11705 12430 12104 12118 12308 12175 12613 11895 12017 12475 12239 12261 11924 11681 12359 12112 12137 11852 12038 12942 12787 12145 12216 12272 12093 12586 12039 12540 12602 12100 11570 11780 11705 11911 12120 11885 12165 11854 11957 11779 12038 11741 11737 11767 11971 12408 11796 12252 12003 12566 12359 12799 11733 12174 11669 11899 13246 12104 12661 12624 12735 11949 11826 11849 12468 11999 12081 11836 11705 12016 12657 12559 11940 12264 12304 11868 12218 12133 11698 12320 11992 13040 12330 12433 11322 12112 12120 12917 11806 12001 11897 12106 11951 12516 11889 12034 12249 11991 11697 11593 12258 11971 12217 12687 12556 12364 12717 12674 11735 11517 12139 11934 12485 12754 12326 11799 12302 12488 12763 11923 12004 12472 12072 11866 12183 12371 12258 12412 12851 11755 11969 12583 12315 12096 12623 11997 12091 12416 11684 12118 12423 12331 12274 11939 12084 11921 12472 11877 12771 12508 11915 11840 12652 12195 12883 12341 12204 12539 12053 12171 11826 12087 12267 12131 12172 12415 12330 12296 11813 12757 12645 12515 11873 12144 12793 12020 12633 12261 11734 12750 12193 11897 12576 11430 12004 12352 12618 12267 12260 12566 11816 12299 12062 12231 12313 12517 12232 12568 12496 11822 12024 12483 12364 12400 12313 13404 12817 12015 12121 11556 12414 12368 11977 11812 12667 12059 12409 12159 11756 11779 12527 12344 12111 11967 12090 11740 11706 11628 11962 11813 11634 11883 11918 12085 12006 12471 12394 11971 12344 12774 12394 11786 12829 12480 12525 11953 11705 11710 12020 12470 13176 12423
12046 11635 11656 11967 11277 11677 12012 11984 11739 11414 11553 11374 11535 11528 11664 11898 11844 11488 11645 10892 11544 11875 12033 12160 11792 12023 11836 11506 11706 11319 11446 11809 12156 11626 11379 10731 11281 11602 12010 11337 12220 12173 11507 12027 12682 11820 11415 11448 11990 11437 12016 11705 11534 11399 12420 11778 11681 12067 11826 12076 11721 11809 11794 11721 11762 11630 11101 10850 11742 11985 11842 12210 11431 12497 12007 11847 11537 11865 11473 11172 11566 11424 11967 11408 11568 12180 11702 11367 11937 11888 11661 11293 12262 11930 12422 11897 11847 11410 12036 12081 11586 11968 10944 12201 11191 11665 11642 11656 11722 11336 11394 11401 11800 11891 11724 11404 11351 11173 12275 11512 10940 12429 12088 11660 11997 11431 11997 11341 11807 11621 11745 11257 11372 11702 11713 10862 11492 11481 11473 12445 11913 12364 11808 11851 11665 11981 11715 12075 11350 12257 12240 11483 12130 11941 11652 11598 11612 11865 11787 11591 11893 11264 11733 11939 11690 11514 11418 11975 11975 11789 11945 11798 11544 11621 11280 11856 12020 12170 11288 11324 11241 11395 11502 11315 11569 11443 11402 11035 11621 11337 11751 11439 11399 11912 12224 11957 11488 12512 12170 12654 11461 12020 11322 11460 12271 11807 12295 12263 11976 11658 11446 11123 11720 11882 11657 11102 11431 11401 12174 11869 11982 11415 11838 11183 11772 11720 11274 11815 11698 12268 11935 11854 11269 11816 11542 12523 11775 11800 11814 11625 11772 11996 11654 11544 11591 11341 11130 11704 11949 11308 11947 11663 11801 11698 12568 12171 11243 11241 11467 11555 11888 12007 11991 11639 11562 11973 11913 11360 11799 12349 11579 11275 11930 11766 12014 11932 12075 11427 12064 12238 11585 11835 12013 11502 11920 12209 11250 11568 11771 11579 11789 11582 11887 11359 11864 11405 11850 11880 11034 11325 11965 11591 11993 11982 12112 11968 11883 11944 11549 11638 11481 11935 11852 11857 11679 11634 11454 12244 11944 12161 11555 12048 11980 11792 12144 11685 11393 11800 11922 11377 11858 11096 11692 11791 12112 11764 11880 11963 11099 11756 11480 11668 11772 12312 11825 12359 12274 11556 11561 11930 12018 11952 11993 12349 12203 11522 11552 11553 11734 12080 11719 11476 12104 11619 11746 11352 11430 11419 12081 12077 11777 11547 11667 11744 11289 11067 11621 10904 11503 11363 11416 11260 11624 12407 12248 11269 12023 12413 12186 11737 12250 11553 11989 11909 11570 11141 11485 12677 12359 12104
11729 12097 11767 12022 11409 12092 11883 12151 11885 11790 11608 11473 11893 11633 11978 12010 11906 11511 11674 11243 11658 12234 12132 12394 12015 12347 11680 11842 12177 11365 12056 11719 12207 11677 11813 11131 11380 11756 11944 11660 12059 11786 11873 12277 12587 12109 11939 11352 12470 11757 12321 11617 11789 11550 11963 11838 11899 12391 11517 11989 11840 11876 12033 11398 11817 11998 11224 11083 12271 12215 11750 11800 11725 12050 12318 12384 11640 12208 12060 11491 11706 11480 11888 11802 11556 12048 11450 11596 11863 11972 11540 11552 12432 12461 12003 11843 11760 11778 12012 12011 11861 12067 11106 12444 11472 11699 11890 11716 11832 11701 11420 11648 11882 12173 11837 11810 11788 11076 12066 11580 11287 12635 11860 11734 12110 11532 11948 11568 11451 11825 11898 11278 11644 11668 11928 11373 11490 11932 11634 12596 11820 12434 12265 11939 11891 12607 12120 12130 11470 12070 12230 11735 12237 11720 11763 11517 11513 12103 11665 11902 11749 11480 11921 11670 12194 11955 11858 12103 12331 11826 12351 11776 11616 11943 11824 11786 11895 11999 11634 11787 11551 12107 11509 11534 11401 11645 11609 11256 11689 11779 11808 11661 11511 11950 11874 11749 11822 12343 12190 12652 11937 12038 11381 11875 12107 11727 12358 12055 12039 11926 11242 11545 11801 12043 11857 11469 11431 11868 12110 12313 11737 11803 11804 11809 11986 11634 11370 12183 11755 12865 11852 12043 11201 11917 12172 12510 12001 11719 11817 11681 11810 12140 11627 11651 11957 11749 11274 11733 11691 11552 12017 12019 11476 11694 12191 11925 11226 11114 11832 11736 12004 12326 11762 11398 11414 12146 12354 11579 11861 12156 11769 11337 12022 12224 12173 11901 12753 11640 11651 12379 11636 12061 12228 11317 11877 12126 11301 11989 11936 11953 12193 11502 11720 11453 12031 11601 12254 12306 11244 11316 12155 12015 12543 11867 12090 12233 11875 12227 11780 11748 11583 12098 12062 11913 11813 11877 11565 12449 12176 12089 11711 11916 12094 12074 12244 12026 11678 12130 12110 11995 11898 11028 11348 12125 12478 11703 11679 12092 11471 11908 12080 11832 12036 12289 12044 12316 12335 11653 11563 12143 12151 12223 12207 12611 12206 11773 11460 11668 11983 12007 12263 11715 12367 11978 12078 11401 11582 11279 12228 12201 12225 11456 11903 11802 11369 11368 11974 11507 11118 11348 11898 11723 11772 12541 11827 11352 12186 12451 12113 11458 12796 11899 12219 12001 11822 11828 11882 12232 12799 12248
12918 13078 12792 13373 12660 12610 13077 13217 12795 12724 12443 12340 12638 12682 12850 13082 12963 12393 12788 12273 12759 12829 13209 13073 12780 13181 12741 12963 13111 12281 12854 12934 13316 13058 12553 11793 12280 12966 13190 12421 13115 13011 12267 13371 13365 12882 12814 12192 13515 12343 13362 12538 12899 12300 13774 12308 12700 13173 12520 12986 12899 12944 12945 12548 12536 12580 12180 12116 13261 12739 12840 12942 12342 13202 12938 13211 12696 13032 12735 12523 12732 12407 13035 12550 12733 13020 12087 12434 13128 12918 12548 12374 12898 13254 13254 12773 12906 12736 13068 12769 12711 13078 12048 13255 12313 12733 12640 12713 12721 12582 12091 12459 12940 13320 13088 12698 12570 12218 13131 12515 12177 13369 13130 12887 13020 12272 12979 12396 12684 12409 12709 12282 12735 12719 12715 12169 12246 12802 12661 13739 12805 13551 13148 12787 12738 12869 12935 13162 12524 13217 13030 12330 13072 12646 12751 12283 12687 13146 12952 12788 12556 12262 12836 12599 13104 12730 12474 13280 13191 12775 13083 13125 12224 12938 12312 12806 12879 13155 12351 12253 12681 12750 12628 12727 12817 12821 12211 12197 12536 12137 12361 12361 12477 13135 13063 12855 12587 13461 12932 13251 12437 12783 12451 12392 13377 12582 13485 13132 13424 12866 12444 12493 12866 12562 12667 12360 12178 12727 12985 13075 12576 12739 12989 11941 13001 12501 11979 12887 12932 13289 12869 13307 12306 12965 12739 13262 12532 12765 12706 12578 12182 13095 12985 12572 12952 12608 12298 12648 12656 12573 12968 12978 12907 12881 13781 13228 12195 12245 12832 12308 13058 13394 13138 12671 12465 13191 13316 12484 12503 13366 12942 12503 12812 12757 12871 13006 13311 12644 12635 13134 12901 13136 12893 12321 12844 12958 12401 12712 12943 13150 13025 12388 12779 12052 12834 12736 13144 13374 12361 12688 13135 12632 13328 12850 13140 13324 12710 12916 12782 12308 12234 12658 13046 12770 12682 12753 12616 13178 13120 13052 12670 12882 12874 13070 12835 12850 12523 12994 13147 12502 12919 12066 12320 13113 13246 12547 13112 13122 12451 12676 12466 12542 13006 13280 13229 13383 13274 12909 12623 12780 13184 13273 13287 13595 13312 12507 12672 12891 12876 12667 12613 12361 13064 12760 12934 12557 12308 12544 13132 12837 13103 12666 12789 12947 12217 12259 12579 12467 12230 12591 12543 12560 12658 13472 13105 12588 13302 13377 13265 12530 13390 12699 12880 12703 12278 12377 12488 13077 13522 13063
12470 12138 12203 12487 12082 12104 12495 12430 12411 12194 11707 11852 12311 11935 12219 11988 12626 12035 11974 11653 12245 12387 12467 12678 12327 12659 12164 12215 12544 11668 12161 12217 12534 12032 11956 11328 11731 12061 12216 11808 12378 12207 12029 12305 12921 12186 12160 11719 12656 11982 12499 11780 11895 11821 12778 12167 11803 12802 11878 12279 11853 12562 12557 12128 12502 12325 11506 11158 12202 12412 12277 12385 11779 12470 13154 12600 12145 12602 11925 11890 12220 11924 12352 12214 11850 12509 11790 11799 12541 12206 11899 11722 12525 12815 12835 12547 12238 12327 12253 12311 11980 12657 11361 12544 12148 12131 12125 11861 12302 11818 11842 12151 12093 12366 12335 11606 11988 11537 12505 11850 11700 12725 12353 12356 12082 11428 12248 11861 12110 11945 12176 11401 12014 12116 12120 11497 12050 11957 11755 12823 12071 12737 12066 12428 12336 12833 12436 12377 11977 12648 12613 12021 12320 12467 12043 11503 12013 12066 12639 12059 12304 11835 12395 12025 12492 12439 12067 12785 12723 12275 12544 12605 11976 12431 11853 12356 12411 12612 11964 12108 11550 12090 12078 11614 12416 11895 12122 11825 12021 11711 12337 12084 12026 12620 12363 12058 12176 12737 12490 12790 12195 12365 12013 12087 12402 12307 12471 12655 12385 12151 11631 11813 12309 12391 12063 11515 11990 12152 12523 12427 11982 12301 12256 11636 12491 11991 11726 12253 12287 12765 12203 12694 11680 12423 11855 13111 12125 12065 12357 12252 11970 12450 12070 11739 12109 12095 11622 12404 12229 11850 12608 12515 12434 11969 12734 12721 11621 11673 12425 12173 12364 12557 12609 12044 11936 12706 12514 11867 12240 12571 12120 11950 12358 12333 12138 12419 12571 11862 12219 12651 12281 12246 12212 12031 12021 12200 11637 12403 12551 12220 12320 11604 12162 12166 12248 12295 12562 12264 11868 11967 12005 12003 12728 12498 12798 12373 11886 12255 12205 12177 11842 12268 12400 12533 12316 12386 12017 12845 12802 12570 12362 12258 12262 12175 12660 12301 11994 12487 12545 12117 12399 11543 12241 12750 12353 12021 12182 12384 11680 11948 11906 12340 12257 12761 12493 12465 12864 12107 12499 12247 12688 12117 12423 12873 12926 11825 11896 11792 12139 12315 12046 11762 12354 12184 12274 11727 11831 11922 12442 12549 12534 11886 12530 12380 11869 11478 12061 11924 11834 11794 12136 12284 11989 12619 12464 11504 12614 12494 12576 12028 12930 12458 12254 12444 11946 11731 12096 12773 13418 12324
11827 11944 11505 11966 11279 11467 11772 12022 11717 11206 11002 11338 11636 11453 11913 11777 11912 11361 11483 11125 11702 11829 12403 12262 11937 11977 11408 11854 12107 11207 11427 11677 11895 11483 11481 10904 11149 11500 11647 11786 12030 11815 11622 11628 12409 11867 11677 11555 12145 11564 11845 11211 11744 11488 11705 11749 11856 12141 11536 11845 11353 11598 12092 11444 11826 11695 11091 10941 11973 11800 11406 12004 11536 11939 12142 12175 11525 11848 11638 11498 11617 11566 11903 11428 11322 12193 11336 11453 12012 11778 11604 11428 12130 12075 12264 11631 11596 11619 11874 11881 11877 12031 11257 12299 11680 11589 11724 11587 11861 11811 11178 11528 12030 11781 11586 11507 11603 11219 11620 11334 11168 12010 11980 11712 11974 11382 11928 11477 11778 11345 11874 10944 11049 11387 11779 10956 11364 11526 11581 12533 11887 11976 12022 11556 11426 12216 11550 12095 11124 12086 12226 11340 11970 11840 11934 11245 11517 11814 11933 12051 11646 11297 11885 11905 11703 11904 11753 12027 12041 12050 11797 12061 11491 11941 11239 12070 11649 11727 11398 11842 11055 11592 11346 11432 11483 11366 11140 11171 11726 11324 11837 11474 11448 11813 11788 11551 11421 12508 12350 12558 11569 12179 11142 11570 12311 11569 11797 11899 12256 12004 11214 11240 11516 11698 12025 11292 11451 11640 11972 11996 11586 11671 11885 11394 11816 11413 11016 11707 11748 12251 11803 11893 11386 11664 11705 12383 11491 11830 11804 11726 11630 11960 11487 11508 11743 11419 11136 11363 11750 11251 11951 11964 11804 11615 12268 11851 11285 10937 11813 11503 12094 12382 12102 11832 11358 11927 11745 11232 11203 11947 11490 11272 11859 12035 11999 11641 12078 11633 11641 12570 11676 11925 12109 11414 11490 12141 11089 11732 11801 11829 12001 11567 11698 11481 11938 11297 12187 11889 11443 11414 11995 11485 12145 12128 12183 11597 11599 11953 11487 11197 11311 11963 11826 11760 11958 11647 11346 12261 12005 11867 11679 11962 11864 11755 12055 11993 11515 12079 11800 11638 11891 11215 11554 11966 12069 11318 11608 11777 11498 11882 11679 11649 11709 11978 12137 11784 12320 11718 11699 11902 12316 11690 12302 12364 12351 11674 11460 11568 11837 12099 11658 11287 12003 11641 11726 11346 11244 11544 11760 11800 11790 11301 11977 11819 11450 11253 11848 11060 11213 11478 11798 11584 11845 12160 11943 11165 11880 12325 12120 11245 12371 11924 12029 11598 11575 11421 11588 12378 12775 12318
12772 12462 12484 12604 12105 12329 12852 12542 12236 12207 11553 12092 12372 12072 12444 12703 12754 12259 12140 11827 12584 12895 12947 13131 12441 12896 12389 12577 12755 11895 12349 12197 13046 12369 12049 11173 12088 12418 12480 12168 12612 12604 12272 12628 13193 12122 12227 11813 12898 11906 12893 12126 12115 12057 12927 12427 12353 12680 12347 12885 12482 12699 12487 11979 12438 12416 11598 11708 12836 12347 12180 12719 11950 12556 12605 12643 12296 12726 12447 12159 12440 12075 12534 12159 12076 12609 11805 12228 12554 12782 12488 12002 13007 12739 12842 12371 12691 12178 12583 12680 12608 12641 11705 12901 12218 12420 12521 12136 12459 12366 11753 12370 12325 12715 12413 12151 12373 11511 12460 11821 11848 12938 12685 12571 12454 12042 12603 11888 12643 12145 12548 11733 12108 12174 12620 12036 12307 12025 11914 13094 12173 12827 12822 12610 12227 13066 12599 12977 11891 13013 12740 12320 12907 12405 12279 12004 12029 12518 12645 12661 12320 11724 12229 12337 12494 12395 12457 12865 12781 12493 12601 12781 12098 12778 12196 12544 12670 12765 11828 12000 12091 12671 12319 12098 12442 12184 11785 12024 12437 11960 12499 12080 12235 12777 12715 12608 12055 13082 12865 13167 12185 12344 11624 12177 12928 12396 12801 12772 12940 12524 11882 11966 12467 12170 12498 11905 12102 12189 12585 12718 12415 12293 12846 11858 12074 12273 11661 12530 12490 13105 12353 12772 11962 12744 12492 13149 12525 12045 12331 12046 12234 12546 12358 11849 12525 12317 11703 12401 12250 12075 12595 12574 12818 12480 13121 12585 11915 11836 12524 12203 12310 12977 12877 11963 12013 12596 12561 12221 12266 12913 12487 11969 12511 12731 12455 12381 13035 12176 12575 12996 12445 12812 12542 12373 12221 12792 11929 12453 12519 12561 12389 11887 12608 11862 12715 11954 12750 12719 11789 12295 12771 12234 12871 12509 13098 12534 12160 12516 12161 12064 11985 12541 12503 12674 12807 12669 12064 12817 12929 12622 12362 12434 12650 12137 12628 12645 12028 13024 12380 12086 12386 11774 12504 12612 12676 11967 12442 12399 11902 12396 12365 12330 12779 12816 12641 12866 12715 12247 12620 12523 12957 12632 12398 13203 13090 12180 12471 12224 12359 12369 12199 12287 12661 12429 12606 11834 12071 12210 12711 12462 12474 12254 12425 12627 12059 12031 12384 11996 11904 12167 12296 12263 12622 12774 12830 12294 12865 12518 12548 12017 13342 12483 12629 12282 12013 11862 12343 13089 13425 12815
11471 11829 11383 11838 11299 11092 11760 11641 11398 11458 11097 11175 11516 11348 11953 11833 11673 11294 11356 10672 11727 11693 11408 11835 11690 12047 11341 11351 11431 11523 11393 11503 12164 11338 11209 10528 10962 11837 11839 11158 11810 11655 11121 11986 12222 11549 11652 11002 11871 11287 11938 11283 11108 11332 11713 11316 11588 11970 11441 11609 11513 11663 11798 11276 11908 11616 10998 10726 11750 11539 11441 11723 11219 11903 11845 12220 11269 12074 11696 11428 11738 11611 11870 11166 11051 11905 11038 11533 11764 11323 11668 11263 11836 12070 11927 11600 11765 11248 11876 11899 11484 11619 10629 11971 11374 11499 11464 11423 11918 11424 11047 11528 11170 11993 11588 11488 11096 10824 11935 11293 10819 12301 11929 11662 11550 11502 11760 11111 11477 11433 11710 10994 11221 11153 11540 10903 11300 11524 11110 12100 11331 11968 11647 11643 11957 11937 11894 11737 11073 11960 11574 11440 11568 11676 11296 11011 11426 11500 11688 11415 11653 10927 11606 11322 11765 11433 11254 11777 11853 11839 12041 11714 10970 11515 11302 11709 11507 11847 11560 11396 11088 11411 11340 11353 11188 11422 11363 10958 11274 10952 11523 11279 11296 11713 11494 11599 11325 12245 11751 12158 11609 11764 11315 11505 11673 11760 11772 11668 11915 11714 11022 10998 11616 11346 11617 10788 10937 11404 11845 11999 11588 11841 11715 10999 11623 11277 11028 11786 11551 12366 11591 11559 11078 11715 11314 12235 11209 11741 11715 11500 11187 11924 11229 11036 11471 11292 10582 11363 11615 11165 11372 11915 11984 11343 12023 11935 10600 11005 11737 11213 11531 11943 11874 11506 10687 11967 11870 11479 11071 11528 11363 10813 11769 12024 11353 11607 11949 11091 11444 11790 11441 11348 11592 11232 11702 11486 10965 11824 12074 12190 11737 10900 11646 11216 11485 11180 12107 11766 11047 10980 12049 11351 11858 11817 12146 11873 11448 11728 11493 11167 11389 11581 11921 11400 11458 11612 11446 11849 11603 11720 11228 11487 11764 11616 12092 11604 11350 11927 11482 11413 11388 10679 11182 11757 11946 11404 11293 11895 10959 11575 11359 11740 11676 11827 11658 11872 11901 11181 11673 11715 12031 11843 11856 12232 11901 11232 11392 11292 11516 11631 11664 11382 11840 11298 11464 11299 11200 11211 11874 11778 11445 11343 11632 11334 11220 10790 11398 11052 11049 11050 11186 11513 11919 12145 11849 10990 12062 11913 11623 11456 11890 11742 12155 11552 11399 11642 11357 12083 12266 11601
12884 12895 12551 13116 12301 12288 13023 12827 12735 12429 12205 12202 12587 12345 12746 12072 12893 12242 12549 11907 12285 13063 13033 13133 12949 12868 12712 12675 12835 11879 12357 12699 13045 12379 12344 11682 12141 12799 12694 12402 12718 12838 12341 12806 13646 12785 12324 12341 12978 12300 13186 12348 12472 12054 13071 12584 12522 12899 12268 12544 12428 12733 12865 12562 12736 12681 11986 11752 12817 12562 12502 12774 12043 12684 12937 13006 12513 12337 12512 12256 12504 12309 13065 12415 12319 12869 11977 12335 12658 12670 12499 12226 12991 12898 13384 12633 12486 12202 13000 12820 12645 12496 11530 13195 12423 12458 12684 12444 12446 12723 11945 12453 12347 12909 12247 11951 12361 11633 12655 12333 11871 13031 12834 12753 12614 12169 12835 12050 12513 12183 12736 11857 12552 12584 12464 12065 12291 12667 12052 13054 12600 13152 12794 12662 12412 13200 12338 13185 12052 13179 12599 12329 12822 12502 12574 12397 12176 13296 12849 12655 12449 11920 12576 12613 12771 12526 12499 13017 12889 12824 12634 12799 12158 12426 12630 12695 12865 13217 12052 12227 12212 12337 12363 12286 12154 12645 11964 11972 12926 12298 12384 12164 12578 12927 12742 12372 12439 13419 12767 13390 12382 12478 12143 12419 13034 12483 13026 12833 13287 12681 11811 12090 12613 12353 12572 11917 12066 12594 12987 13043 12324 12659 13019 12035 12836 12919 12257 12678 12315 13414 12579 12738 11954 12583 12267 13275 12498 12578 12424 12639 12255 13101 12816 12491 12430 12247 12339 12634 12519 12344 13030 12750 12892 12596 13463 12893 12133 11963 12692 11999 12614 12934 12957 12477 12488 12993 12952 12308 12257 12895 12428 11702 12715 13005 12631 13060 13075 12413 12705 13053 12617 12593 12620 12388 12665 12776 12117 12514 12731 12753 12815 12326 12482 12091 12954 12130 12801 13182 12314 12184 12799 12619 13131 12833 12954 12726 12521 12585 12284 12120 12142 12381 12794 12870 12676 12718 12387 13416 13043 12999 12454 12440 12623 12437 13082 12776 12230 12856 12698 12397 12611 11562 12250 12767 13005 12474 12662 12736 12031 12298 12474 12502 12738 12904 12812 12817 12934 12280 12689 12557 12897 12783 12733 13227 12842 12353 12616 12216 12660 12727 12500 12431 12897 12487 12812 12037 11809 12488 13022 12566 12916 12412 12823 12673 12045 11962 12542 12247 11826 12200 12463 12510 12789 13068 13226 12026 12776 13143 12842 12051 13174 12684 12817 12494 12229 12167 12331 12840 13752 12754
12145 11884 11995 12250 11546 11986 12228 12196 12093 12042 11557 11467 11957 11787 12364 12213 12270 11625 11883 11226 12029 12241 12366 12483 12352 12300 11881 12105 12028 11960 12217 11943 12274 11671 11488 11046 11379 12164 12141 11675 12116 12046 11800 12023 12669 12382 11715 11785 12554 12158 12334 11791 11893 11557 12255 11985 12101 12558 11976 12207 12129 12183 12275 11996 12072 11922 11628 11368 12231 12077 12301 12087 11657 12188 12255 12527 11819 12015 12255 11561 12250 11782 12300 11620 11794 12186 11502 11726 12361 12107 12231 11682 12597 12380 12451 11814 11944 12066 12122 12241 11737 12285 11364 12186 11867 11937 11609 12258 12120 11609 11309 11774 11862 12404 11960 11981 11860 11097 12027 11867 11455 12511 12256 12014 12151 11799 12158 11524 11530 11608 12097 11599 12034 12069 12199 11282 11706 11897 11693 12688 11742 12574 12096 11686 12090 12579 12010 12159 11475 12490 12251 11639 12489 11945 11914 11980 11330 12474 12194 11741 11892 11528 11838 11682 12491 11785 11987 12392 12321 12170 12318 12275 11553 12049 11854 12260 12104 12124 11683 11327 11761 11978 11636 11815 11943 12099 11461 11108 12027 11726 11887 12131 11858 12395 11921 11705 11784 12643 12263 12569 11640 12231 11584 11849 12154 11980 12336 12441 12650 12241 11509 11718 11733 11869 12082 11459 11719 12089 12491 12742 11788 12232 12257 11873 12003 12125 11376 12385 11991 12674 11854 12223 11455 12235 12020 12777 11806 11701 12139 11992 11558 12323 11953 12008 12163 11650 11453 11715 11595 11394 12318 12553 12338 11735 12608 12492 11298 11320 12141 11717 12058 12649 12187 11807 11820 12287 12471 11387 11862 12331 11940 11476 11972 12234 12095 12023 12596 11760 11931 12412 12204 12152 12381 11888 11882 12321 11478 11956 12350 12424 12345 11293 12080 11563 11928 11803 12422 12519 11397 11583 12298 12091 12827 12082 12206 12666 11420 12309 11832 11546 11201 12058 12334 11887 12053 11762 11887 12378 12411 12233 11899 12284 12095 12116 12431 12176 11364 12175 12107 11766 12226 11094 11517 12212 12542 11960 11951 12536 11660 11850 11712 12254 11909 12321 12092 12363 12723 12200 11838 11977 12103 12122 12184 12931 12289 11894 11900 11543 11832 12182 12072 11825 12211 12286 12308 11690 11800 12216 12081 12056 11888 11750 12137 12058 11682 11178 11859 11188 11369 11626 11837 12022 12150 12034 12691 11398 12330 12751 12289 11854 12835 12310 11798 11891 11563 11815 11860 12536 12904 12416
12241 12391 11859 12358 11948 12069 12454 12196 12284 11498 12022 11637 12104 11961 12038 12388 12374 11856 11770 11362 11964 12680 12209 12378 12353 12502 12009 12215 12290 11736 12185 12104 12453 12130 12045 11337 11466 12295 12515 11741 12557 12217 11871 12329 12890 12570 12268 11649 12711 11733 12468 11734 12100 11838 12614 12271 12417 12273 11967 12142 11917 12353 12313 11704 12112 12078 11368 11413 12260 12667 11908 12381 12013 12432 12250 12559 12171 12250 12101 11870 12067 12284 12297 11851 11821 12619 11979 11762 12677 12301 12235 11418 12586 12641 12986 12331 11887 12243 12531 12276 11982 12616 11628 12658 11807 11916 12367 12219 12301 11758 11535 11943 12045 11994 12253 11763 11897 11762 12434 11677 11500 12643 12418 12014 12338 11917 12558 11953 12032 12071 12167 11276 11905 12469 12323 11398 11660 11925 11628 12737 12357 12369 12166 12261 12422 12602 12225 12436 11816 11999 12539 12058 12241 12247 12214 11984 11855 12270 12485 12028 11840 11753 12552 11876 12347 11937 11796 12865 12650 12324 12194 12005 11876 12360 11785 12151 12330 11948 11909 11976 11701 11631 12105 11970 12108 11946 11674 11614 11776 11954 12094 11595 12110 12541 12276 12071 11833 13011 12615 12638 12105 12584 12033 11837 12472 12110 12753 12168 12978 12333 11596 11596 12198 12140 12044 11430 11809 11936 12405 12758 12009 11874 12373 11741 12136 11993 11619 12350 12246 12572 12179 12252 11638 12367 12161 12400 11697 11914 12293 11972 11936 12491 12171 11746 12280 12030 11542 12017 12120 11713 12305 12224 12419 12152 12687 12438 11433 11472 12339 11643 12181 12426 12539 11977 11856 12523 12261 11952 11841 12403 11977 11544 12449 12488 12496 12640 12334 11730 11872 12623 11868 12446 12198 11715 11903 12282 11782 12202 12491 12316 12259 11437 12450 11470 12334 11819 12390 12902 11859 11794 12410 12175 12587 12076 12483 12302 12005 12151 11921 11957 11633 11926 12336 12200 12071 11727 11818 12526 12757 12320 11911 12565 12389 12178 12645 12205 11590 12327 12399 11895 12151 11295 12067 12203 12570 11748 12342 12355 11426 12366 11996 12253 12360 12496 12335 12832 12902 11872 12148 12542 12529 12601 12233 13267 12794 11917 12161 12031 12560 12604 12103 11919 12630 12124 12179 11664 12025 12164 12148 12785 12258 11772 12020 12385 11806 11539 12202 11718 11533 11539 11986 11821 12117 12948 12610 11668 12435 12806 12508 12143 12773 12383 12473 12278 11815 11837 12062 12411 13004 12367
12491 12338 12284 13134 12069 12033 12587 12618 12641 12061 12213 11819 12597 12037 12207 12740 12562 12335 12350 11417 12170 12646 12934 12613 12165 12705 12493 12309 12559 12049 12417 12452 12765 12423 12258 11720 11812 12057 12661 11857 12607 12573 12407 12883 13032 12364 12165 11883 12924 11904 12599 12186 12242 11975 12552 12643 12302 12826 12255 12363 12382 12323 12559 12259 12308 12895 11906 11534 12983 12582 12195 12620 11983 12652 12889 12796 12289 12625 12629 11988 12335 12586 12580 11940 11893 12433 12144 12156 12768 12726 12265 12096 12618 12741 13179 12289 12274 11942 12529 12520 12145 12513 11653 13487 12243 12696 12313 12388 12434 12040 11975 12167 12281 12955 12616 12315 12316 12066 12823 12383 11514 12828 12699 11818 12626 12113 12615 11976 12263 12490 12280 12050 12116 12326 12431 12028 12135 12386 12148 13160 12426 13100 12683 12593 12379 12879 12715 12828 11634 12876 12796 12115 12799 12453 12293 11808 12170 12798 12553 12210 12089 12162 12862 12507 12630 12423 12447 12942 12931 12426 12518 12583 12073 12848 12506 12963 12497 12571 11924 12257 11694 12064 12238 12233 12555 12088 12071 11836 12361 11952 12267 12191 12260 12800 12611 12315 12113 12858 12822 12883 12193 12466 12515 12371 13273 12691 12938 12619 13076 12633 11918 11510 12406 12610 12287 11928 12131 12492 12896 12493 12071 12188 12644 12097 12457 12076 11962 12531 12463 12577 12448 12638 11949 12495 12491 13135 12190 12506 12765 12550 11867 12927 12175 12018 12419 12063 12213 12301 12391 12153 12424 12792 12785 12331 13102 12825 11666 11711 12694 12245 12549 12851 12390 12268 12126 13097 12676 11872 12108 12625 12276 11769 12489 12477 12550 12641 13180 12406 12416 12997 12395 12352 12655 11948 12253 12684 12041 12612 12524 12584 12754 11936 12579 11845 12445 11864 12537 13042 12050 12021 12867 12191 13058 12555 12720 12674 12546 12435 12535 12053 12130 12295 12581 12425 12423 12206 12490 12873 12881 12857 12013 12851 12340 12622 12873 12668 12195 12846 12688 12318 12653 11790 11833 12876 12949 12323 12499 12643 12122 12668 12378 12697 12295 12449 12649 12816 13033 12189 12270 12790 12642 12675 12831 13359 12902 12168 12242 12211 12471 12646 12302 12370 12934 12245 12502 11925 12269 11827 12658 13087 12410 12357 12313 12220 11530 11802 12468 11770 11896 12238 12317 12344 12474 12936 12699 12179 12581 13287 12812 12084 13152 12820 12752 12644 12608 12383 12045 12835 13637 12707
12628 12569 12218 12704 12166 12428 12434 12548 12468 12080 11773 11883 12391 12277 12414 12321 12566 12017 11938 11712 12205 12503 12546 12879 12471 12696 12501 12425 12356 11831 12253 12429 12661 12018 12107 11469 12071 12219 12656 11797 12436 12395 12112 12415 12776 12402 12188 11778 12933 11762 12788 12059 12152 11801 12904 12274 12284 12525 11791 12133 12218 12364 12406 12159 12464 12378 11592 11727 12408 12334 12253 12455 11816 12578 12564 12885 11823 12581 12212 12103 12410 12024 12468 11770 11857 12732 11877 11916 12646 12326 12026 12109 12682 12680 13047 12495 12314 12138 12540 12690 12173 12707 11625 12761 12100 12518 12089 12420 12306 11711 11846 12294 11974 12662 12374 11931 12101 11961 12582 11833 11664 13018 12495 12331 12574 11814 12909 12063 12052 12081 12493 11778 12102 12318 12213 11650 11828 12229 12414 13095 12603 12503 12338 12697 12257 12718 12271 12947 11917 12733 12681 12195 12665 12371 12484 11916 12337 12613 12583 12630 12057 11761 12358 12336 12657 12396 12607 12773 12867 12495 12476 12686 12175 12434 11884 12184 12389 12450 11951 12132 11859 12215 12304 12235 12195 12295 12145 12107 12540 11684 12403 12314 12275 12400 12277 12328 12078 13076 12416 13293 12254 12507 11690 12110 13047 12247 12603 12291 12818 12485 11855 11961 12300 12470 12128 11849 12128 12159 12498 12776 12055 12484 12403 11882 12430 12193 11971 12347 12090 12752 12159 12762 12100 12337 11934 13022 12076 12181 12649 12170 11859 12725 12484 11747 12386 12298 11406 12032 12546 11751 12387 12426 12608 12354 12876 12769 11578 11792 12541 12109 12653 13330 12742 11983 11954 13011 12716 11838 12506 12778 12132 11781 12368 12530 12235 12460 12706 12035 12329 12877 12134 12586 12554 12040 12202 12450 11569 12342 12646 12568 12621 11690 12524 11924 12469 12299 12394 12550 12270 12150 12500 12336 12724 12112 12670 12323 12153 12154 12100 11871 11831 12559 12546 12305 12390 12372 12115 12862 12911 12511 12186 12538 12544 12506 12906 12564 11870 12677 12696 11944 12349 11593 12072 12375 12803 11986 12275 12840 11703 12146 12274 12499 12557 12446 12547 12632 12914 12163 12254 12585 12551 12762 12747 13147 13134 12052 12338 12283 12365 12550 12215 11912 12848 12271 12393 12010 12053 12230 12528 12574 12316 11929 12250 12262 11969 11672 12112 11795 11795 12099 12066 11978 12473 12699 12767 11828 12660 12818 12842 11801 13093 12516 12344 12160 11978 11818 12246 13202 13024 12482
12835 12476 12587 12709 12407 12455 12956 12837 12654 12619 12279 12176 12323 12309 12703 12756 12944 12451 12373 11977 12516 12856 13045 12868 12737 13007 12405 12672 12622 12307 12965 12595 13045 12697 12426 11743 11883 12719 13094 11849 12498 12505 12535 12837 13303 12798 12278 11984 13229 12162 12634 12214 12446 12201 13057 12903 12604 12909 12012 12698 12638 12481 12640 12232 12254 12814 12231 12319 13302 12530 12383 12723 12311 12743 13056 13119 12488 12666 12639 12602 12617 12284 12803 12361 12417 12878 12341 12386 12915 12394 12087 12136 13033 13106 13218 12767 12793 12618 12642 12745 12406 12933 12036 13031 12358 12491 12348 13075 12397 12531 11881 12366 12427 12973 12678 12587 12297 11980 12661 12066 11974 13203 12587 12170 12950 12142 12843 11863 12390 12434 12310 12499 12406 12638 12690 11913 12053 12618 12277 13310 12695 13125 12913 12668 12352 12924 12772 13090 12471 12850 12617 12340 12556 12427 12724 12327 12480 12685 12629 12588 11813 12615 12406 12544 12399 12334 12468 12862 13067 12543 12697 12670 12453 12496 12002 12885 12716 12559 11947 11817 12158 12607 12407 12390 12559 12249 11971 12080 12513 11999 12560 12352 12233 12813 12769 12313 12647 13203 12778 13077 12535 12931 12031 12360 12963 12476 12832 12882 13257 12468 12221 12135 12620 12421 12566 11893 12283 12644 12480 13039 12404 12450 12659 12172 12746 12484 12113 12629 12492 13033 12431 13158 11979 12680 12668 13144 12585 12459 12413 12344 12314 12964 12322 12477 12440 12326 12100 12462 12672 12200 12874 12976 12806 12581 13231 13055 11951 11861 12787 12206 12893 12976 12832 12199 12286 12987 12800 12390 12557 13053 12839 12204 12612 12859 12711 12526 12905 12370 12668 13076 12375 13174 12609 12372 12568 12925 11911 12474 12807 12567 12719 12023 12118 12175 12637 12258 12994 12942 12012 12159 12794 12417 13136 12751 12793 12951 12398 12324 12331 12179 12105 12319 12601 12652 12443 12603 12088 12945 13033 12700 12516 13047 13052 12398 12988 12815 12317 13198 12757 12528 12916 12178 12581 13046 13040 12347 12538 12859 12404 12363 12510 12528 12625 12848 12594 13038 12957 12348 12561 12777 13113 12818 12865 13342 12849 12393 12228 12429 12576 12743 12545 12254 12760 12771 12637 12303 12161 12096 12856 12696 12863 12547 12622 12476 12089 12007 12415 11997 12070 12303 12141 12435 12184 12938 12904 12521 12445 12915 12509 12192 13326 12817 12564 12484 12264 12198 12543 12932 13430 13086
11531 11556 11401 11709 11136 11652 11620 11817 11728 11502 11264 11113 11634 11484 11877 11917 11933 11221 11078 11126 11699 11951 11841 12092 11633 12019 11644 11441 11876 11176 11382 11403 12025 11050 11149 10789 11268 11343 11824 11257 11718 11486 11402 11593 12428 11588 11264 10729 12079 11389 11747 11168 11186 11308 12093 11642 11418 12001 11531 11391 11813 11434 11548 11501 11457 11378 11032 10886 12138 11528 11284 11525 11194 11886 11775 12103 11431 11952 11642 11617 11449 11329 11470 11384 11078 11826 11127 11400 12182 11400 11526 11364 12162 12001 12090 11731 11533 11692 11873 11874 11433 11660 10732 12085 11239 11712 11618 11619 11442 11293 10951 11341 11045 11708 11452 11593 11242 10878 11473 10955 10949 11911 11967 11723 11967 11561 11895 11197 11743 11653 11454 11039 11702 11465 11268 11047 11060 11346 11361 11986 11350 12327 11764 11604 11386 11755 11473 12074 11127 11873 11917 11358 11832 11658 11510 10974 11341 11518 11662 11636 11572 11139 11633 11677 11889 11521 11440 11834 12040 11737 11562 11923 11365 11706 11384 11577 11539 11874 11416 11409 11153 11582 11344 11216 11544 11394 11080 11006 11321 11043 11430 11408 11229 12046 11381 11577 11250 11979 11795 12135 11521 11693 11400 11407 11844 11482 12009 11801 12129 11699 10932 11031 11668 11477 11541 11126 11238 11631 11596 11679 11450 11400 11727 11271 11825 11383 11002 11566 11424 12071 11506 11941 10954 11753 11457 12388 11331 11548 11800 11697 11127 12096 11292 11402 11802 11478 11036 11334 11556 11134 11865 11627 11838 11534 12035 11781 11120 10673 11448 10965 11632 12191 11728 11347 11345 12101 12065 11215 11483 11730 11796 11072 11646 11771 11740 11341 12440 11470 11393 11879 11659 11627 11980 11409 11499 11995 11074 11474 11905 11872 11806 11021 11567 11253 11639 11161 11838 12116 11214 11315 11796 11637 12146 11870 11868 11620 11414 11770 11454 11424 11468 11501 12044 11550 11667 11552 11022 11928 11863 11912 11400 11622 11850 11603 11998 11806 11280 11557 11902 11418 11801 11024 11590 12014 11879 11396 11990 11879 11175 11644 11472 11799 11554 11883 11723 12170 12036 11652 11711 11783 11615 11758 11430 12413 12033 11314 11445 11432 11414 11602 11206 11303 12069 11267 11876 11578 11347 11385 11870 11611 11527 11488 11467 11363 10968 11153 11451 10994 11148 11191 11543 11356 11384 11999 11870 11021 11679 12280 11854 11322 12258 11738 11605 11333 11327 11442 11412 12207 12401 11801
12149 12692 12003 12624 11781 12042 12409 12886 12379 11991 11778 12061 12316 12021 12332 12347 12250 11917 12032 11416 12269 12871 12415 12876 12368 12660 11880 12583 11918 12031 12218 12524 12625 12314 12053 11438 11329 11666 12449 12026 12518 12467 12078 12547 12849 12259 12121 11646 12915 12155 12612 11832 12097 11983 12725 12118 12338 12800 12059 12595 12171 12473 12381 12288 12178 12635 12012 11676 12888 12560 12496 12674 11794 12630 12619 12760 12280 12778 12543 11907 11932 11941 12582 11839 12142 12374 11769 11987 12639 12196 11994 11937 12520 12695 12489 12265 12524 12222 12470 12789 12046 12468 11179 12773 11955 12071 12123 12436 12063 12150 11571 12276 12329 13014 12533 12037 12133 11477 12522 12028 11666 12956 12426 12315 12658 11882 12574 11947 12152 11728 12220 11692 11855 12026 12542 11906 11993 12394 11960 13088 12161 12589 12656 12238 12509 12655 12314 12726 11950 12624 12607 12013 12386 12627 12049 11855 11973 12551 12360 12455 12043 11955 12636 12184 12523 12308 11853 12679 12614 12222 12505 12312 11822 12511 11461 12160 12475 12517 12026 11804 12029 12289 12047 12091 12338 11917 11561 11759 12110 11415 12137 12174 11996 12534 12354 12116 12435 12796 12494 12738 12349 12136 11982 12132 12699 12187 12622 12607 12688 12547 11678 11871 12377 12164 11964 11533 12024 12034 12112 12591 12088 12179 12582 11743 12126 12098 11722 12958 12417 12830 12135 12599 11648 12654 12646 12976 11953 11910 12372 12217 12098 12730 11987 11916 12050 12339 11999 12095 12070 11936 12227 12624 12426 12237 13085 12346 11434 11785 12705 11970 12300 12513 12718 11851 11980 12647 12941 11974 12013 12660 12176 11701 12678 12621 12487 12358 12921 12389 12182 12287 12080 12155 12337 11975 12164 12379 11669 12170 12612 12588 12168 11428 12170 11839 12518 11932 12596 12464 11983 11757 12618 12473 12708 12527 12800 13060 11999 12649 12037 12135 12052 12317 12347 12233 12102 12317 12071 12602 12720 12363 12321 12438 12667 12364 12551 12315 11871 12403 12127 12322 12272 11469 12201 12352 12767 12004 12255 12396 11948 12230 12068 12331 12340 12736 12505 12629 12855 11953 12543 12547 12511 12678 12527 13130 12604 12121 12190 12012 12455 12334 12200 11976 12607 12260 12307 11989 11992 12003 12709 12605 12719 11903 12500 12191 11891 11493 12276 11719 11563 11835 12200 11963 12467 12818 12501 12118 12745 12911 12751 12062 12503 12235 12574 12461 11927 12010 12276 12451 13166 12609
11917 12202 12288 12777 11875 12139 12296 12085 12267 12179 11858 11814 12161 11896 12293 12506 12206 11611 12081 11134 11914 12755 12300 12775 12366 12730 12159 12260 12176 11402 12104 12171 12617 12089 11738 11147 11479 12041 12268 11883 12462 12279 12156 12461 13276 12322 11997 11727 12679 11933 12718 12106 11950 12132 12696 12302 12283 12887 11895 12293 12377 12406 12146 12175 11957 12301 11297 11465 12682 12273 12123 12344 11943 12843 12455 12529 11849 12480 12145 12055 11971 12081 12304 11887 11673 12399 11905 11844 12905 12597 11862 11943 12609 12812 12521 12583 12423 12017 12499 12203 11932 12373 11573 12492 12057 12531 12189 12028 11986 11947 11878 11980 12006 12246 11870 11967 11754 11386 12429 11770 11682 12769 12558 12284 12131 11732 12737 11852 11972 11898 12504 11305 11854 12327 12151 11686 12039 11920 11998 12996 12064 12933 12388 12036 12089 12561 12235 12407 11692 12595 12223 11940 12669 12315 12090 12080 11797 12392 12472 12272 11915 11980 12162 12042 12726 12013 11828 12780 12703 12086 12027 12387 11910 12196 11888 12356 12044 12486 11754 11654 11510 11946 11991 12075 11949 11983 12012 11824 11845 11812 12232 11593 11926 12568 12513 12019 11911 12915 12500 12762 11683 12438 11905 11814 12853 12171 12482 12436 12840 12388 11709 11581 12615 12464 12156 11398 11831 11796 12546 12751 12088 12307 12148 11845 12059 12096 11470 12459 12474 12792 12282 12495 11770 12234 12055 12587 12153 11685 12457 12355 12033 12670 12146 11825 12302 12165 11367 11953 12310 11881 12331 12502 12502 12216 12690 12720 11648 11705 12256 12236 12378 12614 12590 11723 12128 12625 12509 11923 11971 12455 12130 11831 12463 12471 11814 12358 12580 12038 12022 12995 12096 12328 12431 12089 12355 12465 11558 12402 12686 12181 12314 11536 12364 11695 12010 11984 12673 12272 11747 11901 12433 12251 12647 12514 12556 12543 11749 11856 11955 11779 11830 12091 12178 12243 11997 12057 11803 12593 12776 12629 12196 12304 12701 12152 12666 12468 11746 12237 12387 12216 12294 11712 11857 12507 12619 12258 12048 12332 11965 12231 11944 12095 12279 12309 12579 12559 12791 12002 12091 12438 12742 12512 12217 13136 12870 12031 11860 11954 12452 12748 12188 12099 12429 12293 12310 12007 12121 11740 12330 12160 12573 11765 12059 11899 11897 11313 12138 11587 11422 11757 11685 11804 12167 12780 12686 11794 12382 12953 12102 11996 12978 12378 12271 12031 11682 11855 12019 12331 13110 12482
11936 11804 11909 12127 11424 11531 11905 12051 11823 11445 11487 11670 11927 11704 12325 11730 11823 11528 11639 10908 11696 12022 12076 12429 11855 11847 11538 11812 12112 11257 11607 11878 11887 11741 11208 11269 11265 11837 12222 11647 12089 12013 11413 11942 12679 11602 11828 11725 12241 11574 12320 11454 11478 11241 11927 11606 11991 12271 11489 11860 12077 11824 12103 11647 11645 11840 11202 11097 12163 11952 11837 11958 11604 12245 12083 12207 11586 12319 12098 11600 11744 11519 12121 11352 11279 12277 11458 11464 12292 11876 11500 11349 12256 12049 12523 12031 11841 11709 12138 12122 11581 11868 11498 12307 11357 11784 11756 12085 11755 11609 11398 11359 12005 12181 11990 11550 11542 11109 12001 11371 11069 12658 11945 11687 12122 11602 12170 11519 11405 11490 11847 11483 11385 11942 12000 10994 11327 11719 11302 12567 11681 12324 11758 11793 11660 11931 11661 12439 11288 12242 12065 11273 11886 11541 11775 11360 11639 11991 12028 11784 11302 11381 11883 11931 12157 11609 11531 12052 12255 11829 11931 11944 11702 11899 11432 12295 11782 11806 11196 11263 11291 11607 11528 11373 11469 11601 11336 11019 11798 11326 11615 11284 11700 12068 11898 11490 11686 12535 11944 12527 11469 11688 11134 11529 12461 11626 11853 12052 12080 11705 11163 11157 11610 11915 11988 11274 11692 11851 12109 12448 11793 11823 11762 11086 11787 12067 11249 11809 11381 12394 11642 12044 11653 11933 11609 12392 11776 11591 11745 11764 11646 11962 12156 11296 11817 11592 11034 11519 11955 11299 11963 12054 12217 11678 12553 11884 10887 10960 11886 11405 11793 12274 11869 11531 11644 12011 12230 11398 11492 12332 11752 11120 11822 11854 11753 11704 12532 11604 11593 12367 11958 12059 12007 11961 11394 12235 11537 11880 12092 11840 11831 11073 11831 11254 11595 11453 11773 11818 11506 11646 12187 11577 12313 11926 11834 12109 11515 11861 11839 11512 11344 11813 11647 11973 11831 11848 11563 12236 12384 11778 11551 11718 11781 11804 11997 12213 11599 11937 12202 11682 11590 11195 11294 11926 12146 11550 11955 11778 11643 11927 11325 11760 11615 11986 11811 12088 11970 11787 11685 11973 12108 12226 12089 12599 12406 11512 11530 11402 11745 12002 12109 11786 12457 11759 11997 11677 11108 11495 11942 11744 12046 11571 11873 11655 11297 11156 11802 11110 11366 11723 11599 11610 11728 12071 12135 11496 12074 12326 12087 11247 12273 11783 11794 11804 11365 11150 11488 12472 12470 11922
12130 12305 11954 12285 11808 12070 12185 12367 12104 11819 11598 11643 11842 11917 12101 11907 12271 11723 12240 11371 12103 12391 12430 12682 12145 12057 11982 12064 11888 11475 11989 11955 12678 12018 11821 11064 11418 11842 12538 11322 12144 11893 11875 12291 12718 12181 11978 11815 12418 11792 12169 11945 11904 11865 12025 12111 12156 12470 11657 11980 12098 11887 12131 12078 12174 12423 11463 11176 12291 12276 11835 11884 11361 12460 12499 12664 11611 12432 12088 12070 12120 11930 11969 11579 11526 12471 11778 11657 12630 12115 11643 11715 12527 12488 12582 12260 11887 11778 12119 12168 12169 12326 11239 12315 11656 12234 11919 12037 12001 12051 11468 12163 12043 12211 12179 11747 11816 11030 12180 12036 11247 12518 12120 11907 12149 11446 12303 11748 12025 12341 12193 11173 11611 11970 11902 11176 11775 11798 11409 12510 11985 12433 12086 12089 11990 12510 12273 12521 11605 12203 12056 11605 12306 12194 11955 11715 12004 12305 12073 12055 11832 11818 11941 12375 12570 12298 11710 12567 12480 11773 11993 12069 11841 12030 11959 12399 12262 12077 11828 11302 11370 11802 11595 11827 11909 12085 11714 11340 11782 11464 12196 11713 11700 12382 12168 11923 12171 12688 12389 12729 12051 12142 11299 11902 12545 12221 12208 12316 12463 11869 11602 11590 12069 12033 11790 11429 11874 11917 12443 12322 11634 12123 12034 11706 12302 11962 11742 11772 12201 12755 12042 12254 11449 12055 12103 12700 11700 12171 12020 11749 11919 12345 11912 11520 12064 11930 11473 12005 12226 12133 12308 12180 12242 11989 12559 12445 11444 11433 12114 11825 11908 12409 12498 11532 11652 12649 12530 11708 11934 12354 12196 11566 12045 12340 11825 12002 12575 11876 12050 12661 11754 12445 12032 11959 12345 12535 11882 12126 12281 12081 11994 11727 12062 11847 11881 11815 12107 12385 11452 11767 12277 11874 12823 11986 12402 12172 12165 11991 11589 12012 11613 11914 12014 12103 12158 11916 11706 12672 12219 12501 11937 12199 12357 11940 12382 12448 11504 12068 12366 11964 11904 11468 11726 12625 12450 12152 12263 12248 11653 12004 12024 12105 12005 12338 12084 12573 12227 12266 12317 12292 12185 12320 12318 12626 12801 11774 11864 11840 11938 12167 12115 11997 12200 11814 12239 12042 11686 11586 12309 12163 12342 11624 12107 12043 11587 11414 12259 11785 11488 11789 11966 11852 11891 12259 12262 11565 12318 12629 12487 11960 12609 12499 12243 12063 12005 11564 11781 12614 13374 12137
12684 12506 12150 12727 12129 11822 12332 12434 12292 12108 12062 11965 12324 11979 12562 12690 12429 11938 12141 11282 12348 12851 12678 12661 12495 12544 12190 12399 12620 11860 12376 12145 12660 12280 11753 11428 11573 12420 12483 12031 12923 12312 12186 12389 13199 12492 12023 12038 13019 11924 12798 11920 12003 11642 12944 12421 12420 12571 12146 12635 12330 12438 12329 11919 12300 12392 11607 11580 12449 12449 12145 12500 11857 12532 12618 12784 12128 12557 12310 11991 12030 12264 12388 12170 12194 12849 12247 12143 12978 12561 12267 11900 12645 12585 12899 12533 12321 12409 12364 12747 12104 12528 11528 12899 11842 12257 12453 12401 12589 12286 11613 12275 12402 12686 12126 12097 12141 11625 12612 11916 11676 12956 12758 12460 12197 12007 12597 11998 12189 11862 12302 11546 11879 12129 12310 11874 12162 12043 11993 13034 12368 12592 12423 12617 12325 12731 12100 12746 12199 12613 12616 11917 12870 12353 12333 11885 12220 12451 12341 12441 12331 11766 12338 12144 12532 12245 12281 12932 12748 12432 12533 12440 11912 12548 12092 12629 12728 12543 12052 12006 12039 11852 12420 12289 12135 12135 11989 11606 12032 11715 12241 11751 11932 12529 12166 12429 12032 12861 12582 12802 12334 12411 11813 12276 13085 12407 12661 12535 12742 12542 11899 11601 12669 12179 12345 11697 11906 12100 12667 13156 12056 12281 12654 11540 12659 12358 11901 12508 12204 12936 12299 12280 11814 12518 12286 12858 11940 12165 12607 12184 12017 12806 12182 12125 12626 12136 11717 12222 11897 11887 12419 12643 12450 12226 12953 12532 11629 11695 12314 12107 12128 12794 12188 12314 12052 12676 12772 12016 12019 12507 12326 11644 12657 12367 12490 12605 12519 11921 12476 12941 12706 12487 12673 12062 11961 12676 11919 12417 12649 12427 12646 11701 12638 11623 12428 11855 12930 12717 12256 11912 12634 12435 12939 12930 12842 12582 12216 12693 12098 11836 11986 12177 12467 12498 12267 12316 12053 12524 12617 12768 12069 12496 12474 12248 12632 12464 12070 12973 12587 12245 12550 11696 11916 12428 12518 11800 12614 12574 12119 11988 12245 11988 12424 12677 12526 12573 13041 12482 12318 12330 12804 12727 12731 13199 12806 12016 12187 12196 12072 12254 12211 12057 12623 12332 12004 12169 12066 12022 12714 12602 12326 12143 12342 12387 12079 11681 12218 11916 11533 11852 12016 11754 12505 12831 12905 11866 12428 12741 12535 12288 13180 12658 12493 12037 11846 11838 12064 12540 13315 12404
11698 11809 11530 11965 11413 11771 12300 12029 11759 11282 11377 11114 11516 11615 11690 11586 11864 11460 11516 11185 11199 12166 11895 12223 11756 11954 11566 11384 12231 11338 11533 11702 12079 11768 11435 10685 11421 11886 12018 11355 11908 11854 11507 11694 12536 11788 11455 11433 12118 11527 12104 11416 11412 11291 11947 11711 11865 12208 11384 11651 11787 11641 12150 11452 11772 11834 11071 11265 11896 11891 11145 11733 11084 12089 11819 11877 11437 11855 11667 11561 11518 11523 11612 10912 11310 11807 10792 11305 11988 11705 11161 11407 11992 11975 12553 11896 11781 11645 11685 11620 11574 11751 11195 11898 11882 11592 11774 11528 11660 11612 11083 11634 11503 12281 11374 11259 11701 11191 11707 11461 11149 12099 11983 11507 11483 11215 12020 11323 11538 11766 11511 11080 11578 11295 11743 11091 11298 11583 11175 12045 11559 12243 12221 12078 11819 11965 11742 12300 11325 12025 11794 11305 11723 11725 11570 11300 11177 11752 11793 11599 11636 11389 11834 11758 11954 11771 11577 11975 12201 11798 11798 11934 11429 11753 11329 11684 11652 12221 11109 11110 11354 11426 11821 11240 11813 11356 11184 11171 11675 11443 11367 11443 11471 12038 11717 11616 11663 11895 11684 12109 11511 11795 11233 11164 12282 11339 11997 11944 12275 11659 11239 11310 11731 11683 11670 11051 11078 11906 11903 12007 11350 11501 11947 11598 11584 11332 11197 11760 11770 12394 11939 12234 11208 11716 11118 12681 11844 11574 11961 11515 11301 12024 11702 11467 11457 11696 11239 11714 11876 11214 12005 11942 11592 11743 12309 12044 11202 10984 11575 11673 12144 12067 11902 11686 11354 12124 11973 11418 11562 11960 11663 11217 11498 11984 11584 11795 11988 11573 11477 12023 11663 11851 11807 11605 11583 11782 11093 11979 11779 12037 11903 11334 11711 11561 11751 11040 11881 11888 11719 11252 11962 11639 11969 11904 12032 11891 11773 11712 11341 11438 11361 11724 11717 12190 11856 11962 11411 12253 12001 11793 11286 11671 11882 11505 11811 11963 11549 11825 11458 11591 11878 10801 11278 12338 11885 11550 11215 11858 11172 11525 11545 11692 11837 11925 11790 12177 12308 11318 11754 12120 11921 12030 11825 12634 12178 11559 11848 11502 11589 11703 11656 11132 12056 11603 11776 11251 11291 11538 12073 11608 11822 11482 11555 11767 11272 11458 11640 11168 11049 11718 11319 11398 11560 12391 11862 11520 11575 12094 11826 11376 12510 12080 11926 11553 11343 11342 11584 12092 12688 11882
12550 12538 12145 12658 12057 12021 12668 12668 12365 12231 12037 11697 12408 12213 12710 12567 12273 11916 12370 11294 12430 12641 12784 12640 12396 12617 12331 12113 12345 11866 12605 12415 12898 12216 11930 11264 11856 12459 12521 12031 12554 12359 12307 12622 12831 12507 12292 11863 12799 12079 12614 12164 12216 11887 12774 12114 12363 12474 12024 12344 12424 12296 12189 11845 12514 12185 11570 11656 12610 12801 12015 12242 12011 12721 12761 12968 11975 12588 12660 12064 12350 12147 12450 12057 12068 12514 12235 11883 12455 12873 12222 12082 12592 12567 12561 12623 12374 12365 12583 12243 12238 12442 11593 12746 11727 12105 12585 12427 12432 12266 11853 12035 12215 12565 12332 12037 12037 11755 12593 11671 11725 13061 12427 12136 12568 11801 12772 12119 12309 12104 12138 11844 12147 12431 12330 11673 12189 12318 11788 12849 12346 12854 12195 12456 12579 12702 12666 12602 11979 12916 12750 11768 12573 12205 12395 11697 12368 12782 12656 12683 12102 12125 12437 12252 12752 12153 12114 12789 12992 12466 12712 12295 12313 12216 11951 12612 12498 12652 11971 11788 11831 12414 12146 12013 12046 12263 12074 11622 12438 11929 12397 11717 12146 12563 12561 12263 12300 12910 12549 13087 12403 12298 11882 11823 13166 12421 12412 12492 12707 12389 11838 11900 12408 12350 12012 12293 12100 12212 12426 12590 12100 12423 12284 11771 12683 12329 11857 12838 12488 12906 12311 12827 11888 12352 12146 12922 11956 12230 12493 12416 11855 12808 12224 11760 12408 11967 11934 11962 12429 11624 12504 12529 12433 12363 12945 12746 11890 11843 12418 12357 12214 13004 12456 12279 12076 12594 12710 12084 12076 12640 12300 11747 12565 11960 12429 12534 12489 12220 12320 12961 12361 12540 12427 11780 12327 12704 11892 12151 12534 12995 12614 11617 12356 11699 12174 12083 12658 12701 11973 12206 12720 12444 13652 12419 12378 12463 12280 12542 12147 12298 11897 12541 12480 12209 12356 12306 11941 12956 12684 12776 12054 12580 12674 12291 12294 12461 11929 12554 12558 11796 12498 11616 12226 12416 12723 12267 12781 12633 11835 12477 12217 12460 12447 12885 12467 12522 12819 12548 12124 12664 12632 12953 12409 13254 12897 12250 12166 12168 12389 12486 12510 11892 12757 12236 12805 12257 12340 12050 12703 12681 12754 12207 12266 12589 11811 11713 12409 12087 11997 12031 12065 12285 12278 12747 12659 11964 12836 13069 12504 12006 13107 12566 12708 12310 11921 12150 12051 12612 13440 12589
11599 11458 11422 11882 11421 11408 11815 11744 11579 11635 11229 11284 11262 11325 11878 11649 11502 11088 11169 10998 11628 11925 11874 12035 11684 11750 11487 11587 11947 11312 11681 11574 11914 11420 11196 10818 10877 11748 11782 11661 11881 11895 11193 11795 12372 11522 11382 11248 12054 11372 11914 11240 11340 11075 12054 11669 11834 12567 11589 11871 11563 11821 12001 11529 11794 11915 11309 10682 11542 11515 11727 11844 11368 12288 12161 12158 11417 12063 11710 11465 11479 11233 11698 11357 11333 11942 11306 11363 11961 11911 11549 11313 11957 12083 12093 11575 11645 11669 11904 11959 11424 11856 10682 12082 11569 11659 11368 11381 11819 11243 11379 11630 11460 11843 11599 11333 11245 11191 11816 11450 10977 12066 11913 11728 11578 11217 11794 11477 11362 11663 11898 11159 11568 11322 11590 10812 11539 11439 11001 12543 11679 12334 11780 11888 11882 12416 11775 11909 11289 11999 11974 11265 11674 11930 11452 10930 11298 11656 11481 11582 11498 11031 11674 11417 11787 11636 11369 11978 11788 11895 11796 11829 11240 11713 11296 11637 11846 11905 11425 11301 11305 11442 11439 11457 11609 11521 11252 11176 11829 11231 11601 11329 11138 12103 11906 11479 11488 11992 11738 12191 11582 11610 11340 11467 11978 11614 12012 11554 12135 11740 11038 11091 11603 11217 11724 11147 11140 11511 11679 12208 11657 11323 11772 11299 11621 11663 11253 11691 11462 12250 11863 11951 11040 12054 11535 12184 11452 11429 11956 11546 11280 11765 11647 11382 11720 11405 11110 11603 11639 11404 11833 11640 11730 11589 12040 11788 11411 10984 11861 11170 11579 12339 11891 11661 11014 12086 12212 11378 11370 11905 11882 11298 11700 12007 11731 11661 12183 11314 11477 12102 11561 11857 11842 11472 11514 11971 11152 11788 11811 12017 11999 11027 11802 11088 11691 11625 11546 12051 11382 10990 11809 11359 12158 11712 11750 11946 11350 11614 11491 11342 11444 11707 11817 11635 11701 11759 11492 11910 11849 11656 11385 11702 11645 11611 11897 11879 11239 11515 11481 11335 11876 10882 11426 11596 12260 11350 11652 11784 11317 11464 11452 11768 11508 12205 11844 12222 12252 11598 11653 11702 11714 12302 11492 12127 12086 11453 11879 11535 11557 12183 11631 11676 12007 11937 11899 11358 11654 11450 11944 12083 11612 11499 11334 11575 11126 11143 11523 10916 10896 11516 11469 11487 11785 11938 12307 11230 12015 12012 11649 11352 12198 11854 11853 11471 11376 11554 11495 12066 12526 11676
12507 12280 11954 12263 11905 11994 12479 12662 12194 12012 11882 12022 12191 12179 12593 12389 12630 12181 11975 11343 12400 12617 12472 12872 12382 12510 12182 12033 12263 12058 12209 12242 12523 12385 11735 11515 11529 12285 12279 11707 12506 12291 12146 12490 12968 12216 11847 11844 12669 12349 12502 11689 12130 12248 12698 12212 12242 12744 11979 12469 12119 12495 12425 12348 12096 12512 11580 11483 12584 11953 12332 12362 11516 12365 12542 12904 12353 12413 12372 12106 12367 12002 12724 11759 11828 12661 11854 12065 12861 12333 11768 12036 12552 12979 13173 12463 12420 11976 12385 12694 11904 12290 11848 12928 11778 12250 12186 12416 12135 12269 11597 12214 12297 12540 12295 12004 12001 11659 12614 11677 11774 12556 12675 12217 12335 11581 12620 11994 12470 12304 12156 11557 11791 12343 11991 11887 12034 12018 11954 13220 12188 12458 12203 12267 12052 12687 12291 12699 11774 12639 12442 12153 12432 11989 12094 11787 12214 12333 12888 12377 11910 11753 12008 12506 12486 12152 12124 12499 12835 12042 12244 12471 11671 12289 11665 12633 12309 12457 11775 12051 11952 11986 12210 12168 12074 12318 11710 11811 12033 11774 12335 12068 12105 12484 12298 12251 12200 12754 12732 12818 12104 12043 11871 12108 12984 12289 12697 12580 12873 12094 11756 11795 12092 12203 11879 11465 12104 11867 12751 12179 11807 12209 12547 11611 12239 12179 11633 12378 12068 12780 12345 12616 11855 12193 11934 13079 11772 11988 12454 12245 11858 12802 12071 12073 12114 12229 11607 11849 12181 11907 12287 12237 12624 11950 12911 12679 11506 11550 12436 12236 12246 12623 12707 12162 11893 12535 12569 11566 12200 12308 12000 11865 12426 12394 11984 12209 12663 11949 12426 12697 12305 12261 12717 11998 12450 12256 11868 12478 12619 12001 12235 11295 12196 11689 12660 11651 12645 12577 11871 12014 12760 12284 12796 12266 12820 12436 12062 12420 12206 11732 11980 11793 12251 12427 12553 12159 12029 12634 12562 12783 12060 12714 12670 12187 12418 12823 11855 12364 12247 12304 12226 11602 11993 12323 12551 11874 12216 12381 11788 12247 12188 12315 12376 12419 12421 12649 12713 12125 12230 12252 12537 12515 12740 13356 12875 11611 12112 12104 12115 12481 12010 12390 12542 11921 12041 12164 11949 11990 12495 12627 12290 11987 12478 12022 11803 11603 12134 11844 11824 11918 12161 12123 12236 12583 12535 11629 12158 12859 12337 12050 12707 12220 12368 12158 12069 11930 11837 12689 13402 12567
12492 12195 12359 12317 11959 12433 12429 12318 12604 12214 12192 12116 12419 12022 12460 12586 12367 11982 12552 11661 12230 12667 12581 12885 12713 12538 12446 12374 12367 11954 12592 12404 12595 12587 12101 11145 11824 12309 12569 11934 12629 12502 11811 12484 12763 12597 12002 12060 12747 12310 12732 12239 12214 11790 12927 12267 12541 12873 12006 12072 12520 12583 12584 12173 12642 12601 11586 11518 12654 12187 12328 12524 11897 12881 12864 12964 12139 12750 12658 12182 12474 12039 12653 11978 12046 12698 12307 12113 12866 12324 12023 11811 12976 12534 12935 12548 12567 12135 12784 13030 12158 12381 11387 12948 12225 12255 11969 12318 12255 12144 11861 12231 12236 12745 12494 12263 12271 11678 12513 11974 11560 12888 12431 12539 12696 11754 12621 12332 12205 11977 12334 11924 11945 12291 12308 11708 12119 12370 11992 13276 12226 12894 12619 12771 12258 12809 12276 12845 11669 12907 12866 12385 12669 12361 12200 11871 12241 12709 12320 12161 12103 12300 12218 12312 12368 12546 12378 12860 12854 12545 12701 12697 11707 12637 12133 12438 12686 12594 11774 11949 11908 12314 12063 12114 12384 11967 11690 11801 12053 11893 12337 12163 12321 12731 12547 12553 12437 13006 12692 12766 12113 12743 11916 11929 12934 12544 12440 12860 12478 12283 12021 11555 12668 12387 12430 11532 12043 11943 12574 12649 11928 12203 12387 11951 12527 12396 12157 12519 12217 12713 12241 13207 11776 12790 12008 13169 12446 12414 12309 12193 12167 12228 12553 12026 12549 12082 11510 12180 12433 12159 12625 12637 12712 12535 12939 12913 11876 11816 12837 12171 12057 12723 12638 12487 11969 12693 12685 11927 12166 12902 12498 11775 12408 12532 12440 12221 13108 12241 12566 12791 12281 12453 12489 12161 12201 12745 11772 12505 12679 12157 12331 11833 12047 11744 12389 11958 12839 12887 12188 11702 12786 12533 13134 12549 12792 12792 12217 12392 12321 12114 11963 12420 12335 12658 12794 12398 12575 12639 12883 12626 12304 12497 12886 12341 12603 13140 12105 12659 12664 12464 12502 11813 12201 12766 12608 11997 12346 12585 12254 12492 12416 12499 12256 12883 12429 13110 13025 12234 12607 12712 12470 13039 12602 13098 12823 12158 12164 12051 12181 12653 12372 12016 12682 12438 12524 12301 12304 12147 12772 12811 12633 12072 12609 12106 11826 11693 12232 12204 11767 12148 12143 12230 12355 12852 12653 12176 12872 12823 12468 11581 12786 12345 12463 12143 12112 12104 12324 12840 13120 12355
12750 12679 12518 12945 12138 12530 12643 12784 12609 12369 12061 11991 12473 12323 12539 12775 12407 12256 12431 11900 12439 12706 12733 13108 12785 12900 12692 12478 12722 12150 12519 12634 13177 12528 12454 11701 12060 12371 12751 12444 12823 12667 12246 12595 13308 12585 12566 11903 13075 12433 13094 12336 12136 12135 12929 12342 12545 13273 12556 12560 12698 12599 12921 12431 12399 12520 12083 11750 13104 12589 12328 12890 12204 12525 12910 13136 12429 12836 12594 12419 12681 12251 12717 12216 12046 12905 11944 12077 12824 12424 12258 12178 13279 13022 12844 12521 12523 12714 12536 12694 12551 12451 11766 13141 12527 12449 12405 12385 12532 12258 12352 12715 12404 12766 12624 12226 12270 11896 12785 12119 11959 13085 12832 12752 12802 12207 13141 12049 12407 12409 12775 11689 12539 12498 12522 11755 12365 12300 12288 13442 12560 13183 12844 12466 12731 13199 12441 12958 11992 12903 13007 12078 12873 12728 12369 12192 12008 12647 12771 12826 12730 12198 12864 12686 12712 12761 12440 13186 12983 12470 12797 12852 12305 12611 11909 12883 12748 13113 12356 12123 12049 12482 12411 12485 12465 12317 12262 11911 12410 12041 12435 12439 12253 12854 12522 12526 12303 13096 12867 13026 12074 12583 12001 12408 13086 12257 12979 12740 13065 12492 11966 12009 12693 12374 12236 12078 12237 12189 12927 12602 12644 12702 12770 12031 12495 12226 12012 12806 12452 13197 12611 13190 11637 12550 12544 13226 12332 12276 12608 12715 12268 12888 12235 12319 12160 12332 12134 12210 12665 12465 12815 12596 12643 12702 13280 12511 11981 11777 12497 12554 12765 13160 12942 12384 12024 13271 12714 12250 12051 12622 12680 12274 12825 12913 12865 12529 13199 12499 12426 13095 12500 12732 12883 12390 12636 13039 11965 12727 12715 12913 12731 11930 12580 11908 12644 12522 13006 12994 12117 11939 12698 12423 13084 13102 12972 12612 12202 12931 12121 12080 12186 12714 12677 12622 12479 12512 12342 12737 12866 12791 12347 12680 12818 12765 12952 12830 12174 13007 12574 12228 12672 11902 12230 12959 12941 12349 12540 12852 12261 12466 12528 12525 12689 12961 12692 12794 13308 12190 12539 12545 12817 12940 12920 13623 13221 12350 12405 12124 12416 12651 12511 12233 12999 12343 12646 12309 12412 12047 12665 12703 12863 12176 12611 12708 12292 12148 12539 11833 12165 11831 12454 12096 12332 12970 12800 12174 13037 13366 12836 12314 13213 12599 12745 12739 11908 12491 12752 13022 13967 12891
11693 11525 11668 12087 11507 11429 11895 11710 11585 11294 11304 10975 11560 11115 11900 11774 11707 11062 11603 10785 11526 11607 12064 12321 11986 12097 11455 11511 11582 11454 11807 11626 11912 11482 11151 10912 11133 11425 11788 11177 12143 11496 11547 11924 12473 12024 11446 11565 11828 11231 12116 11400 11479 11204 11987 11833 11931 11925 11156 11662 11793 11436 11819 11663 11532 11684 10854 11089 11988 11687 11275 11584 11280 11871 11742 11868 11658 12099 11629 11230 11438 11578 11922 11347 11243 11919 11006 11203 12076 11826 11434 11535 11889 11873 12161 11750 11739 11426 11825 11721 11609 11572 10876 12034 11324 11293 11585 11439 11678 11550 11320 11338 11704 11859 11872 11649 11389 11160 11743 11232 11183 12361 11735 11410 11944 11070 12155 11602 11402 11263 11787 11231 11249 11522 11791 11055 11288 11636 11250 12388 11600 12290 11935 11596 11638 12084 11450 11985 11380 12044 12125 11440 12089 11540 11576 11267 11425 12298 11772 11514 11409 11031 11602 11662 12120 11408 11616 11987 12008 11767 12002 11912 11309 11707 11236 11790 11610 11897 11226 11240 11077 11729 11220 11572 11443 11602 11080 11144 11502 11202 11628 11157 11441 11845 11734 11775 11385 12411 12144 12093 11474 12160 11130 11449 12112 11726 11859 11702 12265 11873 11049 10986 11521 11650 11825 11218 11189 11727 11714 12063 11453 11188 11503 11103 11422 11754 11074 11992 11563 12288 11400 12134 11334 11948 11586 11826 11391 11547 11963 11459 11272 11990 11281 11293 11450 11533 11074 11511 11846 11320 12076 12002 11911 11533 12522 11989 10934 10888 11698 11148 11418 12044 11927 11495 11232 12400 11872 11321 11505 12028 11730 11146 11730 11853 11509 11799 12196 11533 11760 12047 11433 11994 11667 11375 11698 11810 11399 11639 11874 11617 11798 10667 11427 11115 11783 11183 12089 11693 11111 11520 11820 11447 11898 11559 11926 11671 11412 11920 11340 11227 11382 11723 11392 11702 11637 11589 11414 12258 11473 11888 11129 11691 11940 11318 12028 11671 11184 11936 11808 11403 11696 10866 11137 11739 11814 11356 11643 11753 11170 11607 11469 11725 11666 11977 11526 11908 11787 11485 11642 11777 11928 12178 11832 12188 12192 11260 11324 11425 11539 11803 11662 11235 11875 11702 11909 11320 11394 10874 11954 11761 11994 11308 11792 11823 11063 10881 11465 11374 11336 11375 11068 11225 11460 12127 11838 11332 12160 12277 11933 11121 12122 11900 11752 11483 11271 11288 11720 12081 12612 11991
12163 12338 12122 12638 11884 12008 12399 12177 12120 12072 11662 11813 12131 11883 12378 12105 12509 11794 11707 11427 11874 12288 12531 12620 12231 12536 12100 11953 12290 11526 11990 12298 12559 11747 11867 11218 11578 11939 12516 11827 12408 12322 12029 12465 13019 12257 12113 11603 12517 11766 12481 11978 12228 11754 12712 12198 12186 12591 11573 12286 12418 12329 12254 12079 11889 12305 11314 11234 12560 11921 12275 12368 11520 12361 12621 12756 11722 12366 12080 11846 12368 12022 12311 12074 11727 12713 11729 11864 12485 12133 11730 11946 12571 12128 12595 12318 12408 12086 12379 12303 11864 12374 11210 12881 12133 12456 11853 12250 11991 12183 11470 12105 11985 12366 12231 11816 12189 11374 12208 11332 11686 12526 12381 12047 12537 11667 12302 11833 12100 11993 12375 11627 11938 12078 11983 11478 11805 12137 11869 13158 11943 12613 12245 12077 11944 12797 11847 12758 11549 12496 12383 12017 12357 12306 12019 11903 11723 12381 12300 12180 11869 11704 12169 11819 12387 12097 12148 12374 12604 12126 12032 12598 11798 12421 11747 12571 12204 12142 12062 11434 11653 12214 11833 11972 11956 11792 11578 11669 12282 11574 12123 12031 12051 12490 12160 12043 11946 12901 12210 12473 11741 12168 11550 11883 13031 12235 12445 12150 12454 12328 11930 11566 12129 12063 12130 11364 11865 11698 12506 12323 12020 12057 12284 11903 12223 11891 11446 12269 11964 12843 12166 12670 11461 12317 11986 12423 12210 12129 12295 12102 11967 12293 11684 11801 12209 12171 11471 11831 11935 11819 12109 12605 12662 12064 12563 12759 11277 11722 12178 11814 12261 12654 12519 11695 12125 12404 12340 11852 11720 12622 12238 11651 12237 12255 12009 12567 12570 12028 12090 12524 12150 11921 12591 12083 12113 12494 11477 12023 12211 12415 11919 11464 12296 11991 11783 11663 12738 12262 11965 11638 12380 11934 12452 12233 12364 12591 11765 12089 11959 11649 11652 12284 12378 12095 12159 11693 11765 12496 12761 12309 12212 11853 12337 12275 12577 12623 12002 12278 12444 11845 12167 11743 11614 12542 12581 11850 12212 12481 11804 12082 11901 12269 12286 12674 12051 12584 12581 11993 11818 12070 12369 12307 12471 13067 12494 11733 11885 11631 12182 12454 11975 11897 12852 11978 12305 11839 11722 11892 12435 12472 12385 12038 12245 12380 11839 11617 12146 11345 11583 11722 11831 11942 11981 12637 12511 11506 12457 12554 12417 11794 13018 12156 12550 11992 11792 11978 11807 12537 12679 12403
12246 12089 11949 12461 11870 12120 12205 12309 12109 11789 11814 11905 12414 11886 12122 12329 11953 11858 12087 11242 12158 12429 12346 12749 12180 12438 12144 11903 12196 11891 12022 12014 12575 12247 11788 10890 11717 12257 12282 11912 12481 12142 11729 12297 13045 12016 11974 11943 12553 12032 12715 11865 11884 11911 12340 12060 12079 12303 11925 12049 12349 12319 12404 12130 12031 12342 11595 11401 12466 12417 12115 12172 11755 12482 12573 12877 11903 12516 12050 12296 11930 12081 12328 12022 11754 12457 11882 12115 12593 12374 12151 11805 12545 12681 12902 12016 12097 12004 12162 12330 12233 12541 11721 12571 12095 12120 11949 12007 12131 12214 11304 12027 11991 12259 12050 12213 11993 11412 11954 11970 11459 12586 12220 12324 12109 12030 12449 11988 12032 11894 12333 11538 11905 12230 12076 11641 11935 11878 11873 12908 12193 12701 12342 12447 12442 12586 12121 12929 11751 12478 12235 12050 12477 12150 12115 11942 11937 12585 12353 11981 11848 11610 12078 11967 12632 11956 11858 12717 12616 12144 12424 12297 11930 12048 11740 12221 12337 12661 11654 11813 11783 12362 11831 11931 11790 11780 11479 11581 12194 11575 12145 11731 12030 12651 12210 11823 12062 12561 12227 12387 11822 12477 11474 11843 12307 12001 12605 12572 12543 12176 11616 11336 12191 11889 12192 11730 11804 11708 12280 12432 12186 12097 12227 11697 11950 12075 11853 12305 12160 12809 12401 12509 11732 12526 12041 12435 11800 12388 12423 12212 11795 12430 11989 11741 11907 11971 11280 12051 12210 11747 12022 12244 12195 11972 13004 12509 11257 11663 12237 11952 12030 12686 12415 11980 11954 12340 12364 11664 12045 12773 12162 11815 11929 12079 11942 12027 12676 11940 12345 12556 11970 12058 12180 11694 12196 12292 11497 12533 12147 12318 12427 11827 12022 12037 12288 11699 12420 12342 11931 11601 12682 11911 12646 12382 12788 12487 12084 12368 11972 11889 11766 12145 12209 12197 12189 11788 11946 12639 12518 12663 11701 12406 12571 12037 12352 12614 11783 12460 12303 11941 12222 11255 11843 12568 12521 11668 12246 12498 11871 12044 12085 12532 12320 12272 12217 12482 12467 12016 12701 12501 12420 12677 12480 12807 12755 11964 12041 11819 12007 12133 11966 12204 12338 11865 12198 12260 11684 11909 12616 12198 12344 11974 12163 12155 11543 11448 12243 11774 11585 11964 11790 11824 12408 12838 12180 11770 12482 13117 12430 11316 12586 12147 12078 12294 11976 11862 12144 12999 12987 12060
12273 12354 11917 12645 12170 12090 12454 12531 12296 11869 11954 11774 11974 11963 12567 12399 12332 11746 12227 11535 12271 12388 12683 12547 12541 12727 12232 12258 12362 12037 12291 12314 12769 12037 11875 11270 11796 12331 12641 11971 12520 12094 12084 12336 12894 12357 12205 11864 12807 11928 12534 11912 12241 11812 12428 12548 12577 12630 12022 12374 12294 12449 12269 11990 12498 12318 11605 11779 12524 12319 12179 12186 11965 12593 12698 12887 12164 12652 12316 12172 12368 12270 12454 11942 11769 12251 11888 11803 12576 12503 11930 12627 12870 12857 12997 12456 12262 12137 12694 12492 12399 12340 11464 12335 12276 12380 11969 12538 12582 12311 11541 12283 11733 12882 12390 12018 12290 11760 12615 11953 11674 12790 12563 12136 12565 12085 12744 11931 11915 12162 12164 11727 12263 12358 12040 11783 12057 11812 12173 12980 12629 12957 12416 12262 11944 12424 12437 12661 11834 12974 12417 11783 12276 12496 12112 11740 11946 12715 12622 12469 11844 12121 11965 12302 12351 12193 12257 12340 12612 12163 12680 12512 11853 12448 12206 12292 12328 12357 11937 11903 11565 12013 11709 12282 12301 12096 11709 11786 12058 11518 12326 11801 12110 12300 12531 12183 12088 12833 12401 13120 12012 12452 11730 12078 13026 12521 12591 12504 12807 12460 11947 12018 12425 12232 12383 11742 12059 12169 12677 12824 12047 12137 12398 11757 12350 12453 11737 12842 12329 12852 11974 12931 11834 12541 11954 12941 11918 12288 12268 12320 11768 12762 12314 11814 12268 11871 11718 11990 12269 11785 12637 12490 12468 12335 12896 12709 11346 11714 12458 11853 12265 12818 12437 12009 11650 12719 12658 11875 12021 12661 12360 11805 12266 12376 12222 12520 12629 12202 12289 12916 12056 12599 12230 12303 12293 12856 12009 12428 12733 12366 12086 11858 12373 11561 12181 11712 12574 12492 11673 11823 12852 12349 13048 12268 12301 12519 11884 12399 12012 11869 11851 12121 12216 12370 12372 12517 11827 12708 12675 12443 11854 12529 12526 12202 12680 12310 12082 12339 12379 11949 12136 11365 11672 12653 12556 11893 12250 12571 12176 12500 12164 12422 12097 12226 12421 12356 12785 12413 12063 12373 12631 12623 12646 12863 12669 12180 12365 12127 12153 12237 12396 12189 12532 12357 12394 12082 11983 12069 12452 12496 12315 11838 12203 12071 11719 11651 12041 11909 11704 12126 11826 12214 12127 12611 12636 12175 12322 12821 12463 11865 13048 12717 12629 12264 11932 12198 12042 12625 13159 12599
12042 11740 11793 12342 11566 11518 12119 12512 11848 11851 11737 11304 12003 11754 12073 12256 12073 11567 11814 10983 12179 12365 12404 12262 11799 12102 11794 11777 12175 11178 11939 11935 12221 11543 11393 11070 11221 11624 12447 11227 12233 11856 11242 12207 12892 11931 11939 11680 12477 11599 11995 11542 11693 11363 11920 12228 11871 12219 11733 11885 12165 11652 12302 11714 12107 12022 11266 11095 12150 11755 11809 11886 11401 12214 11951 12486 12030 12232 11888 11767 11868 11728 12399 11478 11847 12635 11745 11910 12108 12107 11660 11809 12480 12197 12342 11909 11882 11617 11890 12428 11863 11915 11356 12487 11663 11992 11839 11941 11714 11744 11292 11787 11913 12225 11973 11742 11396 11428 12045 11671 11297 12296 12613 11616 12065 11515 12511 11593 11919 11498 12142 11592 11462 11725 11918 11490 11547 11610 11508 12812 11704 12301 11858 11733 11972 12257 11868 12281 11621 12155 12180 11794 12271 11727 11903 11289 11858 12491 12218 11967 11964 11249 11843 12138 12212 11966 11480 12333 12320 11981 12500 12082 11673 11857 11497 12153 11935 12216 11692 11415 11459 11686 11677 11650 11820 11622 11390 11375 11578 11141 11828 11662 11562 12348 12077 11993 11771 12616 12221 12574 12011 12257 11351 11702 12512 12016 12517 12136 12629 11961 11337 11326 11788 11566 11951 11245 11465 11828 12240 12195 11840 12065 12335 11559 11778 11884 11649 12089 12018 12482 11713 12086 11311 12159 11710 12468 11895 11947 11857 11852 11699 12264 11871 11661 11568 11610 11381 11716 11931 11879 12331 12131 12300 11828 12742 12607 11324 11252 12268 11829 11964 12373 12189 11849 11530 12186 11852 11655 11630 12552 11942 11431 11918 11733 11987 11934 12493 11966 12159 12519 11893 12185 12260 11891 12294 12017 11413 12263 12171 11713 12072 11648 12086 11728 12045 11323 12374 12441 11452 11847 12507 12263 12213 11822 12098 12244 11550 12234 11776 11279 11549 12009 12152 11882 12086 11698 11576 12611 12142 12346 11960 12003 12271 11941 11963 12339 11750 12294 11912 11814 12175 11358 11433 12141 12314 11593 12186 12133 11576 11874 12055 11925 11756 12280 12139 12471 12152 11948 11679 11884 12236 12235 12312 12632 12394 11506 11874 11636 11737 12093 12305 11956 12202 12168 12041 11720 11630 11380 12393 11848 12040 11520 11583 11696 11332 11120 11580 11391 11559 11957 11907 11435 11853 12423 12160 11604 12168 12226 12201 11827 12428 11930 12058 11884 11558 11657 11700 12542 12946 12272
12132 11933 12130 12616 11626 12377 12395 12349 11781 11945 11619 11751 11965 11853 12250 12168 11908 12048 12144 11301 12040 12240 12239 12742 12300 12308 12011 12187 12066 11555 12036 11957 12409 11918 11976 10978 11656 11784 12507 11701 12363 11978 11765 12236 12520 12055 11790 11825 12584 11855 12322 11617 11815 11681 12494 12132 12080 12373 11446 12157 11998 12050 12149 11787 11888 12100 11520 11146 12296 12153 12130 12237 11971 12736 12532 12600 11987 12322 11769 12122 12058 11786 11978 12009 11406 12457 11611 11695 12714 11878 11730 11809 12591 12382 12773 11976 11838 11801 11765 12061 11822 12239 11232 12639 11804 11989 11864 12031 11916 11792 11617 11956 11785 12569 12326 12056 12053 11558 12267 11544 11679 12612 12425 12181 12465 11806 12217 11345 11501 11885 12081 11556 11807 12144 11882 11543 11545 11787 11954 12676 12043 12658 11983 12270 12024 12507 11797 12577 11870 12664 12576 11800 12322 12063 12019 11947 11827 12510 12067 11844 11580 11748 12191 11735 12012 12149 11712 12688 12375 12185 12512 12535 12023 12238 11718 12628 12230 12338 11817 11541 11527 11788 11984 11974 11987 12117 11627 11453 11975 11744 12074 11886 12004 12578 12283 12372 11777 12405 12185 12694 11647 12044 11483 11374 12976 12115 12290 12274 12633 11881 11808 11696 12576 11914 11961 11592 11700 11926 12221 12462 11648 11905 12053 11409 12359 12013 12034 12276 12006 12352 12008 12607 11634 12263 12076 12482 11976 12296 12110 11962 11622 12307 12180 11787 12265 11631 11820 12240 12013 11642 12253 12202 12303 11719 12600 12599 11269 11526 12212 11706 12174 12434 12339 11901 11736 12180 12291 11636 11818 12459 12460 11611 12337 12246 12024 12172 12755 11914 11933 12543 11753 12015 12462 11841 11774 12409 11653 12193 12203 12054 12497 11409 12221 11782 12109 11504 12276 12202 12083 11481 12346 11911 12657 12126 12465 12120 11876 12118 11726 11802 11873 12009 12271 11922 12040 11904 11687 12535 12691 12390 12133 12286 12366 12029 12179 12272 11833 12340 12342 11967 12065 11741 11896 12346 12334 11755 12458 12223 11727 12206 11882 11987 12065 12254 12101 12584 12634 12202 11851 12219 12270 12174 12128 12666 12703 11825 12048 11740 12138 12343 11993 11751 12851 12377 12453 12018 11980 11877 12501 12468 12032 12256 12161 11990 11700 11935 11845 11381 11501 11852 11859 11795 11836 12551 12296 11588 12305 12610 12423 11665 12771 12340 12294 11671 11730 11823 11927 12586 12678 12310
12266 12428 12260 12603 12312 12225 12603 12497 12013 12345 12043 11751 12552 12187 12534 12681 12815 12216 12012 11814 12202 12777 12905 12643 12247 12760 12248 12403 12596 12211 12431 12492 12951 12141 11881 11852 11852 12405 12809 11722 12470 12557 12275 12439 13082 12194 12058 11960 12825 12033 12274 11935 11753 11904 12722 12448 12605 12784 11933 12524 12374 12316 12826 12029 12566 12459 12073 11611 12720 12422 12163 12568 12124 13039 12614 12687 12159 12703 12378 12130 12515 12152 12613 11723 11924 12827 11649 12020 12649 12362 11980 12071 12930 12695 12768 12246 12332 12244 12774 12587 12402 12367 11697 12866 12201 12668 11985 12634 12478 11876 12086 12031 12124 12622 12560 12372 12341 11633 12623 11979 11975 12818 12409 12260 12335 12191 12640 12344 12009 12326 12640 11718 12368 12409 12381 11732 12490 12409 11551 13173 12225 13072 12415 12410 12383 12992 12377 12813 11597 12910 12688 11894 12743 12492 12486 12083 12219 12623 12526 12712 12263 11827 12285 12525 12645 12234 12184 12716 12665 12638 12538 12461 12010 12408 12041 12380 12229 12433 12254 11851 11675 12319 11913 11915 12422 11941 11612 11935 12436 11447 12289 12046 11954 12467 12461 12225 11951 13273 12642 13222 12189 12787 11723 12253 13299 12320 12672 12642 12868 12389 11865 11511 12439 12302 12721 11955 11976 12181 12822 12815 12261 12326 12560 11955 12410 12615 12025 12454 12437 12753 12219 12399 11786 12784 12055 13035 12250 12368 12597 12457 12037 12592 12316 12043 12498 12224 11704 12187 12604 12093 13036 12757 12678 12609 12879 12710 11822 11736 12497 11962 12409 12529 12600 12046 12053 12773 12525 11918 12032 12588 12279 11912 12534 12448 12525 12607 12994 11952 12292 12908 12663 12662 12796 12366 12335 12691 12074 12692 12512 12598 12251 11982 12500 12167 12552 11945 12349 12346 12410 11973 12591 12096 12836 12287 12796 12619 12348 12292 11842 12078 11959 12551 12581 12532 12392 12531 12294 13073 12661 12712 12028 12360 12745 12150 12702 12398 12152 12469 12374 12157 12502 11874 12001 12871 12609 12194 12651 12612 12226 12092 12423 12358 12254 12724 12442 12627 12591 12446 12256 12677 12691 12526 12664 13258 12878 12062 12508 11984 12224 12713 12518 12265 13053 12347 12567 12094 12071 12142 12608 12569 12409 11974 12416 12140 12026 11929 12230 11722 11840 11943 12146 11996 12697 12610 12610 12206 12827 12690 12765 12174 12937 12561 12358 12429 12216 12000 11942 12807 13364 12968
12458 12299 11560 12001 11089 12102 11941 12070 11971 11669 11490 11533 12108 11494 11886 12064 11652 11352 12148 10904 11849 11912 12006 12270 12035 12414 11912 11685 12226 11332 11890 11669 12313 11662 11485 10804 11613 11630 12165 11470 11866 11778 11514 12520 12417 11929 11710 11211 12143 11797 12115 11610 11837 11501 12238 11928 11595 12167 11755 11788 11994 11858 11987 11552 11995 11790 11233 11034 12092 12234 11980 11940 11579 12123 11961 12585 11688 12061 11873 11740 11804 11594 11681 11322 11458 12228 11344 11766 11991 11988 11418 11692 12036 12401 12200 12011 11808 11526 11871 12061 11897 11870 11248 12179 11248 11516 11717 11720 11757 11941 11578 11781 11879 12188 11704 11827 11750 11208 11966 11665 11349 12364 12073 11826 12018 11501 11777 11764 11927 11787 11657 11045 11732 11719 11816 11162 11887 11695 11586 12689 11820 12240 12417 11960 11912 12377 12037 12019 11413 12016 12110 11530 11850 11792 11956 10959 11311 12039 12111 11498 11668 11500 11901 11685 11973 12045 11751 12200 12094 11848 12346 11916 11272 12052 11608 11914 12188 12194 11812 11805 11640 11886 11600 11872 11788 11735 11525 11117 11947 11301 11720 11510 11598 12142 11902 11946 11703 12115 11902 12183 11526 11867 11468 11671 12449 11725 12186 11922 12615 11853 11401 11134 12003 11783 11946 11299 11430 11435 12182 11957 11412 11955 11907 11285 12036 11695 11491 11880 12078 12474 11700 12407 10932 11840 11760 12463 11291 11805 11858 11823 11516 11899 11638 11705 11865 11703 11738 11605 11962 11414 12351 12214 11778 12036 12545 12250 11142 11131 12052 11516 11964 12227 12071 11573 11467 12396 12126 11844 11700 11958 11659 11482 11951 11873 12078 12166 12415 11246 11724 12195 11601 11974 11735 11434 11628 12308 11490 11691 11742 11653 12042 11336 12057 11274 11740 11516 12189 12305 11143 11481 11988 11466 12647 12275 12232 11957 11709 12056 11577 11339 11653 12000 11844 12021 12055 11760 11876 12422 11795 12287 11352 11870 12060 11730 11969 11998 11738 12233 11654 11495 11837 11122 11712 11798 12046 11461 11941 12162 11359 12181 11786 11824 11656 12176 12226 12086 12435 11609 12029 11872 12246 12016 11936 12763 12150 11717 11782 11380 11912 11835 11722 11369 12244 11453 11654 11391 11421 11415 11906 11906 11767 11785 11871 11846 11276 11422 11712 11423 11354 11340 11534 11574 11588 12110 11797 11196 12027 12300 12228 11667 12400 12153 12166 11596 11412 11807 11723 12345 12941 12082
12355 12651 12197 12619 11895 11874 12542 12509 12151 12048 11852 11868 12041 11702 12412 12197 12531 11889 11983 11352 12491 12239 12329 12423 12221 12313 12034 11847 12229 11703 12270 12313 12581 11939 11843 11720 11328 11803 12225 12026 12361 12231 11800 12229 13093 12314 12163 11791 12803 11770 12546 11758 11815 11950 12610 12099 12153 12599 11762 12380 11938 12213 12275 12055 12280 12185 11541 11394 12568 11994 12213 12101 11910 12457 12688 12806 11995 12358 12330 11982 12269 11903 12304 11754 11769 12318 11685 11920 12771 12525 12101 11587 12549 12750 12624 12313 12307 11817 12208 12605 11958 12507 11150 12582 11890 12293 12013 12045 12150 12165 11839 11986 12018 12661 12510 12124 11945 11779 12468 11748 11548 12817 12408 12064 12274 11687 12600 11797 11949 12154 12440 11530 11686 12135 12197 11977 11640 12323 12093 13032 12270 12951 12296 12414 12327 12448 12235 12422 11754 12940 12443 11925 12589 12056 11896 11803 11938 12401 12467 12279 11918 11743 12105 11897 12450 11992 12198 12367 12503 12029 12533 12519 12101 12113 11721 12231 12039 12474 11649 11979 11536 12052 11907 11672 12164 12123 11590 11824 12326 11658 12090 12017 11986 12484 12471 11977 12176 12823 12293 13196 12212 12184 11869 11767 12742 12213 12547 12461 12866 12443 11872 11971 12385 12108 12275 11766 11642 12395 12221 12406 11893 11923 12408 11517 12204 12177 11684 12432 12474 12831 12201 12350 11983 12363 12254 12739 12007 12351 12208 12238 11466 12637 12294 11817 12185 12124 11594 12051 12415 11558 12309 12518 12602 11830 13056 12411 11736 11520 12430 12078 12399 12798 12713 11914 11453 12674 12789 11724 11910 12656 12108 11675 11983 12372 12053 12411 12948 12017 12377 12539 12072 12627 12552 11979 11929 12341 11880 12209 12441 12363 12586 11669 11968 11988 12224 12034 12243 12569 11740 11839 12526 12282 12554 12095 12648 12651 11879 11906 12075 11764 12039 12365 12235 12265 12141 12175 11756 12987 12440 12098 12373 12546 12592 12248 12452 12296 11810 12368 12330 12209 12239 11683 12007 12375 12543 12085 12020 12265 11915 12209 11885 12253 12177 12286 12338 12466 12670 12162 12013 12452 12594 12291 12267 13108 12767 12191 11905 12177 12010 12179 12235 11879 12263 12280 12347 12037 11870 11947 12516 12184 12559 11891 12272 12056 11754 11798 12011 11652 11778 12131 11662 12307 12293 12518 12476 11621 12588 12717 12511 11659 12935 12643 12061 11921 12042 11856 12096 12860 13048 12693
12301 12073 11800 12310 11770 11857 12203 12355 11841 11911 11554 11807 12275 11616 11885 12260 12050 11597 11783 11181 11853 12401 12258 12792 11907 12431 12003 11972 11972 11544 11534 12077 12314 11763 11557 10985 11494 11983 12354 11886 12278 11992 11838 12231 12705 12176 11638 11562 12494 11700 12473 11662 11662 11694 12167 11811 12184 12457 11772 12207 11955 11763 12063 11648 12175 12013 11649 11396 12206 12034 11874 12051 11582 12580 12342 12220 11734 12633 12330 12001 11940 11963 12093 11405 11607 12252 11736 11687 12592 11887 11821 11753 12568 12436 12569 12248 12223 12231 12161 12313 11334 12319 11555 12677 11988 11977 12157 11911 11849 11944 11548 12077 12028 12479 11706 11851 11498 11540 12521 11527 11539 12262 12174 11972 12069 11579 12406 11501 11800 11697 12505 11377 11562 11775 12143 11408 12180 11862 11694 12720 11752 12340 11917 12186 12150 12468 11952 12588 11455 12285 12094 11988 12343 11895 11863 11606 11949 12351 12334 12114 11687 11467 11968 11897 12318 12071 12045 12365 12349 12372 12102 12127 12017 11996 11520 12486 12340 12256 11372 11516 11638 11681 12046 11828 11948 11665 11648 11286 11936 11893 12238 11579 11743 12367 11951 11945 11933 12382 12219 12481 11885 12042 11649 11964 12582 12038 12262 12067 12677 12475 11399 11077 12032 11931 11954 11764 11617 11823 12390 12358 11881 12135 12210 11599 11917 11752 11117 12080 12057 12287 11960 12383 11967 11988 11865 12816 11903 11925 12258 12184 12074 12198 11706 11711 12017 12124 11044 11941 12073 11711 12053 12303 12367 12128 12517 12325 11397 11353 12246 11917 12289 12674 12185 11997 11704 12215 11843 11665 11821 12618 11899 11424 12342 12314 12346 11970 12673 11727 12057 12404 11920 12160 12323 11755 11840 12439 11634 11991 12470 12242 12544 11202 11708 11635 11959 11578 12364 12122 12113 11605 12410 11987 12569 11916 12351 12380 11521 11947 11666 11608 11833 12072 12177 12308 12260 11934 11608 12338 12555 12359 11959 12180 12084 12247 12314 12260 11837 12336 12072 12011 12080 11376 11976 12516 12452 11757 11994 11833 11470 12124 11630 12152 12025 12477 12094 12403 12742 12150 12485 12240 12553 12398 11974 12876 12502 11709 12035 11796 11974 12205 11910 11779 12183 11904 11775 12153 11640 11914 12510 12185 12122 11733 11886 12154 11523 11367 11955 11815 11702 11990 11603 11721 11979 12309 12436 11780 11946 12275 12185 11960 12677 11894 12172 12054 11620 11621 11678 12518 12988 12053
12354 12440 12088 12901 11587 12113 12452 12364 12498 11805 11859 11915 12069 11979 12083 12118 12346 11766 11923 11218 12000 12507 12695 12614 12513 12401 12168 12192 12505 11376 12103 12372 12790 11739 11967 11307 11769 12128 12470 12091 12331 12409 12025 12539 12871 12304 12072 11695 12793 11959 12521 12046 12073 11848 12717 12273 12309 12691 11924 12120 12302 12452 12620 12246 12198 12435 11425 11510 12393 12526 11993 12330 11766 12606 13103 12706 12210 12341 11923 11964 12443 11983 12161 11690 11631 12720 11940 11947 12621 12545 11957 11844 12553 12498 13109 12548 12047 12101 12210 12291 12025 12544 11392 12885 11762 12204 12186 12115 12130 12067 11603 11971 12008 12400 11868 11885 12136 11939 12368 11582 11628 12339 12462 12267 12768 11760 12519 11907 12025 11904 12239 11483 11960 12119 12327 11425 11840 12112 11884 12719 12355 12547 12300 12487 12170 12732 12077 12551 11708 12422 12561 11740 12581 12581 12294 11922 11871 12513 12449 12395 11794 11705 12294 12198 12226 12179 12366 12415 12496 12596 12111 12630 11907 12551 12171 12429 12493 12571 11688 12176 11595 11969 12079 11908 12084 12010 12037 11644 12521 12204 12000 12060 11974 12440 11974 11876 11946 12750 12538 12624 11987 12238 11769 11976 12524 11931 12588 12180 12908 12410 11737 11902 12600 12348 12008 11684 11640 12272 12298 12463 11823 12072 12569 11820 12141 11866 11588 12176 12316 13002 12351 12651 11542 12443 12164 12847 12235 12021 12262 12373 11819 12655 12108 11750 12177 12027 11415 11927 12293 12089 12133 12534 12499 12273 12696 12586 11648 11961 12273 11918 12382 12515 12478 12096 12153 12209 12613 11928 12164 12697 12043 11627 12202 12469 12219 12634 12834 12002 12458 12799 12255 12336 12589 11982 12128 12256 12112 12369 12378 12666 12578 11832 12119 12175 12148 11963 12462 12379 11984 11934 12740 12139 12871 12348 12415 12281 12364 12309 12182 11867 11927 12766 12449 12179 12423 11986 11801 12771 12886 12413 12262 12452 12326 12358 12606 12379 11870 12649 12610 12072 12725 11664 11771 12716 12665 12092 12291 12314 11532 12471 12220 12091 12379 12286 12236 12844 12923 12029 12301 12390 12747 12926 12524 12979 12939 11992 11788 12227 12453 12571 12068 12098 12664 12055 12011 12093 11578 11855 12436 12276 12665 12221 12161 12418 11880 11739 12234 11529 11425 11849 11634 12281 12061 12773 12824 11968 12648 12811 12241 11807 13019 12523 12636 12073 11965 12079 12075 12675 13291 12356
12120 12222 11825 12499 11659 11729 12168 12434 12042 11709 11684 11811 11960 11916 12225 12319 11963 11547 11939 11267 12087 12250 12287 12510 12371 12148 11582 11799 12175 11655 12036 12010 12117 11968 11577 11239 11105 12128 12246 11629 12171 12079 11742 12302 12805 12072 11823 11480 12339 11841 12297 12091 11537 11760 12172 12045 12083 12444 11763 12020 11945 12052 12213 11744 12148 12589 11445 11489 12115 12096 11844 12268 11731 12455 12389 12565 12057 12615 12159 11561 12129 11714 12326 11709 11539 12538 11690 11820 12473 12353 12026 11741 12691 12543 12620 12198 12094 11875 12280 12292 11592 12131 11396 12569 11769 12295 11930 11939 12168 11728 11297 11995 11718 12491 12059 11868 11907 11385 12210 11932 11254 12451 12152 12251 12114 11744 12313 11933 11879 11724 12166 11538 11829 11666 12088 11366 11777 12162 11632 12885 11764 12423 12257 12230 12203 12444 12252 12542 11486 12631 12114 11861 12216 12165 12215 11534 11712 12052 12301 12007 11955 11645 12076 11772 12338 12164 12086 12529 12325 12285 12584 12137 11772 12072 11839 12135 12215 12109 11631 11697 11679 11609 11672 11567 12132 11569 11437 11563 11807 11741 11720 11806 11657 12567 11791 12147 11963 12446 12203 12652 11745 12354 11697 11624 12570 11829 12529 12201 12470 12039 11565 11578 11986 12069 12131 11329 11789 11924 12126 12569 12015 11990 12143 11784 11821 12071 11433 12160 12151 12817 12192 12156 11621 12283 11856 12752 11785 12392 12205 12021 11780 12165 12085 11676 11953 11794 11240 12063 11902 11370 12005 12189 12125 11866 12786 12512 11418 11493 12190 12082 12077 12621 12417 12050 11455 12476 12560 11646 11963 12355 12156 11378 11959 12449 12291 12096 12489 11391 11844 12388 11921 12072 12199 11853 12009 12274 11473 12039 12445 12045 12254 11639 11786 11608 11952 11779 12227 12357 11712 11598 12225 12177 12350 12203 12281 12281 11746 11962 12160 11887 11732 11838 12107 12206 12024 11848 11620 12518 12328 12278 11800 11601 12400 12087 12534 12221 11571 12242 11932 11837 11978 11212 11640 12288 12232 12121 11754 12048 11655 11867 11999 12015 11948 12305 12143 12355 12510 11743 12145 12209 12289 12414 12153 12741 12352 11703 11985 11544 11982 11969 11770 11715 12330 12084 12019 11785 11750 11810 12247 11803 12220 11601 12115 12228 11644 11621 11877 11759 11385 11700 12028 11655 12378 12198 12246 11439 12112 12361 12425 11641 12553 12107 12070 11957 11867 11602 11640 12809 12754 12380
12800 12999 12738 13256 12500 12872 13000 13201 12799 12552 12323 12704 13038 12744 13104 13148 12841 12584 12682 12311 12785 13183 12982 13470 12977 13328 12754 12728 13000 12320 12850 13046 13238 12730 12714 12093 12223 12715 13375 12736 13155 13008 12651 13295 13712 12773 12840 12573 13415 12455 12959 12648 12518 12447 13484 12808 13236 13234 12497 12923 13125 12742 12837 12643 12755 13283 12168 12084 13162 12907 12637 13124 12920 13331 13228 13580 12847 13064 12811 12694 12992 12610 13116 12630 12627 13318 12433 12380 13413 12985 12782 12561 13553 13402 13336 13060 12846 12693 13259 13143 12837 12912 12160 13338 12590 12908 12827 12876 13290 12756 12422 13082 12728 13386 12905 12705 12760 12428 12917 12164 12068 13538 13108 12885 13392 12661 13324 12571 12792 12835 12786 12394 12831 12862 12694 12210 12358 12765 12374 13754 12718 13485 13137 12842 12739 13337 13049 13153 12771 13567 13137 12414 13160 13019 13055 12449 12700 13065 13017 12961 12582 12396 12667 12674 13103 12978 12800 13143 13182 13075 13043 13180 12576 12959 12319 13278 12928 12987 12345 12481 12347 12932 12532 12585 12761 12620 12439 12484 12954 12388 12903 12494 12629 13448 12875 12593 12638 13405 13075 13462 12432 13040 12481 12470 13331 12753 13245 12774 13544 13078 12633 12483 13226 12999 12935 12147 12803 12698 12977 13320 12906 13039 12889 12252 12882 12811 12247 13260 12557 13844 12736 13257 12375 13363 12992 13712 12712 12949 12967 12955 12530 13262 12780 12511 12802 12512 12478 12851 12810 12690 13002 13185 12981 12912 13654 13118 12261 12241 13184 12516 13037 13256 13402 12600 12522 13318 13188 12399 12746 13132 12694 12264 12832 13268 12795 13194 13504 12596 12686 13322 12759 13157 13255 12676 12996 13459 12150 12870 13035 12998 12785 11983 13146 12449 12869 12668 13350 13173 12693 12598 13218 12855 13555 13093 12894 13399 12696 12884 12426 12519 12383 13106 13116 12695 12685 12831 12351 13111 13594 13152 12479 12801 13153 13117 13278 12990 12558 13016 13076 12769 12997 12258 12548 13334 13164 12687 12986 13248 12491 13096 12680 12736 12975 13365 12960 13239 13327 12652 12878 13189 13271 13406 13028 13862 13599 12719 12791 12398 12984 12887 12562 12718 13224 12460 13011 12646 12621 12522 13035 12941 13367 12690 12742 12795 12254 12410 12481 11813 12354 12341 12614 12637 13086 13343 13234 12545 13137 13567 13137 12721 13535 12999 13055 12974 12414 12421 13056 13118 13721 13231
12484 12210 12154 12400 12165 12167 12184 12266 12321 11962 11983 11598 12412 12058 12233 12164 12552 12068 12155 11446 12252 12662 12298 12795 12346 12710 12414 12109 12296 11972 12055 12634 12702 12026 12206 11163 11984 12270 12451 11957 12384 12110 11824 12528 13092 12445 11933 11893 12770 12098 12864 12093 11977 11823 12991 12185 12519 12641 11833 12468 12156 12472 12324 12121 12278 12398 11965 11708 12521 12118 12371 12242 11634 12560 12394 12703 11975 12554 12463 11905 12107 12046 12404 11839 11934 12550 11900 12090 12477 11967 12016 11775 12427 12438 12845 12325 11917 12141 12707 12383 12192 12456 11462 12837 11990 12353 11845 11902 12039 11805 11839 12079 11989 12696 12385 12162 12030 11385 12654 11805 11705 12815 12523 12314 12366 11828 12700 11857 11921 12018 12452 11614 11899 12285 12390 11672 11907 12234 11799 13314 12340 12743 12295 12534 12610 12697 11821 12704 11806 12353 12560 11928 12557 12360 12091 11941 12170 12648 12426 12269 11869 11933 12405 12580 12671 11940 12153 12549 12582 12279 12349 12471 12151 12394 11826 12285 12363 12609 12178 11929 11855 12231 12185 12091 12162 12095 11931 11717 12115 11624 12209 11875 12159 12434 12423 12296 12233 13107 12481 13128 11907 12211 11736 11916 12593 12510 12545 12557 12666 12356 11748 12016 12416 12068 12248 11937 11849 12205 12406 12434 12095 12137 12209 11753 12599 12050 11880 12342 12187 12665 12322 12434 11717 12721 11786 12267 12088 12299 12430 12592 11999 12695 12113 11667 12317 11970 11757 12155 12581 11974 12467 12233 12541 11990 12876 12666 11629 11636 12584 11799 12351 12585 12623 12108 11892 12745 12337 11878 11922 12614 12169 11735 12251 12395 12061 12427 12699 12089 12270 12643 12294 12462 12450 12021 12143 12753 11715 12144 12580 12474 12211 11683 12145 11692 12400 11925 12518 12644 11806 12084 12391 12317 12834 12475 12903 12593 12074 12351 12026 11768 11907 12184 12528 12353 12397 12365 12248 12706 12445 12852 12254 12435 12529 12412 12602 12345 11815 12148 12712 12207 12165 11442 11960 12252 12907 12067 12463 12432 11949 11994 12212 12744 12384 12780 12434 12853 12922 12138 12265 12246 12539 12327 12414 13175 12810 12199 12345 12218 12015 12681 12217 12031 12453 12195 12545 12193 11981 11901 12408 12446 12627 12162 12387 12264 11723 11651 12001 11602 11903 12197 12009 12078 12403 12505 12909 11854 12739 12871 12701 12212 13080 12772 12368 12378 11835 12132 12455 12874 13131 12296
12438 12646 12248 12689 12226 12261 12773 12659 12400 12310 12168 11636 12192 12238 12504 12573 12261 12378 12075 11572 12390 12731 12585 12669 12578 12874 12015 11956 12671 12011 12409 12178 12709 12414 12048 11439 11855 12236 12756 11862 12614 12490 12165 12525 12993 12687 12082 12173 12838 11956 12474 11949 12020 11908 12681 12408 12573 12611 12012 12324 12348 12444 12618 11854 12650 12541 11963 11572 12717 12700 12216 12840 12038 12674 12462 12911 12175 12659 12471 12149 12384 12372 12722 11973 12218 12751 12132 11848 13024 12546 12344 11814 13028 12968 12783 12631 12533 12158 12505 12594 12066 12544 11832 13055 12152 12380 12295 12548 12162 12363 11768 12179 12150 12719 12516 12202 11877 11617 12672 12179 11406 12935 12848 11935 12736 12002 12903 12244 12280 12037 12369 11691 12200 12330 12260 12006 12351 12380 12025 12903 12305 12759 12700 12245 12276 12734 12567 12743 11835 12891 12510 12002 12734 12329 12250 12176 12078 13056 12582 12596 11986 12184 12547 12266 12808 12528 12131 12625 12715 12521 12920 12601 12101 11934 11790 12449 12310 12560 11844 11924 11962 12192 12006 12301 11894 12030 11752 11711 12154 11939 11983 12022 12023 12727 12343 12270 12371 12979 12486 13007 12251 12178 11830 11866 12942 12376 12886 12282 13247 12649 11822 11946 12359 12091 12204 12027 11718 12050 12773 12808 12066 12241 12667 12095 12364 12481 11643 12521 12348 13069 12253 12807 11856 12374 12044 12879 11918 12237 12503 12554 12048 12700 12201 12047 12326 12191 12203 12109 12534 11948 12326 12733 12672 12287 13084 12578 11468 11768 12438 12086 12384 13277 12527 12390 11897 12574 12519 12233 11789 12854 12367 11727 12547 12326 12398 12486 12898 12106 12295 12859 11994 12724 12502 12339 12284 12322 11863 12435 12397 12357 12404 11683 12416 11880 12529 11862 12730 12888 12018 11696 12545 12290 13053 12420 12832 12848 12282 12397 12181 11983 11905 12269 12027 12428 12788 12480 11954 12873 12624 12829 12083 12467 12671 12025 12776 12368 11966 12670 12521 12232 12424 11519 12134 12186 12760 12086 12706 12954 11930 12529 12312 12448 12369 12657 12364 12729 12677 12138 12336 12609 12753 12482 12508 13150 12550 12190 12221 12348 12217 12183 12753 12166 12442 12506 12389 11913 12259 12071 12937 12587 12532 12309 12054 12123 11864 11682 12480 11795 12406 12356 11829 12089 12379 12723 12778 11785 12223 12812 12585 11861 13111 12350 12832 12382 12261 12005 11908 12897 13130 12775
11560 11809 11425 12034 11099 11514 11668 11929 11571 11415 11218 11026 11673 11403 11487 11844 11812 11134 11482 10889 11639 11954 11892 12167 11843 12202 11653 11510 11613 10961 11447 11617 11859 11401 11447 10524 11041 11516 11568 11096 12100 11708 11141 11767 11751 11643 11526 10969 12064 11282 12050 10967 11435 11031 12272 11711 11453 11776 11331 11541 11560 11466 11575 11379 11519 11408 10815 10999 11836 11912 11476 11706 11473 11731 11749 12232 11208 11603 11620 11209 11688 11464 11523 11166 11064 12106 11211 11127 11930 11469 11318 11696 12004 11916 12070 11737 11572 11266 11623 11750 11484 11753 10742 11956 11031 11525 11574 11620 12011 11232 11138 11679 11409 11992 11619 11343 11228 10714 11680 11013 11038 11729 11840 11560 11720 11317 11908 11361 11279 11382 11526 11245 11537 11798 11635 10818 11640 11485 11434 12225 11443 12136 11676 11712 11355 12122 11712 11862 10994 11915 12015 11468 11820 11643 11455 11285 11425 11949 11666 11800 11255 11171 11563 11562 11783 11223 11327 11981 12050 11525 12027 11822 10975 11745 11343 11424 11764 11574 11650 11222 11369 11626 11622 11891 11252 11232 11193 10894 11731 11136 11498 10947 11328 11809 11834 11449 11330 12048 12058 12238 11198 11613 11178 11446 11959 11741 11991 11926 12023 11538 11273 10904 11618 11617 11710 11106 11319 11389 11629 11782 11527 11427 12001 11005 11662 11481 10965 11704 11402 12313 11399 11908 11106 11708 11461 11879 11454 11413 11824 11749 11365 11989 11541 11006 11734 11439 10800 11170 11189 11083 11497 11879 11744 11495 12342 12008 10662 11028 11663 11280 11612 12087 11640 11274 11276 11724 11905 11125 11436 11805 11642 11049 11705 11855 11319 11693 12200 11450 11527 12063 11628 11844 11937 11417 11386 11874 11407 11370 11935 11829 11727 11056 11719 11326 11505 11318 11871 11978 11204 11307 12039 11464 12003 11747 11786 11911 11085 11596 11344 11314 11246 11688 11830 11597 11473 11193 11297 11732 11987 11648 11730 12053 11582 11559 11917 11932 11157 11933 11870 11548 11739 10883 11158 11775 11920 11301 11863 11691 11155 11697 11335 11540 11270 11761 11673 12001 12139 11449 11234 11768 12118 12112 12256 12274 12265 11494 11554 11416 11613 11798 11700 11552 11878 11533 11775 11586 11285 11425 11992 11763 11730 11313 11235 11722 11232 11280 11502 11273 11117 11435 11340 11485 11655 12075 11996 11028 11731 12143 11734 11509 12429 11523 11581 11377 11477 11317 11451 11993 12202 12114
12395 12516 12383 12696 11799 11914 12626 12406 12254 12167 11593 12062 12122 11957 12266 12271 12335 11853 11926 11756 12261 12417 12232 12764 12407 12436 11982 12183 12102 11664 12172 12219 12540 12199 11815 11277 11322 12272 12655 11774 12634 12197 12154 12353 13114 12244 12078 11906 12601 12122 12617 11849 11642 11857 12441 12059 12034 12570 11855 12529 12155 12074 12414 11845 11860 12310 11409 11304 12864 12354 12025 12417 11735 12288 12736 12686 12030 12259 12219 11803 12376 11943 12536 11629 11758 12389 11705 11947 12653 12535 11940 11887 12820 12751 12803 12073 12338 12503 12401 12721 12143 12336 11272 12704 12036 11917 12251 12153 12339 12153 11543 12274 11988 12679 12406 12109 11961 11697 12393 11817 11375 12585 12599 12284 12208 11752 12441 11827 12023 12059 12100 11589 11725 12040 12243 11735 12046 12100 11643 13031 12124 12353 12285 12339 12049 12856 12219 12634 11944 12543 12492 12008 12585 12063 12115 12025 12158 12505 12276 12259 11860 11604 12167 12433 12324 12249 11896 12679 12480 12432 12532 12430 11915 12381 12068 12374 12151 12850 11494 11538 11957 12185 12269 11717 11882 12114 11659 11884 12180 11672 12241 11902 12074 12513 12315 12092 12467 12911 12457 12548 12184 12476 11812 11810 12687 12249 12539 12516 12580 12330 11811 11669 12360 12222 12000 11722 11598 12022 12513 12467 11789 12283 12291 11500 12147 12031 11741 12528 12285 12875 11987 12428 11846 12483 11993 12877 11988 11891 12524 12348 11926 12435 12120 12006 11721 12069 11627 11964 11791 11917 12490 12456 12674 12097 12766 12459 11393 11545 12425 11931 12269 12776 12553 11820 11504 12501 12773 11834 12296 12347 12163 11892 12212 12481 12296 12450 12688 12227 12455 12578 12349 12339 12787 12129 12330 12405 11820 12266 12635 12316 12717 11271 12013 11930 12259 11784 12720 12750 11951 11730 12721 12304 12588 12427 12558 12466 11967 12295 11907 11896 11794 12390 12333 12157 11985 12226 11941 12793 12698 12314 12321 12410 12507 11945 12677 12149 11835 12529 12346 11997 12530 11574 12100 12696 12727 12018 12488 12239 11650 11976 12102 12168 12184 12267 12502 12528 12778 12281 11848 12571 12425 12561 12391 13268 12823 12013 12046 11993 12316 12250 12085 11928 12482 11954 12317 11475 11892 11908 12599 12507 12489 11877 12278 12199 11929 11416 11973 11751 11690 11905 12347 11863 12271 12612 12388 11419 12444 12619 12268 11905 12921 12266 12525 12204 11862 11588 12105 12708 13331 12367
11934 11882 11420 12463 11603 11681 11860 12043 11577 11422 11373 11239 11704 11441 12223 11757 11963 11394 11481 10988 11671 11765 11874 12381 11837 12122 11659 11780 11750 11220 11864 12030 12399 11228 11638 11077 11113 11748 12308 11385 11970 11475 11086 11762 12492 12000 11591 11185 12332 11553 11825 11251 11437 11393 12435 11541 12033 12263 11387 11654 11456 11754 11738 11547 11998 11825 11138 10910 12109 11611 11756 11827 11288 12199 12084 12092 11743 12350 11716 11881 11654 11466 11646 11606 11325 12173 11300 11450 12263 11817 11664 11310 11979 12137 11850 11922 11758 11572 11474 12098 11802 11829 10857 12151 11593 11697 11790 11499 12078 11315 11203 11980 11351 12411 11938 11522 11422 11324 12102 11419 11349 12228 11868 11951 12194 11336 11969 11631 11572 11700 12005 10797 11777 11689 11757 11417 11786 11571 11606 12494 11493 12275 12090 11874 11661 12114 11925 12280 11588 12430 12088 11463 11995 11898 11879 11317 11358 12249 12102 11842 11276 11416 11991 11541 12011 11892 11639 11840 12046 11817 11897 11921 11323 11848 11450 11878 11927 11991 11230 11379 11398 11731 11401 11150 11770 11552 11345 11217 11572 11234 11589 11571 11491 12434 11921 11364 11362 11965 11852 12344 11484 11888 11625 11519 12424 11522 12228 12119 12280 11917 11300 11235 11766 11523 11485 11302 11649 11933 11817 12073 11474 11536 11762 11106 11817 12077 11541 11772 11856 12145 11507 11902 11487 12177 11495 12322 11591 12007 11885 11841 11436 11819 11590 11320 11675 11828 11370 11770 11729 11481 11411 11867 12086 11509 12371 12007 11189 11389 11753 11561 11687 12373 12013 11684 11427 12128 12161 11922 11647 11913 11964 11139 11802 11871 11834 12159 12232 11655 11783 11935 11778 12007 11896 11794 11676 11874 11030 11761 11830 11877 11904 11218 12082 11212 11619 11608 11919 11924 11676 11354 12002 11599 12191 12172 12086 11893 11347 11714 11651 11500 11617 11875 11875 11549 11636 11330 11136 12506 12037 11875 11879 11550 11996 12002 12359 11601 11816 11727 11882 11913 11656 11013 11361 12194 11995 11413 11706 11882 11350 11560 11612 11849 11892 12091 11641 11693 12311 11707 11877 11688 12198 12099 11862 12489 12304 11553 11534 11532 11455 11885 11499 11603 12047 11429 12060 11759 11318 11488 12223 12096 11746 11405 11754 11774 11380 11232 11671 11258 10979 11505 11597 11791 11717 12189 11770 11308 12288 12552 11966 11538 12208 11919 11989 11587 11300 11405 11438 12088 12460 11885
11719 11472 11741 12049 11539 11814 11851 11731 11812 11403 11227 11579 11697 11542 11845 11560 11617 11048 11536 11055 11673 12008 12024 12196 11877 12149 11563 11736 11637 11447 11930 11996 12496 11590 11392 11158 11429 11780 12269 11559 11866 11901 11274 11969 12323 11821 11575 11494 12294 11538 12423 11567 11449 11416 12252 11832 11714 12147 11417 11874 11877 11736 11954 11653 11915 11895 11066 11146 11943 11721 11470 11520 11318 12143 11903 12206 11378 11905 11442 11697 11737 11469 12045 11660 11377 12042 11233 11374 12329 11964 11408 11505 12203 12367 12065 11585 11753 11388 11780 11715 11755 11849 10888 12148 11581 11637 11626 11932 11918 11378 11472 11558 11622 11603 11747 11270 11306 11053 11863 11353 11035 12318 11959 11773 11736 11087 12023 11759 11894 11442 11929 11105 11397 11663 11750 11178 11220 11383 11374 12742 11745 12328 11664 11576 11764 11991 11860 11988 11615 12153 11818 11424 11999 11792 11660 11513 11431 12162 11925 11718 11384 11441 11881 11695 12225 11269 11545 12153 12136 11949 11894 12034 11269 11732 11475 11893 11692 12042 11261 11188 11102 11529 11540 11448 11378 11349 11277 11166 11825 11223 11674 11259 11442 12075 11639 11789 11458 12347 11866 12493 11631 12060 11133 11619 11936 11551 11935 11892 12391 11794 11177 11211 11829 11622 11798 11361 11509 11608 11863 12142 11528 11506 11642 11118 11749 11859 11390 12032 11452 12433 11369 11810 11516 12163 11776 11998 11515 11638 11922 11693 11212 11773 11828 11272 11922 11483 11075 11458 11509 11223 11736 12017 12146 11723 12397 11996 10979 11076 11920 11319 11545 12223 11923 11588 11535 12477 12126 11603 11715 12172 11597 11334 11703 11691 11576 11895 12163 11415 11591 12131 11731 11968 12102 11485 11597 11713 11382 11792 12183 11931 12130 10929 11790 11246 11957 11551 11741 11929 11598 11608 11889 11681 12127 12074 12180 12313 11358 11676 11493 11224 11099 11786 12002 11679 11732 11624 11221 12259 12140 12243 11424 11846 11779 11795 12101 11666 11382 11817 12156 11655 11943 11045 11323 11850 11879 11681 11838 11957 11531 11721 11569 11683 11653 11999 12099 12138 12234 11495 11543 12005 12044 12033 12102 12654 12132 11427 11481 11433 11527 12215 11729 11580 12020 11710 11908 11306 11388 11349 12185 11726 11814 11246 11911 11778 11513 11084 11430 11312 10804 11315 11455 11561 11779 11881 12172 11046 12056 12386 11606 11442 12198 11853 11457 11661 11445 11359 11366 11996 12491 12088
12343 12043 12243 12521 12017 12088 12656 12625 12037 11976 11762 11815 12131 11882 12432 12142 12475 11732 11973 11144 11988 12426 12380 12615 12119 12590 11884 12281 12180 11747 11886 12123 12559 12254 11747 11342 11815 11967 12455 11628 12562 12247 12027 12497 13071 12270 12088 11744 12764 11708 12548 12023 11992 11855 12649 12031 12151 12653 11925 12339 12157 12002 12204 12005 12215 12287 11718 11384 12618 12106 12001 12645 11828 12343 12211 12543 12197 12566 12289 12034 12259 12138 12279 11880 11605 12689 11611 11771 12566 12152 11848 12236 12641 12346 12776 12137 12131 11858 12611 12629 12200 12059 11434 12782 11678 12036 11837 11922 12304 12024 11387 11900 11951 12314 12191 12234 11864 11454 12133 11909 11587 12387 12266 12084 12484 11968 12678 11814 12056 12142 12152 11313 11667 11893 12093 11236 11914 12057 11816 12809 12302 12485 12337 12704 12108 12815 11977 12687 11692 12486 12444 11949 12403 12307 12085 11542 12145 12479 12421 12007 11993 11752 12479 12101 12375 12146 12014 12500 12479 12232 12245 12503 11986 12184 11809 12447 12048 12740 11957 12126 11670 12192 12023 11778 11849 11339 11877 11905 12219 11705 11940 11874 11759 12602 12222 12066 12051 12818 12411 12836 11784 12362 11786 11916 12437 12179 12731 12308 12851 12004 11502 11554 12319 12069 12094 11479 11787 11923 12151 12101 12121 11897 12497 11948 12359 11602 11896 12158 12447 12838 12264 12706 11327 12590 12123 12814 12044 12428 12331 12314 11674 12447 12088 11961 11974 12124 11471 12140 12191 11789 12653 12370 12378 12133 12957 12300 11256 11365 12473 12057 12295 12442 12429 12039 11670 12480 12433 11712 12300 12714 12229 11777 12234 12383 12562 12282 12751 11970 11876 12505 12070 12373 12136 11863 12164 12395 11450 12349 12295 12258 12188 11793 12301 11849 12108 11638 12156 12349 12157 11707 12538 12266 12519 12104 12813 12437 11818 11966 12374 12038 11847 12145 12535 12090 11625 12142 12188 12512 12509 12615 12052 12159 12357 12322 12714 12341 12122 12515 12086 11964 12232 11345 12112 12548 12523 11954 12110 12530 11926 11844 12118 11984 12227 12500 12134 12485 12615 12074 11997 12086 12622 12646 12364 12751 12898 11588 12128 11802 12277 12341 12028 11749 12374 11815 12159 11797 12004 12182 12427 12498 12024 11823 12164 12206 11670 11625 12136 11780 11622 11786 12144 12144 12064 12452 12007 11762 12482 12884 12689 11804 12640 12403 12469 12205 11829 11967 11825 12584 13139 12260
11935 12385 12112 12135 11768 11831 12535 12267 12011 11732 11761 11691 12075 11727 12029 12065 12308 11771 11960 11412 12054 12339 12223 12509 12236 12172 11958 11891 12037 11326 12230 12091 12415 12108 11609 11029 11232 12004 12146 11525 12346 12122 11505 12148 12636 11889 11942 11637 12543 11989 12193 11562 11816 11772 12615 12242 12106 12340 11537 12097 12249 12133 12452 11809 12064 12184 11425 11436 12255 12063 11969 12061 11680 12624 12152 12600 12150 12378 12089 12215 12104 11586 12191 11588 11439 12372 11696 12104 12454 12046 11893 11765 12323 12443 12620 12203 12328 12002 12063 12395 12048 11929 11336 12845 11730 12078 12002 11956 11995 11736 11567 12062 11846 12462 12112 11972 11546 11512 12340 11596 11372 12355 12140 11881 12118 11587 12018 11716 11954 11613 12102 11383 11733 11737 11954 11544 11905 12111 11570 12899 12071 12551 12095 12049 12162 12567 12175 12352 11735 12400 12088 11653 12159 11846 11907 11669 11811 12608 12132 12091 11688 11700 11957 11960 12413 12136 11889 12343 12474 11836 12319 12387 11471 12234 11747 12127 12189 12198 11540 11562 11500 11849 11963 11776 12078 11842 11655 11768 11758 11771 12392 11969 11767 12238 11964 12041 12076 12799 12194 12692 11702 11979 11618 11928 12640 12149 12379 12303 12453 12084 11521 11634 11917 11979 11606 11218 11692 12000 12446 12458 11390 12162 12109 11537 12091 12084 11459 12258 12371 12704 11879 12408 11602 12360 12064 12595 11710 12034 12277 12102 11793 12286 12010 11485 12195 11855 11239 11795 11995 11577 12009 12088 12194 12086 12572 12586 11418 11651 12700 11816 11916 12452 12458 11739 11328 12432 12383 11630 11848 12344 12006 11597 12219 11977 11954 12129 12067 11867 12103 12145 12016 12013 12449 11885 11946 12191 11625 12250 12293 11912 12316 11187 12168 11556 12434 11439 12280 12265 11855 12094 12497 12327 12509 12274 12133 12395 12082 12099 11988 11614 11825 12159 12331 12337 12046 12206 11688 12418 12342 12385 11964 12408 12393 12169 12286 12290 11501 11941 12274 11839 12320 11452 11577 12278 12659 11787 12444 12139 11919 11752 12222 12324 12137 12047 12126 12511 12608 11928 12031 12330 12445 12492 12120 12717 12576 11695 11939 11823 11911 12041 12058 11530 12229 12070 12025 11784 11486 12014 12406 12372 12117 11915 12098 12000 11613 11731 11994 11593 11542 11520 11721 11967 11999 12500 12562 11455 12178 12405 12280 11753 12623 12224 12339 12084 11663 11912 11834 12332 12887 12440
11949 11625 11511 11945 11497 11405 11934 11937 11678 11104 11343 11741 11592 11408 12143 11549 11728 11316 11722 10873 11511 12006 12216 11912 11581 12009 11696 11410 12036 11207 11334 11944 12169 11547 11488 10579 11303 11624 11947 11376 11918 11863 11628 12038 12796 11782 11510 11348 12494 11610 12081 11379 11458 11429 12166 12054 11730 12076 11696 11571 11866 11856 11901 11857 11575 11962 11155 11298 12386 11674 11527 11992 11514 12218 11856 12145 11669 12024 11874 11601 11754 11564 11807 11517 11329 12214 11224 11338 12239 12034 11398 11418 12167 11931 12522 12036 11838 11570 12212 11990 11417 11557 10915 12634 11304 11799 11791 11822 11580 11756 11359 11533 11535 11780 11945 11341 11585 11005 11829 11277 11041 12300 11988 11535 12110 11120 11780 11589 11868 11905 12056 11123 11524 11777 11808 11009 11300 11895 11373 12468 11712 12283 11799 11875 11485 12184 11838 12305 11070 12153 12034 11585 11939 12122 12064 11357 11531 11654 12149 11700 11397 11093 11857 11677 11712 11675 11349 12261 11884 12009 11751 12018 11353 12071 11285 12000 11960 11737 11369 11332 11286 11648 11604 11416 11270 11557 10956 11104 11547 11527 11706 11480 11768 12209 11870 11814 11767 12577 11997 12423 11760 11803 11245 11635 12313 11422 12077 11769 12063 11937 11593 11184 11733 11699 11681 10845 11350 11530 11830 12315 11672 11600 11731 11224 11980 11589 11578 11818 11700 12370 11793 11952 10982 11707 11946 12100 11734 11734 11716 11463 11295 11908 11722 11427 11915 11397 11454 11909 11683 11407 12033 11809 12133 12039 12229 11842 10979 11481 11967 11595 11810 12354 12253 11485 11371 12060 11830 11452 11622 12124 11956 10951 11903 11599 11875 11992 12137 11432 11808 11811 11751 11889 11977 11573 11903 12196 11556 11961 11828 11922 11763 11198 11536 11030 11643 11561 11905 12146 11558 11255 11950 12037 12123 11832 12107 11799 11350 11779 11690 11470 11313 11676 11849 11580 11824 11598 11489 12369 12107 12173 11510 12024 11639 11807 12018 12136 11539 11931 12142 11382 11631 11122 11632 11698 12186 11466 11791 11874 11670 11671 11659 11803 11760 11907 11938 12279 12150 11403 12135 11898 12090 12024 11802 12634 12213 11328 11718 11379 12024 11845 11598 11470 12300 11727 11895 11601 11502 11437 12040 11856 12134 11556 11961 12022 11115 11231 11790 11250 11231 11279 11614 11656 11592 12243 11964 11347 11821 12030 12290 11302 12117 11981 12058 11616 11403 11381 11477 12264 12737 11939
12609 12597 12575 12783 11960 12487 12755 12367 12363 12312 12040 11846 12299 12055 12483 12532 12686 12010 12288 11763 12365 12847 12603 12944 12255 12709 12525 12185 12650 11921 12322 12252 12720 12368 12254 11336 11815 12461 12772 12115 12505 12482 12066 12583 13139 12453 12313 11884 13119 12035 12524 11949 12165 11992 12895 12365 12500 12617 12098 12252 12573 12244 12689 12161 12339 12694 11709 11713 12524 12527 12323 12143 12144 12571 12594 12832 11986 12657 12362 12443 12446 12114 12459 11971 11995 12517 11905 12001 12730 12646 12280 11994 12654 13057 13040 12534 12348 12366 12566 12549 12464 12781 11867 12871 12330 12683 12524 12353 12260 11982 11992 12628 12005 12859 12284 12343 12050 11749 12453 12146 11847 12698 12646 12303 12608 11650 12643 11833 12320 12419 12752 11810 12009 12056 12478 11889 12066 12405 12092 13146 12539 13041 12720 12662 12344 12709 12707 13054 11945 12984 12567 11919 12800 12415 12618 11931 12015 12764 12730 12502 12300 11810 12428 12422 12452 12287 12699 12875 12855 12284 12446 12586 12073 12335 12080 12334 12628 12619 11887 12110 11736 12455 12210 12043 12305 12359 12082 11686 12090 11628 12337 12224 12033 12963 12707 12448 12470 12992 12691 12790 12199 12563 11838 12311 13031 12186 12675 12627 12848 12486 11755 11670 12452 12442 12296 11935 12063 12564 12913 12898 12439 12149 12577 12003 12680 12221 11549 12466 12316 12813 12640 12720 11870 12458 12064 13439 12111 12610 12443 12155 11650 12950 12460 12116 12380 12585 11823 12161 12323 12199 12410 12565 12677 12553 12823 12697 12123 11798 12211 12476 12392 13195 12441 12192 12183 12784 12671 12310 12393 12639 12587 11770 12594 12872 12655 12490 12868 12059 12508 12957 12297 12477 12584 12518 12389 12476 12212 12554 12430 12895 12516 12009 12406 11897 12529 11900 12439 12739 12285 12179 12918 12543 12940 12770 12767 12773 12350 12105 12157 12347 11966 12293 12486 12576 12484 12186 12037 12863 12613 12863 12467 12478 12662 12484 12808 12494 12099 12582 12683 12205 12871 11579 12114 12891 12878 12246 12406 12355 12299 12400 12548 12400 12423 12871 12494 12973 13157 12098 12548 12369 12793 12890 12571 13316 13099 12276 12441 12194 12208 12371 12415 12454 12915 12347 12300 12148 11946 12227 13051 12647 12575 12177 12593 12506 11625 12086 12315 12173 11530 12117 12029 11979 12481 12829 12945 12024 12482 13003 12232 12256 13136 12656 12670 12192 12222 12110 12339 13145 13606 12662
12505 12564 12071 12761 12017 12460 12520 12727 12719 12077 11892 11907 12367 12229 12433 12467 12595 12166 12523 11785 12411 12584 12707 13077 12463 12578 12378 12507 12300 11797 12367 12386 13019 12119 12068 11506 11743 12361 12833 12286 12667 12329 12071 12688 12749 12986 12182 12160 12989 12264 12698 12024 12220 11952 12974 12294 12478 12675 12048 12378 12437 12366 12701 12117 12488 12612 11359 11586 12845 12930 12373 12252 11851 12894 12672 12916 12030 12843 12600 11988 12472 12142 13008 11921 11836 12623 12035 12202 12849 12783 12292 12041 12508 12896 12945 12542 12518 12191 12810 12602 12519 12885 11756 12720 12353 12502 12548 12194 12686 12142 11605 12149 12550 12981 12389 12246 12310 11626 12861 12148 11483 12818 12846 12480 12760 12067 12833 12209 12321 12207 12624 11941 12034 12256 12544 12043 11973 12655 12031 13246 12349 13194 12844 12606 12443 12472 12599 12742 12259 12945 12612 12103 12969 12652 12512 11855 12400 12650 12530 12588 12208 12196 12506 12317 12649 12403 12223 12735 13036 12735 12847 12747 11901 12744 12098 12561 12933 12831 11918 12162 11962 12259 12423 12196 12280 12214 11810 11852 12497 11825 12270 11884 12015 12687 12219 12171 12249 12711 12610 13153 12300 12695 11950 12295 13062 12454 12980 12728 12904 12811 11740 11792 12486 12272 12352 11933 12054 12447 12827 12720 12315 12388 12248 11625 12674 12413 11789 12501 12467 12905 12438 12774 11777 12543 12276 12859 12005 12191 12429 12642 11964 12590 12230 12180 12476 12392 11728 12310 12402 11922 12101 12710 12839 12449 13107 12747 11463 12235 12641 12292 12490 12959 12597 12200 12138 12848 12870 12369 12666 12932 12328 11912 12520 12554 12477 12545 13026 12290 12672 12786 12628 12752 12665 11960 12178 12772 12220 12507 12739 12736 12836 11685 12478 12128 12367 11949 12613 13046 12357 12225 12786 12462 12910 12523 12593 13007 12430 12637 12248 12245 12156 12569 12312 12287 12448 12475 11947 13242 12538 12941 12392 12642 12471 12565 12577 12384 12212 12934 12856 12405 12470 11439 12263 12835 12430 12166 12603 12624 11958 12657 12486 12307 12453 13195 12742 13032 13215 12584 12565 12498 12640 12789 12587 13375 13073 12265 12384 12486 12621 12520 12292 12016 12810 12357 12311 12107 12075 12195 12991 12190 12714 12214 12419 12509 11920 11529 12359 12046 11832 12174 12399 12503 12462 12715 12600 12137 12676 13110 12500 12291 12941 12790 12540 12155 12195 12008 12232 12906 13363 12569
11644 11867 11868 12017 11376 11756 11896 11986 12302 11843 11532 11511 11966 11616 12063 11956 12061 11616 11814 11261 11993 11992 12213 12614 12012 12148 11658 11691 11973 11285 11904 11858 12326 11698 11560 10990 11711 11691 12236 11833 12221 12137 11573 12030 12814 11839 11615 11745 12481 11897 12251 11758 11903 11670 11994 11776 11924 12639 11466 12149 11985 12032 12232 11615 12134 11801 11262 11196 12153 12200 11918 11994 11718 12417 12314 12507 11388 12005 11811 11916 11866 11771 11834 11669 11494 12323 11545 11597 12337 11932 11448 11423 12563 12386 12513 11997 11697 11776 12028 12275 11764 12022 11196 12388 11614 11790 11946 11858 11788 11566 11427 11784 11933 12176 11723 11273 11893 11248 11850 11262 11530 12501 11842 11881 12132 11699 12288 11607 11659 11685 12125 11360 11500 11996 11938 11080 11773 11395 11614 12617 11992 12461 11980 11698 11896 12379 12122 12123 11565 11835 12136 11565 12197 12272 11907 11444 11470 12057 12126 11801 11783 11559 11943 12061 12059 11912 11881 12266 12256 11817 12085 12187 11689 11896 11806 11920 12138 12003 11556 11676 11556 11931 11889 11545 11679 11990 11730 11408 12129 11267 12049 11494 11717 12254 11758 12004 11794 12469 11976 12649 11615 12139 11280 11820 12574 11783 12255 12275 12145 12123 11501 11180 12013 11698 11801 11401 11521 11642 12221 12054 11892 12004 12072 11473 11928 11806 11542 12090 11965 12382 11878 12250 11797 12065 11742 12425 11910 11878 11907 12051 11519 12115 11807 11436 11764 11861 11262 11438 11767 11371 11877 12134 12076 12171 12339 12411 11196 10943 12020 11399 11810 12236 12110 11515 11688 12537 12312 11793 11695 12009 11911 11819 11826 12110 11948 11874 12395 11847 11847 12401 12023 11943 12373 11791 11816 12285 11388 11835 12183 12092 12084 11327 11928 11754 11867 11398 11937 12151 11313 11401 12350 11952 12242 11951 12333 12015 11782 11947 11385 11579 11647 11925 12082 11840 12295 11869 11489 12427 12372 11955 11606 12093 11889 11879 12126 12091 11390 12287 12228 11687 11997 11463 11838 11742 12251 11763 11793 11934 11725 11977 11780 12189 11746 12340 12217 12443 12711 11690 11826 12131 12127 12205 12395 12604 12112 11902 11917 11700 11879 12032 11892 11962 12355 11871 11709 11679 11499 11816 12136 11984 12065 11568 11820 11906 11539 11079 11725 11278 11147 11466 11616 11671 11765 12336 12201 11285 12299 12566 12152 11471 12398 11990 12127 11804 11309 11506 11799 12449 12782 12187
12133 11817 12010 12468 11689 11794 12383 12122 12223 11948 11976 11720 12106 11920 12229 12013 12187 11510 11608 11199 11969 12023 12451 12489 12224 12174 12037 11816 12089 11785 12302 12029 12368 11759 11781 11345 11296 11625 11875 11527 12475 11952 11708 11962 12996 12176 11829 11624 12355 11835 12313 11571 11940 11893 12312 12062 12143 12686 11646 12037 11754 12298 12175 11691 11862 12060 11296 11031 12440 12103 11707 12097 11606 12421 12332 12745 11787 12493 12600 11882 12012 11619 12114 11828 11588 12180 11784 11518 12548 12215 11975 11431 12534 12402 12356 12031 11985 11629 12205 12400 11570 12123 11330 12524 11901 11983 12133 11860 12282 11950 11748 11997 12154 12322 12026 11840 11964 11439 12157 11563 11344 12405 12539 11828 11961 11757 12326 11713 11848 12207 12135 11318 11633 12172 11752 11525 11802 11961 11674 12659 11786 12550 12044 11935 11974 12662 12192 12597 11539 12310 12281 11637 12412 12201 12137 11653 11822 12480 12473 12069 11586 11534 12152 11927 12406 11958 11822 12410 12477 12027 12315 12379 11693 11940 11585 11971 12109 12243 11238 11610 11522 11859 11403 11554 11856 11782 11372 11621 11891 11582 12285 11620 11831 12509 12327 11796 11712 12691 12357 12625 11774 11916 11306 11613 12412 11992 12334 12350 12429 12136 11575 11417 11825 12158 12146 11207 11524 12067 12504 12229 12025 12113 12234 11353 12162 11794 11773 12129 11704 12800 11909 12326 11574 12145 11897 12498 11677 12254 12073 12157 11510 12191 11711 11462 12266 11871 11526 11659 11936 11649 11950 12154 12244 11862 12592 12085 11420 11338 12011 11693 12228 12350 12236 11879 11904 12512 12490 11797 11847 12243 12009 11419 11940 12066 11662 12056 12730 11759 12049 12389 12108 12213 12163 12092 12023 12157 11243 12344 12240 11661 11911 11494 12100 11562 12210 11828 12466 12540 11415 11610 12720 11767 12419 11891 12258 12063 11600 12156 11971 11551 11725 11846 11982 12153 12104 12379 11993 12626 12280 12389 11795 12345 12452 11925 12258 12425 11586 12100 12197 11895 12076 11080 11731 12211 12259 11592 11794 12237 11829 12188 12107 12122 12443 12311 12166 12389 12678 11861 12279 12255 12064 12280 12191 12779 12605 12297 11691 11908 11805 12124 11906 12115 12348 11897 12120 11904 11825 11653 12064 12140 12152 11659 11833 12254 11565 11172 12065 11299 11437 11574 11548 11806 11876 12499 12437 11628 12221 12692 12196 11580 12635 12158 12195 11745 11566 11911 11882 12347 13257 12405
12266 12164 11915 12750 11937 12351 12254 12354 12065 11805 11655 11775 12359 11874 12243 12272 12087 11650 12043 11420 12083 12427 12541 12639 12296 12052 12145 11936 11967 11883 12146 11964 12672 12441 12072 10970 11656 11965 12496 11643 12147 12483 11981 12273 12491 12576 12147 11731 12469 11942 12346 11889 11923 11801 12549 11960 12177 12523 11703 12033 12255 12107 12401 11832 12481 12327 11561 11823 12294 12252 11799 11971 11775 12582 12562 12672 11919 12520 11806 12191 12047 11952 12560 11776 11596 12370 11924 11619 12545 12300 12113 11875 12671 12427 12630 12289 12171 12054 12525 12564 12070 12525 11351 12449 12045 11881 12032 12426 12203 11749 11439 12107 11907 12349 12039 11773 11765 11544 12316 11724 11453 12712 12070 12208 12579 11781 12412 11705 11995 12172 12352 11444 11789 12323 12257 11205 12127 11828 11562 12905 11857 12778 12117 12196 12014 12793 11998 12788 11843 12509 12288 11595 12301 12234 11684 11413 12173 12261 12504 12028 11710 12044 12249 12110 12353 11971 12069 12392 12224 12301 12623 12363 11907 12126 11547 12159 12468 12157 11782 11696 11397 12343 11999 11870 12278 11731 11619 11610 12205 11618 12171 12107 11893 12621 12142 11701 12096 12887 12348 12627 11776 12247 11661 12053 12651 12134 12389 12553 12634 12324 11616 11449 12357 12052 12409 11459 12158 11962 12279 12388 12045 12039 12324 11589 12156 11845 11862 12285 11876 12875 12236 12484 11569 12611 12049 12560 11993 12109 12144 12230 12002 12480 12272 11630 12434 11695 11457 12033 12418 11661 12616 12304 12706 12304 12747 12466 11750 11655 12197 11624 12083 12672 12347 11921 11910 12813 12409 11716 12117 12509 12191 11455 12202 12162 12082 12352 12685 11728 12032 12500 12063 12252 12481 11958 12048 12324 11570 12071 12518 12557 12317 11777 12118 11691 11900 11822 12510 12219 11904 11749 12505 12178 12251 12389 12582 12451 11940 12012 11784 12137 11759 12269 12275 12376 12197 12058 11630 12802 12690 12202 11976 12079 12365 12504 13009 12254 11842 12038 12346 11363 12115 11660 11901 12387 12468 11750 12302 12604 11761 12155 12038 12332 12300 12725 12241 12401 12828 11982 12399 12404 12728 12199 12197 12767 12571 11822 12174 11790 12145 12543 12223 12020 12561 12285 12332 12131 12085 12181 12466 12271 12183 11933 12453 12042 11577 11367 12273 11644 11487 11692 12018 11899 11993 12142 12465 11835 12662 12405 12111 11897 12747 12355 12413 12127 11950 11810 11565 12707 12732 12209
12246 12322 11901 12581 11800 12057 12386 12800 12337 12115 11861 11518 12225 11873 12216 12027 12497 12029 11996 11233 11917 12511 12627 12686 12662 12326 12042 12027 12397 11901 12281 12104 12792 12150 12254 11403 11528 12153 12287 12026 12098 12442 11968 12358 12921 12330 12048 11888 12598 11942 12564 11833 12137 12078 12586 12029 12227 12727 11753 11965 11994 12246 12387 11993 11850 12331 11736 11549 12307 11914 12025 12198 11776 12611 12412 12756 11770 12330 12427 11886 12243 11798 12855 12104 12013 12271 11832 11974 12312 12171 12080 12075 12700 12483 12613 12141 12138 12169 12319 12695 12071 12217 11421 12961 11798 11931 12101 12271 12406 12030 11571 12136 12162 12563 12269 12000 11968 11553 12429 11992 11465 12663 12488 12287 12606 11772 12612 11933 12016 11992 12174 11657 12377 11746 12429 11571 12034 12143 12115 13024 12239 12395 12396 12442 12285 12778 12188 12565 11485 12817 12243 11902 12419 12108 12009 11734 11999 12606 12253 12214 12015 11706 12438 12138 12271 12080 12285 12539 12825 12283 12673 12302 11698 12116 11902 12517 12436 12364 11815 11776 11427 12271 12066 11794 12043 12145 11726 11830 12202 11969 12026 12172 11715 12647 12389 11971 12066 12599 12602 12733 12024 12128 11912 11958 12456 12185 12531 12608 12916 12311 11438 11859 12094 12273 12215 11655 11656 12069 12400 12408 11764 12374 12373 11994 12567 12430 11779 12236 12178 13167 12256 12204 11602 12356 11910 13205 12190 12267 12381 12177 11547 12510 12037 11923 12097 12032 11637 12000 12095 11925 12494 12476 12517 12075 13104 12592 11682 11509 12393 12090 12511 12631 12222 12503 11977 12550 12493 12344 11854 12851 12253 11552 12253 12427 12409 12539 12920 12016 12119 12475 12127 12286 12534 12031 12315 12375 11855 12095 12529 12523 12349 11894 12432 11755 12298 12003 12348 12667 11871 11701 12620 11947 12838 12367 12520 12641 12037 12457 12358 11696 11836 12418 12421 12211 12112 11937 12172 12517 12255 12394 12041 12143 12750 12271 12805 12467 12165 12524 11898 12314 12227 11409 11952 12446 12437 11896 12233 12693 11580 12272 11923 12116 12396 12542 12058 12299 12588 11759 12122 12515 12291 12550 12317 13236 12820 11857 12245 11953 12015 12456 12141 11905 12659 12016 12503 11957 12033 12058 12311 12175 12089 12145 12233 11708 11478 11269 12053 11730 11690 12065 11919 12315 12375 12646 12210 11468 12741 12506 12531 12013 12994 12710 12505 11998 11865 11908 11899 12754 12953 12201
12138 12260 12047 12564 11770 11980 12616 12400 12245 11954 11843 11493 12230 12109 12195 12303 12496 11851 11943 11889 12296 12391 12332 12307 12155 12715 11821 12081 12204 11450 12078 12175 12401 12029 11807 11244 11677 11962 12287 11623 12496 12268 11934 12148 12919 12333 11992 11774 12675 11898 12792 11883 11881 11690 12589 11909 11906 12714 11605 11896 12089 12286 12349 12101 12350 12228 11268 11339 12839 12337 12133 12264 11893 12507 12436 12252 11824 12113 12352 11626 12122 12135 12227 11806 11567 12440 11699 11634 12579 12251 11894 11533 12418 12716 12532 12280 12376 12232 12307 12401 12077 12327 11321 12708 11920 12115 12059 12348 12263 12199 11580 12053 11864 12304 12171 11939 12060 11406 12530 11745 11526 12576 12628 11888 12232 11709 12390 11938 11901 11993 12197 11666 11758 12225 11968 11612 12087 12242 11777 12876 11952 12582 12219 12151 11854 12777 12150 12230 11374 12753 12703 11788 12654 12011 12107 11431 11826 12454 12347 12266 11731 11937 12247 12192 12535 12064 11846 12713 12453 12311 12287 12401 11539 12231 11711 11929 12361 12471 11858 11707 11751 12210 11916 11556 12037 11892 11553 11564 12258 11700 12054 11745 11981 12157 12486 12234 12338 12651 12358 12797 11918 12244 11632 11895 12787 12118 12295 12269 12879 12380 11479 11527 12212 12218 12031 11510 11750 11798 12441 12471 12100 11991 12648 11670 12230 12109 11588 12325 12217 12482 12129 12422 11609 11992 12008 12805 11891 12207 11970 11992 11749 12436 11999 11914 12000 12013 11709 11821 12442 11642 12320 12252 12545 12135 12891 12522 11571 11247 12298 12118 12443 12743 12732 12112 11654 12484 12679 11443 11571 12387 12055 11477 12335 12081 12287 12127 12481 11998 12186 12739 12247 12274 12570 11975 11754 12157 11512 12294 12407 12271 12348 11386 12212 11668 12132 11926 12585 12325 12103 11482 12616 12453 12714 12288 12648 12459 12171 11973 12049 11745 11670 12231 12200 12365 11992 12119 11867 12547 12763 12160 12168 12308 12147 12164 12438 12310 11987 12301 12224 11867 12530 11331 11960 12527 12516 11902 12571 12260 11854 12242 12063 12063 12067 12234 12094 12467 12909 12076 12191 12570 12616 12771 12271 13020 12669 12054 12002 11938 12238 12533 12029 11685 12481 12164 12280 12007 12193 11928 12526 12528 12163 11609 12063 12438 11974 11548 12454 11485 11544 11646 11976 11964 12196 12577 12231 11476 12373 12593 12277 11621 12497 12061 12275 12212 12075 11799 11852 12546 13074 12846
11362 11406 11561 11610 11544 11185 11817 11415 11516 11149 11074 11220 11365 10837 11495 11734 11717 11095 11483 10941 11228 11895 11653 11807 11435 11667 11428 11080 11781 10932 11337 11366 11806 11412 11335 10339 10931 11189 11926 11206 11737 11731 11349 11594 12073 11440 11227 11016 11967 11360 11978 11112 11148 11294 11797 11339 11170 12069 10905 11403 11500 11277 11556 11195 11352 11700 10973 10828 11636 11667 11630 11631 11148 11648 11662 12031 11183 11627 11503 11302 11654 11627 11555 10909 10783 12202 11008 11371 12003 11512 11223 10810 11820 11934 12273 11627 11423 11279 11314 11586 10945 11184 10995 11985 10900 11484 11447 11520 11926 11575 10935 11139 11463 11878 11524 11344 11083 10773 11618 11183 10575 12022 11654 11095 11484 11277 11439 10909 11330 11409 11405 10749 11007 11341 11750 10848 11141 11419 10931 12183 11299 12091 11624 11488 11350 11938 11466 11401 10608 11505 11656 11508 11334 11606 11267 11170 11263 11632 11680 11439 11380 11198 11754 11295 11704 11557 11260 11990 11734 11391 11855 11909 11298 11489 11393 11673 11579 11603 11136 11064 11041 11278 11094 11046 11578 11309 10932 10797 11244 10989 11118 10909 11436 11988 11589 11585 11460 11978 11472 11939 11207 11550 11163 11005 11883 11564 11989 11492 12082 11528 10977 10776 11605 11281 11416 10967 10964 11369 11539 11500 11141 11540 11441 11237 11473 11489 10916 11492 11717 12138 11724 11625 10989 11244 11315 12004 11469 11419 11413 11470 10813 11910 11404 11424 11086 10935 11196 11251 11432 10958 11597 11669 11322 11658 11957 11814 10586 10943 11738 10809 11703 11949 11825 11172 11084 11867 11978 10962 11737 11664 11526 10856 11395 11402 11603 11877 11893 11370 11414 11679 11452 11337 11521 11340 11414 11652 10983 11298 11825 11714 11518 11059 11464 11500 11301 11044 11858 11656 11242 11152 11843 11322 11932 11965 11704 11799 11180 11506 11352 11180 11334 11437 11820 11370 11479 11650 11195 11408 11751 12053 11206 11857 11707 11423 11586 11883 11080 11708 11955 11211 11779 10813 11355 11625 12136 11380 11747 11485 11005 11369 11480 11689 11165 11550 11464 11543 12081 11375 11463 11473 12010 11674 11470 12169 11958 11229 11339 11329 11665 11570 11115 11223 11771 11307 11186 11198 11143 11036 11828 11295 11586 11329 11347 11487 11120 10626 11472 10929 11122 11072 11382 11053 11156 11906 11588 10897 11541 12025 11889 11179 11864 11615 11626 11579 11435 11203 11334 11831 12292 11590
11744 12044 11579 11923 11514 11320 11981 12034 11931 11521 11220 11599 11819 11412 11858 11867 11739 11484 11541 10769 12001 11755 11733 12419 11838 12080 11509 11487 12019 11359 11637 11737 12135 11543 11334 10708 11281 11820 11911 11500 12053 11516 11688 11955 12633 11763 11603 11300 12064 11416 12201 11681 11391 11248 12454 11809 11745 12055 11681 11766 11466 12173 11722 11351 11563 11783 10921 11170 12129 12025 11493 11828 11419 11967 12209 12217 11388 11967 11881 11735 11609 11414 11689 11380 11293 11803 11675 11566 12173 11772 11698 11294 12188 12124 12091 11800 11680 11679 11897 12055 11748 11705 10931 12052 11451 11319 11628 11959 12066 11676 11226 11632 11563 11992 11543 11985 11745 11038 11723 11184 10815 12310 11787 11553 11832 11539 11883 11546 11485 11526 11894 11001 11184 11688 12053 11187 11536 11630 11341 11971 11652 11834 12177 12138 11778 12010 11980 12415 11131 11839 11965 11356 11825 11628 11500 11470 11647 11830 11992 11913 11653 11564 11698 11837 12223 11593 11600 12064 12147 11730 11761 11773 11687 11915 10888 11571 11716 11669 11187 11263 11163 11486 11666 11471 11750 11759 11392 11325 11435 11276 11515 11285 11290 12073 12091 11638 11469 11990 11905 12573 11528 11947 11292 11280 12258 11515 11919 12190 11629 11641 11054 11207 11925 11850 11862 11306 11405 11641 11694 11921 11426 11473 11998 11400 11612 11759 11399 11720 11989 12315 11813 12006 11025 11879 11711 12327 11553 11719 11938 11658 11610 12122 11673 11373 11654 11830 11132 11430 11568 11360 11643 11845 11777 11985 12703 11857 11053 11345 12023 11526 11699 12533 12010 11365 11448 11929 12176 11437 11333 12175 11521 11252 11932 11717 11901 11827 12002 11663 11738 11986 11756 12098 11924 11767 11512 12185 11592 11446 11839 12049 11908 11326 11891 11133 11749 11465 11759 12236 11500 11271 12067 11624 12384 11692 12112 11615 11272 11576 11408 11641 11459 12372 11912 11742 11550 11906 11406 12341 12023 11709 11409 11751 12129 11732 11790 12113 11203 11853 12107 11877 11680 11089 11764 12136 12028 11724 11590 11731 11513 11790 11488 11821 11899 12111 11666 12071 12127 11636 11729 11987 12050 12211 11911 12665 12051 11793 11879 11589 11652 11835 11658 11556 12056 11964 11701 11424 11763 11688 12071 12058 11755 11416 11638 11677 11186 11248 11561 11194 11026 11194 11470 11834 11637 12057 12255 11246 11680 12161 11840 11654 12459 12075 11972 11542 11470 11309 11830 12264 12626 12088
12501 12782 12710 12795 12418 12560 12940 12930 12640 12229 11998 12108 12391 12235 12532 12700 12535 12456 12206 11836 12808 12843 12746 12927 12878 12967 12301 12406 12715 11955 12532 12651 13068 12433 12278 11496 11737 12149 12843 12002 12702 12409 12298 12710 13426 12755 12146 11912 12892 12181 13198 12328 12231 12170 12768 12449 12482 12986 12229 12667 12684 12512 12681 12383 12565 12508 11782 11622 12788 13113 12349 12674 11942 12887 12869 13163 12135 12837 12647 12393 12424 12324 12761 11835 12319 12890 12170 12218 13038 12505 12157 11847 12936 12941 12914 12752 12643 12602 12537 12856 12393 12621 11907 12782 12295 12275 12692 12316 12535 12422 11530 12470 12248 12837 12174 12443 12139 11706 13073 12269 11973 12804 13093 12626 12741 11736 12664 12347 12582 12513 12602 11944 11960 12422 12615 11729 12369 12150 12147 13355 12725 12717 12378 12513 12563 12639 12597 12816 11921 12838 12735 12076 12799 12560 12728 11862 12230 12678 12691 12501 12415 12286 12444 12826 12790 12418 12235 12993 12958 12789 12752 12506 12235 12612 11866 12465 12737 12590 12133 12384 12227 12261 12004 12204 12281 12067 12185 11747 12438 12053 12237 12429 12049 12801 12295 12464 12104 13044 12892 13056 12498 12728 12145 12707 13039 12551 13194 12835 13006 12583 11806 11901 12496 12358 12279 12059 11970 12266 12671 12993 12400 12406 12770 12273 12465 12243 11838 12740 12849 13359 12708 12738 11594 12375 12395 13183 12261 12456 12662 12707 12287 12840 12285 12374 12529 12537 11949 12104 12527 12267 12425 12755 13014 12577 12849 12610 11629 11669 12649 12388 12727 12919 12511 12414 12222 12877 12599 12464 12197 12752 12566 12264 12870 12707 12558 12591 12930 12513 12416 12817 12165 12854 12781 12178 12436 12543 12004 12254 12581 12811 12674 11720 12361 12040 12266 12246 12931 12868 12415 11934 12919 12496 13132 12626 13006 12787 12253 12611 12394 12364 12362 12529 12744 12573 12526 12530 12247 13138 12999 12530 12014 12613 12679 12706 12938 12559 11881 12614 12716 12328 12718 11867 12534 12533 12876 12468 12567 12738 12248 12938 12272 12305 12472 12801 12658 13080 13189 12430 12680 12843 12997 12717 12803 13530 12977 12465 12471 12172 12504 12551 12484 12080 12687 12265 12436 12163 12130 12195 12778 12580 12792 12369 12189 12527 11956 11754 12695 12018 11922 12187 12371 12172 12633 13266 12589 12004 12460 13010 12742 12513 13193 12885 12765 12619 12164 12302 12290 13293 13445 12767
11990 12017 11746 12143 11254 11800 11877 12018 11761 11465 10991 11555 11798 11839 12202 12130 12008 11898 11678 11167 11914 12052 12042 12382 11869 11901 11979 11625 12190 11235 11797 11883 12059 11663 11831 11354 11477 11692 12327 11426 12000 11668 11755 11890 12482 11819 11580 11424 12433 11561 12388 11514 11528 11091 12272 11946 11897 12390 11790 12311 12212 11986 11711 11659 11661 11772 11441 11132 11881 12058 11708 12299 11335 12254 12050 12256 11772 11956 11883 11371 12083 11635 12294 11603 11254 12152 11156 11496 12358 11969 11424 11628 12508 12272 12176 11975 11918 12054 11840 12360 11540 11916 11068 12473 11321 12066 11908 11887 11958 11718 10966 11879 11659 11991 11877 11503 11502 11178 12137 11501 11340 12397 11970 12044 12107 11265 12343 11476 11750 11739 11839 11264 11748 12103 11489 11431 11786 11718 11577 12792 11838 12407 11812 11922 11858 12193 11791 12179 11510 12492 12149 11617 12042 11648 11810 11461 11717 12060 12441 11685 11348 11395 11940 11645 12472 11711 11582 12314 12379 12006 12307 12153 11531 11882 11445 12172 11900 12272 11293 11599 11552 11619 11704 11490 11694 11683 11508 11169 11690 11337 11802 11443 11496 12005 11896 11781 11460 12139 12077 12501 11805 11993 11615 11441 12811 11722 12246 12127 12424 12083 11433 11277 11990 11820 11820 11435 11640 11850 11922 12146 11649 11455 12341 11444 11850 11932 11244 12045 11618 12485 11841 12171 11498 12081 11414 12471 11728 11897 11868 11895 11302 12030 11913 11583 11917 11402 11452 11527 11819 11518 11802 12100 12277 11942 12729 12380 11202 11210 11903 11664 12162 12332 11952 11875 11463 12218 11843 11404 11487 12324 11789 11329 11803 11879 12104 12068 12237 11970 12038 12335 12122 11974 12243 11558 11840 12043 11473 11755 11906 12209 12042 11416 11800 11425 12009 11984 12138 12358 11811 11377 12244 11861 12355 11821 12068 12046 11820 12057 11359 11310 11443 11959 12104 11941 11787 12217 11671 11889 12377 12215 11549 11725 12136 12077 12233 12212 11648 11952 12058 11667 12137 11324 11376 12161 12269 11822 11939 12020 11801 12184 11558 11614 11845 12319 11890 12164 12397 11828 11753 11758 12017 12391 11963 12985 12081 11624 11711 11517 11584 11892 11681 11661 12332 11777 12063 11753 11935 11534 12148 11907 11926 11507 11989 11921 11458 11240 11613 11565 11203 11353 11949 11809 11896 12125 12014 11217 12152 12556 12241 11807 12250 11853 12016 11768 11118 11710 11543 12149 12714 12035
12400 12714 12178 12629 12001 12062 12724 12569 12449 12162 12054 12017 12411 12387 12703 12683 12529 12271 12438 11656 12391 12803 12445 13081 12799 12866 12310 12206 12862 11457 12381 12533 12543 12228 12244 11570 11971 12282 12553 12128 12580 12484 12098 12936 13293 12518 12288 12348 12587 12050 13017 12199 12286 12473 12961 12405 12416 12855 12125 12419 12487 12682 12411 12200 12520 12493 11721 11687 12823 12514 12089 12554 12066 12702 12881 12884 12339 12472 12699 12027 12551 12282 12806 12045 12039 12963 12037 12006 13097 12614 12324 12110 12891 12897 13076 12569 12368 12508 12628 12947 12113 12496 11682 13272 12272 12569 12361 12434 12325 12501 11698 12282 12347 12576 12455 12170 12444 11877 12240 11864 11479 12895 12623 12143 12661 12219 13339 11885 12001 12429 12620 11858 11764 12462 12424 11860 11826 12420 12189 12852 12476 12857 12543 12456 12643 12735 12331 12974 12175 12900 12706 12403 12763 12253 12293 12162 12477 12771 12594 12319 12241 12050 12436 12505 12835 12246 12275 12881 12873 12689 12566 12623 12387 12784 12391 12983 12623 12626 11918 12109 12024 11866 12184 12071 12347 12403 11927 11973 12524 12065 12259 12243 12502 12735 12211 12418 12230 12794 12785 13147 12327 12535 12102 12278 13329 12058 12781 12942 13188 12658 12044 11635 12717 12446 12414 11836 11975 12488 12698 12617 12005 12674 12387 12156 12640 12438 11858 12439 12404 13142 12000 12764 11998 12369 12214 13242 12126 12391 12699 12274 11779 12939 12521 12319 12352 12039 11719 12309 12416 12048 12340 12705 12995 12241 13294 12631 11897 11566 12689 12582 12307 13005 12681 12300 11962 13118 12383 12154 11832 12709 12396 11721 12677 12672 12487 12669 12953 12375 12458 12858 12584 12637 12697 12034 12369 12785 12140 12311 12791 12580 12577 11750 12454 12194 12558 12067 12496 12924 12120 12082 12617 12376 12892 12641 12731 12999 12425 12410 12151 12063 11829 12476 12633 12297 12521 12302 12129 12984 12930 12685 12024 12422 12727 12504 12537 12662 12005 12726 12670 12548 12484 11778 12066 12487 12870 12042 12234 12860 11963 12650 12407 12587 12699 12548 12521 12746 12908 12278 12640 12664 12714 12865 12571 13476 12915 12314 12291 12283 12694 12659 12079 11998 12890 12403 12696 12264 12043 12300 12776 12407 12927 12344 12529 12536 11870 11595 12581 11858 12004 12391 12558 12368 12714 12882 12692 11905 12497 13049 12675 12136 13544 12688 12930 12378 12033 12172 12150 12785 13546 12891
12367 12672 12174 12872 11755 12291 12767 12451 12400 12172 12113 11913 12351 12148 12473 12059 12390 11925 12197 11436 12105 12446 12483 12582 12233 12656 11996 12467 12030 11891 12174 12500 12676 12081 12039 11332 11581 12523 12699 11545 12605 12333 12269 12419 13129 12586 12396 11823 12897 12140 12910 12458 12121 11963 12727 12356 12664 12778 11845 12170 12225 12149 12548 12052 12590 12455 11696 11212 12553 12611 11963 12544 11719 12499 12208 12857 12290 12546 12307 12245 12264 11918 12693 12008 12009 12692 12287 12085 12717 12298 12102 12014 13063 12748 13005 12610 12221 11987 12397 12598 12332 12640 11511 12705 11960 12229 12240 12304 12172 12192 11611 12070 11965 12539 12131 12449 11834 11618 12732 12121 11633 12798 12336 12356 12482 11876 12834 11877 12221 12119 12410 11589 11858 12019 12275 11518 12057 12334 12304 12912 12274 12675 12395 12509 12249 12816 12195 12641 11981 12698 12500 12041 12563 12467 12335 12076 12346 12704 12380 12169 11942 11865 12041 12243 12667 12272 12308 12639 12534 12351 12527 12442 11979 12402 11961 12705 12856 12580 12226 11679 11807 12150 12329 12152 11839 12016 11988 11536 12153 11803 12555 11740 11922 12636 12381 12312 12404 12570 12684 13054 12234 12222 11724 11845 12879 12360 12638 12860 12729 12690 11897 11635 12160 12163 12310 11741 11994 12131 12180 12431 12024 12205 12401 11859 12416 12373 11971 12640 12412 12797 12208 12533 11770 12317 12531 12952 12305 12479 12398 12144 12076 12633 12349 11918 12198 12177 11571 12130 12364 12346 12255 12940 12616 12372 12584 12868 11715 11729 12308 12271 12276 12607 12788 12098 12157 12636 12178 11799 12224 12743 12239 11684 12473 12542 12403 12363 12658 12105 12438 12656 12069 12152 12669 11999 12320 12382 11723 12311 12760 12095 12184 11459 12203 12010 12273 11776 12481 12603 11923 12125 12577 12353 12945 12354 12627 12735 12074 12351 12296 11958 12001 12564 12383 11941 11942 12045 11956 13023 12814 12731 11984 12477 12541 12343 12451 12570 11819 12456 12597 12052 12361 11604 12033 12503 12617 12233 12413 12351 12066 11978 12233 12261 12577 12547 12703 12593 12888 11997 12350 12497 12829 12674 12712 12994 12879 12012 12219 12043 12291 12379 12559 12110 12632 12099 12252 12213 11882 12246 12879 12446 12580 12254 12277 12329 11696 11841 12182 11867 11657 11934 12119 12075 12048 12859 12880 11551 12370 12939 12714 12426 12549 12449 12513 12487 12238 11959 12118 12742 13107 12687
11957 12210 11492 12464 11630 11768 12278 12206 12173 11551 11406 11697 11881 11788 12140 12324 12143 11822 11848 11313 11611 12256 12080 12587 11911 12368 12124 12182 12186 11349 11904 12093 12233 11666 11786 11153 11506 11950 11852 11981 12415 11908 11886 11997 12752 12307 11575 11528 12287 11529 12464 11571 12176 11515 12517 12173 11861 12469 11777 12414 12001 12216 12193 11419 12074 12053 11280 11167 12155 12130 11994 12351 11488 12661 12404 12423 11940 12323 12219 11675 12116 11628 12048 11824 11767 12277 11678 11657 12757 11919 11771 11748 12506 12490 12539 12162 12260 11777 12333 12162 11769 12040 11323 12404 11603 12168 12161 11875 12113 11909 11578 12122 11901 12037 11900 11889 11807 11291 12272 11279 11416 12400 12347 11847 12482 11774 12149 11538 11768 11678 12193 11445 11747 11782 11729 11539 12006 11423 11864 12911 12082 12651 12230 12251 11970 12637 12121 12301 11408 12571 12364 11607 12412 12051 11875 11616 11593 12301 12193 12050 11822 11815 11787 11768 12206 12038 11948 12444 12140 12102 12306 12401 11920 12420 11673 12126 11879 12408 11479 11678 11561 11885 11759 11762 11759 11958 11844 11475 11871 11355 12097 12006 11891 12154 12032 11990 11757 12459 12326 12393 11966 12181 11497 11777 12523 12002 12418 12126 12559 12037 11392 11504 11928 12114 11823 11548 11550 11765 12257 12256 11720 12164 11880 11377 12002 11882 11642 12262 11931 12836 12017 12326 11463 11921 12176 12695 11947 11911 12058 12013 11811 12373 11940 11757 12269 11545 11693 11749 11911 11861 12306 11937 12206 12044 12697 12247 11367 11330 12470 11916 12417 12471 12093 11743 11756 12432 12320 11641 11856 12358 12029 11845 12020 12295 12330 12282 12566 11953 11926 12090 12029 12043 12256 11472 12118 12293 11668 12234 11971 12137 12097 11691 12259 11386 12064 11773 12135 12526 11817 11728 12202 11933 12915 11847 12262 12381 11785 12026 11725 11621 11651 12016 12118 12134 11971 12029 12064 12313 12372 12049 11530 12212 12084 12220 12436 12314 11859 12195 12289 11843 12085 11079 11721 12359 12443 11916 11665 11993 11758 12383 11700 12184 12087 12421 12284 12304 12631 11961 11998 12077 12489 12603 12517 12991 12331 12152 11906 11872 12004 12346 11900 11458 12423 11557 12201 11995 11654 11958 12372 12175 12276 11788 12301 11977 11464 11435 11791 11553 11051 11455 11534 11671 12060 12572 12457 11433 11890 12419 12533 11529 12707 12294 12014 12023 12031 11528 12029 12198 12867 12267
12747 12927 12203 12923 12137 12516 12836 12720 12975 12655 12130 12271 12457 12228 12551 12435 12485 12034 12484 11646 12636 12725 12759 12866 12717 13001 12798 12736 12732 12191 12534 12674 13046 12400 12388 11555 11940 12806 12629 12067 12586 12790 12432 12468 13471 12943 12346 12132 12934 12389 13114 12327 12424 12161 13085 12364 12541 13373 12354 12662 12397 12571 12687 12378 12626 12536 11852 11635 12935 12708 12331 12675 12343 12899 12790 13119 12265 12611 12809 12516 12379 12265 12756 12151 11894 12747 11940 12270 13101 12702 12189 12320 12732 13287 12907 12779 12720 12359 12592 12660 12492 12790 11820 12728 12301 12554 12624 12542 12441 12265 12256 12510 12402 12859 12510 12798 12263 11760 12349 12066 12129 13035 12415 12889 12606 12208 13071 12141 12310 12232 12329 11802 12129 12455 12255 11832 12158 12648 12565 13264 12529 13122 12970 12573 12452 13037 12697 13138 12006 13170 12426 12377 12879 12702 12417 12138 12152 12892 12976 12800 12451 11866 12427 12574 12948 12343 12381 12871 13046 12714 12724 12478 12226 12574 12582 12776 12541 12769 12198 12371 12234 12667 12308 12248 12334 12427 12143 12175 12413 11852 12460 12374 12193 12921 12765 12517 12180 13235 12670 13368 12280 12574 12032 12406 13227 12254 12728 13138 12953 12766 12000 11970 12754 12633 12592 12025 12286 12517 12646 12818 12320 12517 12511 12017 12765 12533 12513 12436 12775 13108 12177 13017 11923 12837 12539 13176 12031 12598 12950 12621 12296 12960 12278 12076 12414 12502 12225 12206 12506 12200 12758 12947 12736 12290 13410 12877 11738 11632 12681 12470 12884 13031 12719 12370 12525 12977 13189 12335 12595 12952 12347 12132 12682 12827 12672 12544 13135 12347 12594 12769 12707 12648 12455 12217 12425 12897 12199 12621 12892 12575 12523 11931 12501 11850 12675 12398 13075 12872 12224 12168 12928 12459 13395 12457 12572 12743 12114 12589 12142 12334 12010 12422 12773 12599 12561 12645 12559 13276 13054 12924 12384 12520 12613 12506 12613 12509 12326 12777 12591 12465 12733 11682 12326 12594 12841 12334 12788 12932 12330 12625 12534 12516 12614 12693 12865 12962 12861 12309 12425 12626 12821 12575 12865 13521 13117 12548 12413 12616 12306 12888 12484 12378 12968 12480 12917 12234 12042 12571 13135 12709 12638 12429 12452 12443 12165 11908 12577 12086 11882 12358 12324 12372 12609 13013 12894 12121 12838 13321 12710 12155 13310 12659 12725 12284 12429 12321 12161 13004 13561 12731
12147 11987 11339 12180 11576 11721 12199 12136 11706 11551 11423 11678 11922 11723 11675 11857 11651 11511 11962 11121 11799 12078 12066 12196 12053 12149 11908 11966 11639 11653 11799 11773 12322 11713 11448 10926 11200 11918 12153 11586 12287 12219 11493 12045 12645 12026 11641 11414 12215 11493 12323 11654 11793 11350 11969 11495 12034 12201 12247 12008 12142 12192 12078 11846 11981 11696 11025 11300 12003 11952 11659 12271 11656 12233 12053 12207 11521 12366 11865 11528 11592 11707 11865 11401 11864 11881 11660 11722 12267 12054 12044 11891 12266 12213 11964 12002 12122 11600 11873 12080 11922 12073 10939 12385 11709 11740 12087 11561 11731 11578 11413 11862 12032 12087 11856 11307 11738 10906 12040 11334 11354 12243 11865 11973 12047 11440 12514 11654 11838 11502 12068 11760 11500 11871 11769 11284 11607 11818 11402 12631 12040 12185 11967 11948 11589 12397 11741 12775 11543 12204 12008 11492 12271 11696 11691 11310 11524 12012 12269 11769 11749 11259 11637 11678 12275 11720 11555 12064 12108 11978 12043 12125 11347 11870 11411 11539 12048 11983 11275 11665 11596 11720 11652 11864 11916 11470 11419 11097 11664 11331 12089 11439 11796 12260 11711 11772 11631 12714 12105 12713 11892 12050 11131 11720 12561 11775 12176 11965 11998 11915 11267 11256 11680 11620 11644 11294 11440 11335 11840 12274 11961 11827 11983 11084 11883 11905 11377 11890 11844 12145 11820 12123 11242 12296 11752 11962 11541 11729 12005 11824 11820 12140 11527 11435 12019 11704 11222 11738 11943 11376 11951 12281 12320 11694 12404 12195 11440 11306 12025 11530 11624 12311 12081 11826 11495 12067 12303 11706 11458 12434 11874 11437 12268 12012 11942 11658 12178 11708 12085 12363 11983 12066 12042 11365 11837 12130 11332 11647 12255 12030 12168 11258 12188 10997 11813 11508 12273 12146 11473 11534 11855 11798 12489 11875 12026 11759 11803 11891 11490 11545 11365 11851 11990 12028 11842 11871 11519 12600 12218 11858 11713 11942 12132 11778 11883 12016 11557 11934 11857 11539 11960 11050 11672 11756 12326 11675 11714 11981 11504 11713 11710 11666 12045 12441 11990 12504 12308 11908 11971 12097 11807 12161 12273 12564 12347 11604 11959 11540 11959 12268 11728 11544 12134 12109 11930 11573 11943 11825 12162 11933 11833 11217 11883 12172 11503 10904 11778 11562 11415 11461 11807 11608 11707 12024 12215 11335 12042 12123 11938 11496 12277 12116 11981 11921 11611 11486 11582 12264 12599 12314
12218 11991 11904 12408 11555 11825 12385 12515 12093 11880 11854 11594 11646 11842 12024 12019 12211 11714 11883 11514 11856 12264 12252 12453 11943 12519 11992 12231 12296 11355 12073 12226 12206 11848 11458 10935 11321 12246 12323 11609 12191 12332 11678 12335 12784 12211 12206 11776 12469 11810 12303 11642 12158 11689 12570 11997 12086 12547 11584 11901 12250 11895 12283 11710 12050 12013 11217 11388 12349 12232 12183 12302 11735 12365 12014 12363 11953 11994 12185 11780 12004 11934 12205 11647 11520 12645 11557 11805 12252 11848 11794 11563 12120 12217 12610 11986 12068 12331 12229 12199 12174 12413 11291 12535 12256 12388 11898 12207 11744 11716 11372 11840 11808 12130 12136 11708 11855 11682 11852 11663 11735 12581 12349 11940 12192 11668 12519 11502 11534 11731 11999 11559 11657 12151 11809 11437 11947 11939 11722 12831 12084 12553 12306 12033 11827 12392 11845 12376 11792 12331 12259 12045 12283 12190 11941 11627 11684 12202 12461 12035 11735 11473 12145 12159 12107 12006 11762 12182 12194 12407 12246 12220 11738 12232 11885 12255 11892 12181 11258 11566 11772 11984 11977 11655 12032 11839 11627 11248 12112 11556 11628 11611 11981 12234 12314 11979 11894 12962 12054 12710 11650 12443 11728 11721 12518 12047 12754 12103 12780 12131 11552 11636 12133 12083 11865 11621 11540 12043 12190 12321 11536 11955 12158 11592 12123 12126 11484 11946 12160 12384 11908 12315 11570 12186 11889 12513 11767 11953 12126 11581 11458 12270 12208 12057 11973 11988 11684 12182 11938 11766 12255 12533 12344 11690 12744 12491 11247 11397 12143 11582 12222 12541 12384 11990 11964 12046 12104 11669 11996 12275 11987 11737 12185 12329 11883 11880 12481 11962 12100 12434 12158 12108 12526 11713 12204 12260 11328 12406 11899 12200 12166 11416 11852 11640 12186 11671 12527 12192 11859 11345 12243 12185 12611 11945 12127 12742 11949 11922 11959 11400 11702 11909 12179 11912 12264 11869 11630 12346 12684 12279 12150 11724 12084 11886 12038 11981 11734 12093 12198 11755 12123 11268 11720 12334 12597 11850 11985 12388 11722 11751 11767 12185 12011 12251 12114 12636 12539 12131 12096 12106 12417 12196 12082 12812 12477 11801 12160 12050 12387 12173 11912 11534 12593 12182 12075 11483 11591 11945 12458 12366 12167 11580 12016 11974 11863 11423 12045 11486 11561 11685 11714 11661 11940 12275 12634 11694 12300 12619 12351 11702 12579 11796 12348 12024 11638 11621 11327 12388 12741 12206
12015 11899 11978 12036 11474 11797 12307 11895 11929 11581 11245 11635 11659 11720 11908 11742 12024 11807 11779 11115 11744 11977 12313 12281 12059 12103 11885 11794 12011 11275 11912 11742 12702 11887 11437 11053 11507 11631 12181 11566 12001 11891 11634 12260 12494 12004 11438 10999 12112 11615 12246 11620 11327 11740 12384 11446 11910 12267 11642 11671 11716 11934 11807 11662 11886 11768 11384 11041 12203 11867 11568 12035 11441 12132 12003 12357 11717 12290 11695 11873 11661 11640 12179 11407 11664 12269 11624 11486 12259 11755 11437 11339 12151 12472 12294 11868 11785 11861 12122 11909 11724 12136 11229 12296 11733 11951 11434 11797 12026 11457 11262 11824 11727 12037 11790 11627 11665 11364 12116 11419 11100 12305 12200 12064 12032 11361 11948 11655 11659 11752 12085 11408 11526 11723 11466 11349 11367 11607 11684 12417 11789 12337 12095 11789 11938 12449 11855 12306 11286 12249 12006 11288 12045 11764 11696 11631 11604 12120 12194 12041 11524 11627 11945 11911 12392 11616 11807 11938 12259 12157 11998 12043 11344 11624 11516 12068 12033 12418 11501 11561 11338 11588 11584 11084 11608 11484 11348 11471 11848 11495 11816 11286 11556 12005 11991 11793 11469 12470 11952 12451 11674 12070 11172 11482 12435 11588 12076 11767 12295 12257 11351 11075 11796 11632 11639 11105 11583 11471 11923 11642 11578 12014 11847 11258 11788 11609 11264 11936 11786 12468 12113 12121 11217 11958 11842 12399 11588 11691 11770 12160 11343 12251 11468 11744 12031 12009 11247 11609 11792 11762 12045 12124 12065 11875 12482 12370 11220 11320 11949 11706 12217 12437 12283 11519 11689 12386 12484 11909 11735 12177 11862 11231 11804 12162 11911 12039 12340 11588 12025 12060 11558 12093 11854 11409 11454 12210 11378 11769 12320 12081 11934 11208 11920 11676 11821 11998 12065 11803 12028 11111 12129 11733 12678 12056 12410 12170 11287 11930 11596 11290 11361 12096 12017 11607 12012 11814 11323 12238 12278 12059 11743 11935 11862 11866 12223 12228 11648 11959 12131 11960 11688 11490 11718 12147 12221 11837 11774 11935 11455 11882 11732 11555 12042 11941 12236 12501 12501 11702 11838 11987 11992 12221 11960 12621 12577 11583 11708 11750 11778 12250 11471 11670 12040 11465 11676 11646 11197 11538 12122 11844 11928 11570 11980 11732 11597 11208 11683 11334 11330 11674 11199 11824 11925 12237 12147 11107 11907 12464 12178 11650 12314 12182 11915 11537 11748 11529 11738 12441 12504 12112
12340 12244 12229 12777 11984 12172 12465 12505 12105 11869 12170 11410 12251 11711 12535 12245 12451 11600 12241 11128 12026 12511 12346 12570 12442 12226 12156 12530 12201 11565 12087 11959 12437 11712 11637 11235 11582 12032 12203 11540 12305 12067 11862 12338 13027 12598 11826 11827 12601 12121 12238 12006 11829 11697 12461 12374 12027 12622 11912 11828 11898 12024 12240 11953 12095 12752 11414 11152 12385 12254 11962 12248 11579 12788 12314 12859 11896 12552 12066 12113 12229 11942 12305 11782 11773 12530 11707 11789 12697 12464 11734 12049 12295 12735 12652 12331 12079 11712 12410 12389 12051 12114 11371 12615 11728 11990 12229 12093 12248 12162 11626 12138 12247 12567 11881 11830 11759 11499 12218 12140 11383 12556 12425 12302 12144 11783 12169 11816 12157 12093 12501 11470 11989 12174 11924 11375 11964 12223 11658 12871 11955 12861 12188 12241 12137 12596 12476 12786 11710 12619 12456 11913 12202 12280 12382 11742 11805 12571 12328 12286 11859 11733 11994 12099 12684 12105 11897 12628 12787 12022 12364 12379 12055 12158 12207 12130 12258 12500 11608 11582 11654 11771 11964 11708 11933 11489 11617 11600 12177 11847 11961 11764 11728 12564 12198 11839 12059 12952 12379 12849 12102 12330 11368 11799 12521 12110 12414 12504 12540 12055 11960 11204 11860 12597 12382 11271 11780 12301 12549 12943 11871 12206 11949 11649 12563 12342 11848 12626 12123 12905 11795 12314 11476 12180 12239 12414 11916 12101 12430 12047 11624 12537 11912 11741 12178 11817 11477 11933 12183 11474 12074 12491 12386 12195 12695 12705 11663 11706 12175 12027 12418 12473 12229 11925 12065 12453 12577 12038 12004 12855 12438 11690 12283 12176 12177 12340 12743 11955 12067 12490 12016 12115 12405 12100 11791 12677 11827 12389 12527 12148 12301 11612 12217 11689 12127 11779 12383 12527 11813 12038 12424 11728 12525 12777 12486 12584 12148 12234 11943 12105 11721 12016 12467 12271 12255 11985 11889 12449 12440 12800 11994 12147 12339 11748 12644 12394 11833 12316 12194 12240 12122 11352 11798 12729 12315 11894 12559 12358 11962 12047 12123 12446 12157 12301 12198 12177 12661 11993 12372 12594 12443 12602 12380 12806 12463 12057 12033 11977 12077 12096 11959 12214 12547 12101 12361 11956 11843 11832 12482 12550 12107 11882 12370 11988 11616 11387 12318 11850 11831 11960 11734 12044 12149 12699 12361 11633 12300 12614 12382 11843 12815 12632 12257 12226 12015 11858 11936 12604 13011 12260
11518 11530 11290 12033 11229 11387 11691 12012 11266 11663 11243 11588 11679 11249 11690 11836 11458 11040 11379 11049 11412 11713 11656 12232 11513 12249 11691 11468 11735 11391 11349 11765 12200 11446 11639 10667 10997 11421 11945 11046 11847 11723 11454 11609 12387 11539 11548 11161 11973 11377 11689 11332 11393 11081 12073 11450 11048 12054 11395 11471 11701 11923 11755 11562 11834 11687 11135 11257 11891 11599 11434 11556 11413 11605 12024 11964 11646 11993 11521 11500 11394 11588 11602 11516 11075 11894 10954 11488 12068 11652 11365 11190 11901 11911 11959 11660 11589 11189 11705 11783 11546 11686 10834 12162 11049 11419 11175 11694 11636 11798 11284 11457 11470 11979 11506 11376 11313 10836 11615 11053 10836 12041 11910 11288 11717 11161 11927 11316 11349 11497 11097 11048 11235 11388 11466 10670 10984 11636 11240 12310 11317 12478 11784 11990 11483 11785 11417 12009 11127 11823 11790 11213 11803 11442 11573 11385 11042 11764 11946 11831 11138 11169 11735 11181 11543 11275 11302 12279 11845 11539 11882 11561 11319 11637 11570 11753 11535 11695 11497 11203 11221 11290 11587 11199 11533 11575 11542 10731 11533 11033 11556 11252 11369 11811 12033 11456 11470 12427 11517 12309 11286 11690 11323 11146 12104 11598 12098 11768 11970 11807 11252 11259 11832 11360 11570 11151 11134 11721 11702 11797 11644 11720 11506 11342 11749 11537 11200 11304 11586 12199 11322 12099 11060 11706 11473 12241 11426 11610 11430 11444 11014 11740 11597 11428 11607 11209 11457 11408 11512 11325 11916 11581 11555 11616 12186 12225 10925 11132 11652 11047 11726 11939 12018 11575 10873 12188 11548 11332 11209 11959 11570 10887 11319 11488 11737 11830 12063 11317 11524 11923 11750 11484 11629 11055 11506 11747 11093 11865 11565 11557 11932 10868 11707 11214 11363 11270 12084 11904 11099 11078 11926 11434 11575 11607 12097 11716 11425 11586 11538 11166 11106 11538 11795 11323 11312 11412 11279 12198 11984 11491 11653 11689 11603 11709 11682 11711 11489 11680 11513 11113 11686 11126 11308 11849 11976 11375 11668 11628 11011 11338 11449 11424 11578 11833 11713 11967 11900 11379 11287 11461 11958 11836 12002 12390 12185 11307 11462 11361 11653 11791 11600 11058 11967 11602 11606 11362 11497 11388 11643 11641 11178 11341 11586 11748 11108 11054 11490 11048 11021 11239 11400 11436 11373 12310 11786 10902 11796 12187 11818 11079 12588 11294 11820 11540 11727 11280 11189 12142 12418 11788
11892 12218 11959 12363 11649 11837 12319 12145 11958 11555 11354 11617 11622 11205 11835 11514 11734 11420 11863 10836 11941 12112 12132 12514 11826 12272 11977 12084 11552 11541 12069 11951 12221 11682 11719 10775 11491 11626 12181 11592 12121 11764 11718 11590 12551 12015 11669 11795 12402 11303 12427 11411 11538 11583 12267 11684 11621 12324 11542 11611 11839 11762 12251 11714 11742 11905 11425 11089 12173 11886 11594 11704 11270 12296 12239 11935 11411 12051 11396 11753 11659 11637 11858 11448 11468 11902 11592 11581 12456 11884 11476 11587 12136 11846 12225 11826 11890 11704 12093 12180 11763 11893 10715 12101 11351 11775 11978 11827 11930 11564 11416 11598 11674 12118 11636 11370 11548 11458 11874 11424 11317 12345 12083 11698 11956 11490 12070 11360 11633 11635 11621 11272 11209 11800 11961 11415 11230 11663 11662 12192 11551 12436 11828 12087 11551 12412 11803 12421 11284 12059 11975 11264 12071 11777 11570 11433 11568 12483 11766 12006 11685 11637 11963 11960 12030 11790 11668 12365 12479 12109 12196 11903 11668 12076 11596 11685 12112 12129 11224 11505 11411 11394 11596 11203 11681 11353 11676 11417 11561 11215 11791 11300 11432 12279 11873 11775 11594 12424 11867 12192 11473 11955 11488 11326 12507 11850 12342 12057 12248 11889 11222 11294 11930 11655 11926 11402 11457 11956 11737 11989 11646 11689 12024 11200 11909 11441 11387 11575 11874 12186 11851 12329 11275 11986 11794 12442 11604 11787 11836 11762 11555 12425 11732 11056 11688 11963 11448 11659 11847 11550 11998 12165 11796 11952 12355 12071 11065 11353 12119 11676 12204 12141 12124 11325 11787 12245 12145 11579 11534 12197 11959 11138 11914 11823 11914 12292 12441 11669 11760 12319 11509 11794 12156 11575 11710 11984 11459 11937 12331 12121 12200 11228 11916 11311 11757 11274 12105 12244 11580 11100 11940 12035 12230 12022 12180 11999 11588 11943 11813 11669 11666 11960 11861 11641 11914 11824 11759 12475 12315 11712 11743 11640 11834 11755 12127 11737 11691 11811 12062 11572 11905 10819 11665 12035 11926 11800 12108 12131 11127 12011 11725 11992 11810 12456 12064 12113 12183 11811 11767 12244 12137 11674 11650 12502 12056 11670 11510 11369 11687 11886 11603 11331 11919 11739 11891 11452 11578 11578 12163 11964 11883 11524 11738 11691 11103 11429 11829 11243 10939 11335 11519 11467 11747 12569 12130 11360 11969 12302 12043 11463 12383 12214 11938 11830 11670 11516 11418 12019 12856 12247
12379 12656 12289 12891 11957 12584 12619 12563 12513 12215 11658 11861 12482 11752 12432 12248 12877 11701 12340 11575 11921 12754 12547 12668 12322 12538 12201 12240 12447 11734 12587 12534 12763 12082 12221 11808 11649 12011 12455 12271 12547 12457 11948 12667 13068 12551 12107 11913 12839 12412 12509 12040 12023 12076 12974 12314 12682 12813 12022 12492 12248 12129 12397 12211 12658 12389 11739 11668 12628 12469 12069 12533 12028 12807 12548 12911 12052 12603 12446 12050 12272 12222 12446 11981 11716 12808 11855 11844 12391 12489 11722 12248 12727 12593 12664 12234 12362 12164 12509 12712 12243 12596 11489 12908 12238 12702 12206 12131 12294 11941 11627 12217 12061 12989 12067 12135 11824 11800 12626 12250 11928 12431 12637 12401 12706 12196 12660 11922 12346 11988 12697 11719 12357 12162 12438 11723 12307 12439 12068 12980 12297 13042 12668 12425 12138 12790 12277 12737 11770 13033 12533 12261 12488 12336 11985 11990 11969 12665 12590 12525 12050 11630 12521 12626 12468 12736 12294 12671 12794 12632 12287 12535 12142 12214 11870 12382 12481 12802 11859 12032 11833 12138 12243 12058 12117 11812 11906 12199 12246 11871 12411 12093 12043 12420 12320 12081 12393 12927 12649 13069 12513 12482 11902 12303 12792 12468 12732 12713 12567 12333 11836 11772 12059 12249 12254 11789 12169 12557 12612 12501 12396 12218 12368 11920 12716 12367 11845 12549 12474 12755 12137 12702 11978 12446 12411 13019 12102 12291 12169 12311 12024 12776 12589 11973 12024 12312 11625 12022 12418 11893 12385 12473 12636 12472 12825 12659 12033 11982 12428 12269 12766 12813 12899 11706 12170 12955 12463 12003 12140 12546 12323 11833 12693 12839 12591 12649 13031 12463 12372 12727 12280 12611 12604 12213 12365 12694 11812 12249 12816 12634 12633 11685 12124 11782 12660 11904 12596 12725 12253 11818 12750 12279 12900 12678 12749 12889 12384 12416 12096 12295 12236 12318 12537 12223 12190 12268 12139 12811 12800 12708 12252 12468 12520 12497 12801 12809 11888 12464 12402 12280 12439 11729 12029 12817 12411 12559 12232 12455 12180 12300 12195 12437 12385 12815 12566 12721 13221 12211 12367 12115 12939 12357 12364 13056 12725 12139 12038 12293 12252 12632 12323 11966 12357 12288 12085 12064 11756 12047 12774 12508 12687 11966 12510 12447 11872 11919 12561 12048 11628 11836 12113 12089 12017 13011 13229 12174 12590 13145 12506 11908 12739 12400 12733 12207 12110 12230 12177 12829 13222 12511
12407 12310 12192 12821 12088 12004 12230 12493 12419 12173 12033 11814 12318 11906 12438 12415 12490 11733 12057 11659 12426 12748 12687 13049 12180 12508 12058 12298 12758 11479 12223 12290 12828 12080 12429 11471 11745 12174 12564 11966 12549 12359 12147 12678 13341 12198 12233 11836 13013 11990 12753 11793 12287 11967 12506 12510 12508 12831 11832 12110 12103 12290 12649 12069 12412 12380 11649 11690 12733 12584 11985 12242 12306 12579 12712 12871 12004 12665 12431 12306 12440 11834 12351 12099 11895 12717 12043 12030 13352 12297 12184 11844 12671 12762 12675 12595 12418 12397 12421 12383 12144 12467 11371 12759 12085 12266 12355 12159 12233 12157 11775 11931 12147 12839 12505 11966 12071 11958 12623 11887 11660 12737 12278 12104 12567 11751 12678 12120 12064 12380 12120 11673 11892 12225 12192 11746 12017 12079 12031 13213 12104 13002 12279 12398 12214 12881 12383 12728 11657 12598 12604 11982 12738 12788 12519 11529 12326 12368 12684 12314 11964 11795 12499 12239 12822 12293 12091 12756 12506 12299 12853 12501 12199 12197 12154 12061 12321 12234 11957 12090 11763 12099 12126 11910 11961 12065 11979 11812 12332 11885 12401 11903 11707 12919 12511 12055 12073 12945 12547 12886 12258 12633 11909 12077 12589 12233 13017 12323 12830 12272 11948 11740 12550 12410 11897 11687 11891 12345 12246 12574 11934 12053 12566 11625 12637 12543 11854 12576 12279 13068 11962 12765 11902 12724 12504 12805 12181 12253 12317 12360 11656 12654 12157 12110 12579 11937 11908 12147 12480 12000 12678 12508 12507 12356 12777 12585 11552 11671 12527 12118 12228 13178 12520 11825 11988 12665 12607 11587 12226 12262 12414 11976 12321 12611 12286 12564 12622 11782 12182 12660 12395 12471 12601 12109 12301 12448 11796 11988 12467 12237 12247 12117 12495 11956 12223 11679 12668 12916 12052 12115 12674 12560 12844 12383 12503 12629 12086 12312 11924 12300 11732 12367 12481 12369 12341 12276 11956 12787 12686 12539 11961 12419 12719 12169 12500 12231 11876 12344 12332 11859 12502 11684 12088 12553 12886 12104 12518 12507 11997 12229 12338 12646 12202 12908 12828 12476 13108 12273 12482 12342 12807 12590 12547 13022 12781 12188 12487 11937 12306 12366 12265 12046 12635 12670 12586 12256 12046 11875 12586 12434 12793 12097 12184 12131 11821 11571 12360 11716 11785 11786 12530 12067 12292 12491 12590 11757 12573 12682 12637 12038 13264 12386 12781 12326 12330 11790 11852 12629 13188 12543
12157 12296 11832 12582 11636 12127 12085 12505 12088 11738 11846 11587 12323 11620 12167 12311 12115 11750 11916 11505 11837 12436 12076 12320 12088 12639 11878 12053 11934 11683 11946 11915 12375 11573 11866 10940 11798 12029 12403 11597 12555 12136 11993 12533 12916 12110 12145 11902 12821 11709 12629 11621 11724 11726 12460 11835 12030 12257 11759 12080 11944 12228 12495 11692 12046 12066 11457 11445 12756 12096 11829 11944 11590 12337 12246 12499 11671 12604 12011 11964 12293 11847 12496 11770 11827 12348 11673 11784 12291 12332 11558 11928 12267 12348 12495 11975 12129 12159 12259 11910 12076 12320 11582 12243 11555 11856 12078 11874 12115 12000 11707 11848 11757 12376 11868 12023 11562 11373 12373 11609 11293 12551 12039 12092 12313 11787 12365 11348 12077 11948 11994 11435 11630 12103 12285 11643 11958 11666 11902 12619 11851 12625 12403 12286 11878 12319 12187 12546 11501 12408 11965 11767 12281 11935 12359 11757 11541 12251 12218 12436 11725 11820 12044 12075 12331 12107 12145 12535 12525 11988 12116 12075 12066 12298 11473 12278 12277 12402 11834 11716 11601 12057 12165 11870 12354 11834 11860 11728 12097 11478 12179 11767 11594 12513 11976 11803 12199 12466 12198 12781 11679 12199 11481 11938 12723 12202 12589 12108 12773 12093 11363 11429 12138 12017 12045 11710 11804 12082 12088 12450 11800 12152 12148 11448 12385 11641 11593 11982 12222 12795 11793 12634 11693 12042 11668 12541 11633 11722 11925 11802 12000 12320 11935 11776 11839 11858 11368 11906 12256 11635 12005 12311 12057 12148 12626 12461 11303 11402 12058 11791 12217 12522 12135 11669 11627 12382 12473 11797 11835 12447 12066 11595 12076 12169 11873 12169 12340 11674 11803 12639 11886 12574 12417 11636 12118 12558 11697 12049 12172 12249 12333 11390 12255 11767 12002 11569 12296 12159 11845 11812 12483 12061 12809 12067 12558 12136 12097 12292 11634 11905 11654 12169 11895 12012 12246 12065 11787 12951 12337 12328 11898 12300 12527 12363 12345 12195 11783 12274 12346 12048 12318 11351 11754 12487 12569 12169 12098 12268 11724 11921 12233 12040 12185 12427 12051 12162 12799 12326 12624 12243 12545 12218 12543 12779 12650 11623 12138 12114 12130 12142 12003 11799 12377 11708 11865 12180 11811 11849 12302 11921 12058 11959 11815 12086 11459 11411 12092 11691 11636 11919 11739 11586 12003 12367 12289 12012 12568 12506 12396 11916 12601 12342 12287 12145 11771 11611 12010 12663 12958 12142
12348 12258 11993 12464 11940 12049 12641 12854 12241 11863 11921 11767 12330 11676 12266 12011 12622 12100 12256 11586 12126 12425 12161 12701 12433 12256 12134 12154 12238 11590 12091 12147 12511 11970 12070 11520 11709 11894 12206 11657 12171 11940 11944 12300 13096 12435 12169 11642 12667 11712 12379 12000 12110 12159 12316 12010 12059 12413 11790 12152 12086 12123 11946 12010 11939 12030 11705 11512 12153 12281 12060 12380 11618 12660 12457 12490 11949 12386 12352 12101 12441 12083 12132 12062 11830 12482 11798 11870 12355 12457 11986 11683 12619 12779 12612 12169 12126 12053 12319 12222 11699 12418 11315 12602 11831 12333 11906 11873 12058 12095 11771 12128 12305 12159 12083 11649 12055 11578 12398 11894 11604 12665 12492 12196 12117 11768 12727 12005 12337 11966 12143 11447 11871 12050 12455 11724 12117 12176 12132 13045 12124 12842 12190 12746 12394 12853 12083 12645 11802 12520 12149 11694 12350 12342 12256 11440 12197 12501 12324 11880 11950 12047 11910 12153 12332 11986 11984 12487 12685 12149 12953 12431 12006 12442 11609 12407 12435 12443 11826 11839 11682 12232 12082 11756 11862 12060 11976 11505 12375 11577 12209 11733 11845 12456 12139 11821 12281 12884 12130 12903 12120 12129 12162 11836 12593 11977 12512 12379 12798 12650 11594 11616 12084 12099 12250 11666 11853 12139 12529 12286 11872 11996 12251 11833 12280 12290 11783 12208 12190 12663 12188 12439 11486 12364 12146 12587 11876 11902 12063 12350 12064 12263 11836 11753 12367 11968 11763 12201 12391 11987 12478 12232 12210 12129 12893 12409 11605 11702 12292 11883 12121 12411 12469 12069 11670 12762 12729 11855 11920 12757 12356 11596 12113 12245 12207 12527 12506 11963 12235 12542 12357 12536 12207 12025 11972 12442 11638 12215 12398 11929 12216 11626 12341 11663 12132 11919 12753 12641 11748 11863 12196 12235 12706 12296 12288 12439 11841 11985 12245 11995 11629 12018 12092 12517 12169 12078 11811 12725 12309 12605 12047 12163 12355 12442 12467 12323 12084 12201 12575 12087 12031 11327 11969 12504 12341 11877 12149 12182 11800 12167 12066 12120 12157 12705 12302 12733 12773 12070 12278 12380 12460 12350 12371 13064 12653 12314 12007 12342 11840 12163 12197 12088 12610 12083 12151 11907 11889 11695 12300 12503 12279 11734 11968 12279 11620 11535 12310 11533 11776 11762 11918 12242 12004 12562 12459 11678 12625 12573 12525 12171 12895 12146 12372 12051 11810 11992 11757 12405 13159 12348
11903 11978 11678 12011 11475 11645 11907 12290 11826 11519 11455 11354 11821 11727 11946 11459 12146 11469 11680 11211 11653 12066 11869 12660 11713 12083 11661 11569 11487 11049 11625 11933 12057 11804 11407 10887 11397 11614 11969 11698 11891 11953 11723 11989 12229 11733 11583 11404 12017 11224 11648 11234 11741 11458 12348 11710 11747 12203 11331 11581 11694 11766 12087 11761 11783 11761 11306 11218 12106 11833 11639 12023 11412 12143 11900 12380 11398 12048 11792 11602 11891 11368 11733 11388 11390 11971 11372 11699 11907 11658 11091 11744 12257 11958 12172 11802 11739 11669 11771 11941 11762 11925 10802 12135 11457 11806 11664 11559 11729 11452 11535 11302 11447 12105 11777 11481 11200 11158 11562 11684 11167 12212 11604 11540 11644 11314 11914 11370 11519 11842 11584 11310 11346 11375 11630 10972 11447 11583 11296 12435 11740 12263 11378 12261 11703 12307 11682 11982 11316 12111 11870 11322 12071 11785 12038 11490 11569 11768 11748 11999 11433 11410 11896 11931 12188 11790 11299 12011 12180 11875 11964 11834 11533 11581 11112 11681 11868 12160 11241 11320 10988 11642 11586 11277 11369 11658 11354 11564 11644 11264 11882 11554 11453 11966 11934 11811 11524 12554 11986 12383 11532 11902 11174 11190 12211 11744 12267 12145 12274 11768 11226 11306 11818 11622 11973 10967 11225 11597 11772 11738 11684 11837 11982 11225 11940 11483 11044 11884 11894 12290 11438 12274 11583 11883 11530 12497 11780 11614 11615 11922 11452 12221 11732 11338 11711 11917 11258 11717 12001 11347 12119 11940 12012 11937 12288 12188 11103 11166 11870 11306 11907 12196 12030 11454 11253 12078 11905 11560 11326 11901 11630 11555 11527 11974 11428 11854 12124 11202 11501 12166 11775 11787 12348 11576 11729 12186 11504 11789 12211 12105 12164 11151 11787 11476 11551 11348 11740 12245 11700 11173 11707 11603 12289 11811 12167 11907 11663 12015 11221 11750 11154 11923 11872 11695 11853 11721 11450 12183 12127 12026 11711 11840 11925 11557 12058 11673 11545 11693 11982 11558 11924 11122 11738 12093 12159 11552 11548 11907 11398 11435 11640 11957 11986 12052 12126 12333 12559 11801 11648 12123 12020 11915 11802 12172 12141 11433 11419 11227 11756 11935 11988 11445 11980 11660 11749 11464 11315 11643 12046 11858 11999 11444 11993 11606 11355 11072 11720 11373 11465 11377 11486 11978 11686 12055 11857 11293 11913 12334 12131 11842 12387 11967 11927 11647 11553 11469 11534 12048 12578 12061
12483 12603 12221 12984 12303 12400 12463 12771 12515 12439 12499 12138 12604 12369 12856 12676 12652 12410 12301 11854 12759 12736 12605 13321 12683 12805 12305 12377 12476 12169 12702 12731 12851 12470 12532 12130 11886 12508 12854 11984 12399 12296 12271 12850 13395 12616 12391 12222 12989 12277 12777 12303 12259 12449 12815 12602 12570 12924 12348 12741 12468 12556 12561 12052 12441 12876 12222 11821 12740 12589 12582 12630 12173 12857 13011 12917 12661 13037 12592 12398 12304 12224 12858 12286 12101 13091 12210 12262 13032 12544 12252 12111 13204 12882 13211 12573 12480 12447 12727 12853 12402 12841 11585 13296 12008 12620 12223 12420 12537 12685 11753 12572 12131 12776 12580 12079 12178 11715 12855 11667 11766 13223 12658 12442 12676 12387 12789 11941 12268 12441 12805 12013 12122 12408 12277 11920 12114 12423 11979 13352 12703 12979 12618 12713 12615 12962 12175 12996 12292 12894 12687 12373 12567 12456 12471 12231 12299 12719 12471 12758 12326 12342 12520 12578 12730 12557 12186 13010 12736 12700 12651 12607 12544 12525 12180 12777 12789 12687 12204 12068 11899 12174 12445 12251 12475 12250 12159 11967 12366 12029 12563 12454 12147 12905 12722 12776 12403 13244 12834 13183 12616 12415 11935 12240 13195 12504 13095 12663 13467 12869 12183 12130 12730 12515 12500 12049 12085 12521 12584 13083 12649 12521 12446 11912 12767 12135 12015 12543 12831 13057 12536 12538 12080 12745 12517 13067 12375 12498 12696 12480 12391 12966 12441 11871 12320 12234 12018 12630 12862 12332 12917 12589 12492 12360 12982 12887 11925 12073 12564 12111 12705 12729 12944 12374 11956 12916 12792 12604 12041 12927 12660 11769 12531 12677 13000 12743 13205 11929 12510 13096 12457 12939 12980 12268 12391 12722 12287 12525 12642 12722 12717 11908 12430 12001 12405 12159 12766 12913 12080 11993 12523 12471 12809 12801 13085 12964 12637 12559 12492 12361 12377 12255 12704 12198 12455 12619 11984 13006 12641 13009 12281 12610 12973 13062 12927 12553 12296 12625 12668 12315 12600 11797 12131 12790 12866 12041 12356 12802 12182 12645 12721 12457 12741 12876 12726 13115 13311 12257 12657 12557 13004 12781 12833 13255 13064 12396 12434 12362 12483 12733 12530 12593 13046 12454 12592 12287 12476 12125 12773 12622 12928 12429 12642 12435 12076 11888 12685 11854 11858 12169 12363 12073 12455 13116 12869 11842 12667 13070 12742 12578 13105 12889 12791 12575 12422 12168 12403 12980 13513 12680
11984 12285 11631 12435 11228 11773 12304 12263 12136 12113 11923 11538 11922 11592 11937 12086 12077 11784 12065 11297 12163 12034 12028 12526 12334 12248 11500 12062 11819 11609 12025 11879 12387 11946 11899 11091 11603 11830 12148 11765 12343 12004 11446 12322 12678 12297 11932 11561 12483 11701 12407 11717 11592 11516 12213 11888 12003 12594 11714 12073 11704 12212 12129 12154 12063 11697 11171 11108 12139 12001 12109 12118 11640 12401 12281 12466 11784 12647 12033 11787 11863 11491 11876 12033 11873 12390 11364 11743 12415 12050 11598 11727 12252 12202 12395 12332 11924 12026 12155 12085 11637 12008 11104 12184 11756 11903 12131 12084 12032 11872 11467 12119 11811 12421 11858 12016 11847 11372 12481 11602 11575 12615 12171 12077 12246 11729 12351 11654 11804 11745 12011 11637 11751 12351 11686 11619 11783 11758 11650 12676 11970 12344 12448 12180 11914 12707 11968 12533 11780 12511 12636 11874 12600 12243 12209 11696 11594 12089 11966 11694 11762 11884 12352 12236 12356 12212 12055 12592 12561 12173 12231 12324 11663 12054 11658 12173 12042 12230 11763 11716 11741 11780 11989 11989 11836 11551 11616 11437 11864 11742 12095 11795 11767 12349 11866 12165 11789 12621 12024 12790 11970 12187 11471 11860 12627 12569 12276 12319 12473 12477 11699 11578 12205 11928 11965 11794 11773 11766 11936 12609 12125 11805 12238 11477 12378 11857 11351 12211 12238 12317 12116 12325 11333 12023 11566 12227 11929 12155 12068 11959 11585 12258 11966 11324 11781 11870 11448 11815 12075 11474 12272 12507 12397 12147 12627 12416 11337 11565 11950 11511 12174 12597 12443 11650 11671 12910 12200 11721 11534 12493 12051 11715 12016 12116 11958 12121 12620 11857 12120 12383 12288 12008 12192 11631 12172 12198 11677 11883 12176 12373 12019 11039 12213 11545 11726 11929 12702 12548 11802 11538 12213 11980 12402 12240 12196 12469 11743 12015 11916 11562 11869 12405 11961 12156 12098 11745 11531 12563 12488 12417 12140 11875 12086 12396 12395 11874 11739 12091 12239 11522 12174 11301 11749 12247 12521 11833 12204 11932 11732 11830 11690 11971 12142 12367 12309 12422 12574 12341 11999 12077 12647 12508 12352 12527 12533 11618 11965 11923 11901 11938 12088 11617 12313 12105 12051 12040 11521 11824 12327 12107 11976 11909 11875 12208 11511 11656 11774 11559 11461 11649 11902 11707 12047 12512 12458 11517 12617 12424 12389 11886 12449 12054 12339 12131 11717 11317 11495 12457 12716 12192
11863 12164 12199 12596 11593 12097 12231 12293 12304 11883 11538 11776 12040 12151 11786 12142 12109 11829 11850 11481 11962 12093 12596 12551 11977 12716 12007 12042 12094 11485 11604 12521 12291 11506 11789 11283 11505 11836 12335 11908 12600 12407 11598 12259 13055 12348 11833 11588 12528 11730 12571 11946 11672 11614 12531 11862 11983 12631 11775 11958 12036 12144 12236 11930 12286 12263 11302 11283 12582 12461 12077 12294 11580 12136 12096 12759 11872 12371 11879 11907 12061 11924 12250 11519 11669 12593 11758 11760 12481 12365 11579 11663 12364 12101 12570 12130 12184 11875 12626 12271 11785 12435 11413 12548 12141 12058 12077 12022 11987 11832 11729 11789 11832 12151 12134 11893 11771 11517 12497 11809 11349 12822 12496 11951 12477 11463 12427 12025 11738 11997 12572 11349 11827 11977 11923 11493 11914 11957 11993 13053 11982 12556 12374 11895 11775 12365 11947 12713 11473 12507 12554 11879 12299 12277 12167 11765 11923 12588 12203 12001 11949 11610 11965 12240 12261 12079 11814 12624 12130 11987 12269 12418 11755 12193 11747 12199 12337 12479 11736 11863 11634 11718 11953 11848 11861 11703 11638 11616 12159 11613 11900 11518 11934 12307 12020 12081 11898 12612 12653 12455 12050 12264 11770 11916 12688 12210 12365 12202 12458 12146 11789 11547 12052 12148 12136 11311 11932 12146 12050 12154 12121 12084 12381 11775 11914 12193 11756 12075 12024 12651 12058 12445 11309 12014 11849 12697 11807 12032 12164 12242 11944 12185 11925 11659 12038 12103 11513 11964 12060 11549 12201 12287 12343 12210 12541 12598 11335 11514 12257 11770 12044 12516 12548 11867 11771 12382 12127 11690 11869 12442 12318 11726 12381 11784 11992 12412 12538 11866 11996 12076 12128 11982 12593 11820 12181 12259 11653 12298 12148 11819 12279 11541 12367 11813 12328 11808 12349 12195 11805 11482 12509 12323 12368 12256 12215 12329 11927 11930 11837 12036 11661 12257 12376 12039 12358 12132 11807 12418 12784 12325 12003 12212 12615 12152 12478 12144 11622 12581 12537 12017 12441 11485 12222 12448 11981 11994 12278 12293 11941 12044 11796 12402 11933 12347 12372 12322 12581 12145 12153 12396 12159 12401 12288 12773 12562 12229 11950 11898 12218 12276 11921 11726 12543 12194 12224 11908 11840 11806 12434 12052 12104 11700 12148 12307 11793 11280 11743 11181 11422 11671 12009 11746 12013 12685 12406 11617 12284 12535 12620 11741 12747 12039 12363 12272 11939 11801 11915 12515 12886 12556
12163 12310 11977 12720 12021 11867 12261 12403 12082 11912 11859 11590 12335 11983 12600 12266 12190 11981 12496 11468 11834 12581 12302 12899 12334 12516 12275 12176 12031 11915 12313 11943 12889 11989 11580 11521 11482 12184 12244 11674 12105 12141 11869 12645 12852 12541 11801 11757 12664 11782 12252 11608 12013 12055 12596 12119 12239 12659 11483 12166 11814 12570 12643 12034 12206 12402 11691 11498 12742 12322 12002 12208 11781 12461 12331 12612 11944 12675 12174 12077 11927 12129 12160 11909 11865 12215 11752 12245 12594 12136 12141 11679 12441 12520 12413 12547 12148 12033 12288 12651 12068 12154 11247 12812 11895 12312 12005 12064 12314 12254 11670 11982 12057 12318 12228 11944 12047 11615 12233 11848 11468 12616 12380 12167 12381 11522 12331 11965 11945 11873 12310 11430 11668 11952 12166 11492 12061 12173 11821 12561 12082 12560 12251 12086 12257 12788 12132 12884 11699 12524 12587 11657 12159 12405 11825 12194 11603 12528 12613 12475 11995 11887 12466 12105 12493 12115 11879 12455 12774 12073 12522 12247 11994 12142 11616 12256 12161 12500 11605 11693 11391 12398 12010 11707 11924 12058 11492 11916 11817 11832 12191 12024 11674 12566 12634 12044 11917 12924 12607 12729 12035 12068 11835 11854 13021 12148 12580 12438 12380 12169 11753 11672 12292 12413 12050 11242 11609 12049 12611 12599 12139 12087 12373 11720 12493 12089 11535 12421 12421 12711 11981 12315 11881 12316 12162 12691 12010 12069 12551 12029 11998 12470 12176 11862 12355 12358 11879 12181 12266 11912 12001 12455 12292 11969 12794 12669 11428 11787 12161 11797 12064 12692 12334 11872 11679 12409 12590 12015 11836 12603 12351 11783 12220 12062 12073 12376 12593 11938 11838 12308 12033 12288 12582 12128 11937 12604 12123 12338 12269 12310 12253 11665 12250 11595 12126 11614 12324 12205 11853 11704 12632 11970 12798 12387 12776 12721 12113 12036 11858 11880 12111 12137 12174 12216 12184 11917 12059 12445 12523 12473 11917 12110 12706 12197 12292 12423 11618 12333 12248 12299 12063 11645 12076 12356 12651 12105 11959 12257 11705 12140 12228 12353 12468 12447 12274 12545 12921 12006 12513 12312 12484 12282 12615 12972 12805 12035 11961 11943 12181 12031 11974 12160 12583 12110 12366 11966 11907 11783 12416 12294 12263 12052 12309 11830 11921 11830 12399 11439 11702 11989 11503 11976 12140 12931 12523 11654 12470 12500 12577 11972 12796 12469 12537 11856 11506 11839 11837 12610 12810 12353
12183 12373 12161 12520 11620 11947 12289 12526 12208 11954 11909 11734 12128 12033 12213 12300 12107 12047 12149 11502 12131 12428 12466 12593 12158 12219 12269 12316 12246 11916 12232 12182 12556 12192 11993 11506 11453 12256 12208 11599 12214 12179 11947 12156 12944 12425 12062 12094 12411 12161 12354 11489 12076 12019 12208 12271 11992 12702 11999 12298 12038 12161 12525 11763 12397 12417 11767 11139 12728 12320 12231 12536 12148 12690 12472 12873 11954 12343 12386 12038 12090 12089 12672 11697 12081 12582 11802 11724 12638 12238 11792 11933 12462 12760 12601 12420 12267 12334 12083 12852 12229 12217 11448 12545 11842 11804 12169 11992 12288 11871 11598 12170 12182 12861 12379 11967 11938 11494 12467 11735 11760 12703 12333 12099 12302 11887 12265 11699 12534 11860 12466 11813 11925 12251 12192 11372 11970 12319 11570 13110 11798 13088 12586 12052 12321 12898 12002 12618 11549 12420 12716 11863 12274 12226 12064 11808 12084 12532 12116 12592 11816 12030 12238 12364 12655 12161 11756 12670 12515 12238 12693 12245 11829 12074 11943 12174 12470 12620 11633 11617 11929 12590 12146 11904 12076 11590 12026 11510 11993 11628 12279 11770 11688 12785 12201 12171 12266 12833 12301 12821 12158 12199 11790 11771 12692 12426 12307 12588 12965 12394 12010 11330 12253 12087 11919 11455 11696 11945 12430 12634 12186 12180 12307 11943 12226 12161 11820 12123 12302 12720 12338 12539 11516 12505 12209 12597 12114 12239 12251 11918 12125 12389 12237 12168 12139 11705 11678 12128 12043 11746 12636 12578 12595 12200 12797 12672 11679 11541 12387 12234 12390 12765 12738 12124 11837 12756 12674 11584 11913 12325 12174 11717 11843 12445 12275 12252 12908 11832 12312 12936 11992 12304 12671 12183 12441 12506 11434 12089 12327 12467 12194 11753 12380 11962 12154 12013 12531 12764 11814 12014 12459 12015 12855 12445 12469 12684 12183 12159 11932 11691 11534 12260 12691 12269 12248 12029 12019 12624 12475 12131 12013 12507 12411 12399 12505 12254 11868 12097 12132 11839 12575 11514 11909 12643 12963 12228 12423 12626 11948 12661 12226 12338 12282 12529 12280 12677 12754 12077 12381 12570 12516 12531 12357 13061 12584 12139 11891 12014 12155 12632 12144 11994 12402 12324 12632 11941 12154 11827 12302 12340 12202 11792 12171 12349 11736 11523 12276 11585 11578 12055 11860 12364 12282 12729 12656 11486 12686 12872 12597 12141 12764 12168 12519 12172 12025 11874 11731 12800 13042 12686
12773 12573 12662 13103 12438 12040 12597 12885 12293 11950 11766 11913 12381 12362 12596 12371 12732 12371 12121 11623 12636 12501 12802 13145 12689 12884 12386 12369 12721 11942 12410 12849 12752 12266 12239 11737 11963 12231 13036 11964 12964 12697 11992 12677 13191 12564 12210 12116 13002 12196 12812 12392 12119 12138 13046 12508 12617 12881 12655 12551 12604 12546 12530 12502 12543 12457 11875 11722 12592 12628 12503 12815 12088 12697 12899 13161 12564 12619 12499 12435 12449 12274 12494 12002 12351 12937 12071 12212 12891 12653 12347 12077 12937 12979 12938 12392 12335 11965 12676 12784 12365 12686 11898 12978 12334 12615 12393 12233 12306 12263 12187 12573 12447 12786 12618 12080 12212 11591 12667 11871 11667 12957 12782 12421 12782 12210 13105 12308 12166 12373 12708 11854 12058 12366 12452 11765 12120 12346 12097 13205 12316 12974 12626 12488 12325 13081 12416 12880 11958 12805 12733 12157 13111 12521 12518 12237 12272 12831 12640 12319 12024 11848 12229 12258 12910 12295 12447 12760 12787 12599 12429 12747 12422 12756 11902 12933 12460 12591 12048 12455 12133 12195 12352 12342 12008 12424 12243 11534 12444 11996 12545 12146 12165 12960 12274 12244 12108 13265 12604 13220 12216 12530 11942 12354 12897 12296 12725 12787 13029 12494 12011 11965 12576 12134 12393 11922 12020 12371 12918 13089 12394 12563 12852 12046 12358 12574 11985 12737 12318 13382 12494 12733 11753 12814 12484 13266 12163 12261 12599 12951 12103 12689 12147 11786 12544 12051 11725 12239 12607 12142 12676 12425 12658 12391 12960 12501 11731 11829 12474 12293 12453 13184 12874 12347 12176 12832 12800 12059 12162 12992 12588 11905 12594 12841 12385 12651 13133 12188 12544 12704 12485 12604 12849 12279 12428 12623 11819 12631 12733 12637 12725 11724 12766 12304 12799 12329 12662 12808 12017 12167 12591 12543 12939 12519 12496 12741 12241 12782 12343 12181 11874 12409 12874 12502 12444 12320 11975 12996 12842 12673 12470 12653 12598 12449 12960 12619 11928 12909 12626 12047 12275 11759 12291 12396 12794 12247 12685 12655 12122 12643 12322 12445 12377 12623 12795 12827 13001 12434 12334 12742 13020 12811 12677 13307 12966 12492 12328 12189 12408 12663 12458 12186 12802 12481 12396 12221 12520 12219 12813 12450 12641 12047 12548 12709 12053 11867 12419 12163 11873 12203 12391 12239 12482 12944 13010 11805 12388 13132 12539 12054 13523 12765 12519 12397 12577 12191 12248 13384 13305 12936
12318 12529 11814 12419 11625 12236 12261 12465 12248 11781 11589 11788 11949 11937 12199 12067 12288 12009 11920 11405 12027 12298 12369 12600 12318 12648 12148 12236 12240 11595 11893 12166 12618 12117 12040 11120 11798 11735 12379 11430 12604 12248 11770 12155 12745 12453 11990 11838 12569 12292 12367 11724 11943 11523 12267 11958 11956 12846 11947 12277 12263 12126 12256 11753 12020 12256 11306 11406 12744 12090 11913 12289 11557 12421 12762 12885 11774 12502 12232 11833 12005 12025 12283 12021 11941 12673 11764 11708 12184 12411 11726 11774 12263 12547 12730 12104 12209 12052 12446 12396 12038 12224 11275 12535 11890 12070 12069 12398 11907 12084 11836 12012 12325 12283 11770 11908 11635 11481 11906 11574 11666 12777 12324 12245 12274 11641 12364 11781 12225 11993 12440 11448 11471 12026 12073 11715 11687 12002 11965 12872 11835 12409 12447 12219 12045 12475 12180 12506 11509 12723 12444 11815 12279 12470 12291 11573 11818 12445 12685 12081 11607 11778 12272 12173 12433 12097 11687 12474 12772 12039 12382 12498 11907 12433 11559 12621 12566 12344 12004 11717 11644 12276 12058 11993 12188 11815 11515 11557 12134 11897 12217 12073 12134 12315 12340 11813 12297 12875 12423 12825 12187 11945 11859 12200 12973 12086 12316 12438 12499 12538 11781 11678 12321 12173 12229 11456 11737 12100 12564 12585 11799 12184 12414 11573 12325 11939 11949 12527 12127 12580 11926 12899 11487 12218 12007 13092 11670 12213 12332 12087 11928 12365 11693 11563 12033 11788 11941 12118 12089 11862 12493 12774 12262 12340 12921 12499 11657 11591 12232 11932 12154 12660 12396 11987 11808 12575 12612 11935 11984 12400 12138 11829 12276 12197 12254 12278 12770 11816 11970 12691 11846 12409 12491 11719 12273 12688 11583 11996 12228 11902 12324 11544 11812 11620 12380 11959 12660 12602 11733 11772 12270 11913 12624 12388 12721 12424 11930 12544 11832 11783 11525 12469 12045 12392 12195 11922 12026 12998 12675 12411 11982 12068 12626 12116 12358 12196 11893 12503 12078 11714 12345 11536 12109 12277 12284 11846 12145 12393 11630 12106 12116 12326 12525 12491 12313 12551 12685 11960 12470 12308 12277 12244 12527 12884 12581 12303 12159 11927 12319 12600 11623 11611 12578 11646 12244 11851 11993 11717 12417 12566 12304 11993 12181 12481 11673 11355 12308 11760 11748 11638 12276 11872 12130 12643 12557 11729 12725 12713 12486 11657 12790 12337 12615 12248 11744 11845 11988 12362 13202 12379
12649 12701 12392 13199 12132 12417 12704 12627 12321 12594 12047 12291 12573 12115 12739 12404 12554 12190 12488 11771 12626 12836 12975 12966 12852 12821 12440 12630 12858 11899 12603 12548 13122 12455 12121 11850 12069 12496 12535 12327 12782 12612 12362 12855 13282 12597 12217 12114 12737 12326 12751 12258 12216 12377 12965 12483 12586 13123 12092 12554 12657 12624 12962 12238 12652 12890 11560 11763 12923 12720 12680 12790 12189 13027 12907 13047 12521 12702 12973 12400 12782 12336 12613 12181 12352 12863 12171 12250 13013 12554 12391 12141 12991 12942 13131 12664 12418 12610 12667 12924 12447 12690 11431 13241 12460 12655 12328 12505 12581 12290 11960 12427 12468 12697 12588 12171 12321 12012 13059 12007 11818 12753 12715 12614 12944 12362 12664 12200 12435 12235 12729 12045 12449 12415 12499 11989 12206 12504 12167 13112 12487 12951 12808 12719 12365 13309 12527 13073 11960 13360 13051 12241 12839 12852 12566 12439 12260 12749 12682 12714 12115 11991 12464 12544 12433 12546 12452 12777 12835 12854 12833 12874 12541 12538 12019 12654 12744 12807 11956 12400 12123 12475 12082 11917 12479 12122 12035 12340 12586 12161 12505 12232 12356 13159 12971 12635 12542 13153 12687 12927 12203 12715 12120 12244 13223 12570 12751 12865 13036 12413 11978 11748 12711 12390 12568 11880 11956 12515 13015 12863 12769 12335 12512 11886 12919 12353 12093 12462 12479 12960 12787 12736 12063 12778 12495 13171 12496 12582 12577 12546 12359 12678 12516 12360 12991 12090 11807 12246 12759 12310 12953 13007 12778 12631 13046 13130 11491 11952 12823 12352 12867 13203 13031 12467 12213 12846 12749 12572 12312 13013 12863 12078 12533 12481 12659 12814 13309 12543 12551 12901 12538 12428 12959 12467 12699 12818 12099 12603 12649 12947 12616 11983 12786 11954 12597 12222 12793 12740 12684 12143 12933 12477 13314 12852 13063 12895 12586 12850 12538 12169 12181 12741 12928 12671 12457 12423 12492 12852 13208 12975 12475 12872 12637 12616 12675 12990 12383 12832 12484 12102 12636 11689 12710 12937 12938 12410 12504 12656 12245 12681 12146 12640 12419 12928 12518 12915 13288 12371 12536 12757 12728 12466 12786 13451 13088 12293 12358 12411 12400 12894 12532 12462 12935 12572 12709 12104 12263 12262 12985 12614 12731 12357 12593 12682 12174 12072 12742 11949 12088 12169 12327 12355 12411 13340 12746 11874 13142 13343 12944 12274 13208 12897 12683 12476 12423 12182 12546 13209 13496 12979
11832 11647 11580 11861 11579 11901 11990 12173 11555 11623 11364 11268 11396 11336 11909 11888 11832 11326 11512 11198 11904 11856 11800 12243 12075 12145 11814 11789 11808 11438 11563 11658 12341 11608 11347 10453 11261 11561 12064 11243 11725 11813 11547 11822 12435 11797 11687 11296 12399 11470 12263 11530 11584 11256 12334 11853 11754 12027 11439 11978 11799 11561 12003 11701 12110 11962 11182 10999 12016 11784 11529 11795 11403 11892 11952 12113 11709 12343 11685 11348 11737 11300 11940 11455 11543 12037 11592 11365 11902 11815 11804 11454 12446 11907 12245 11945 11934 11637 12023 12114 11577 11738 10922 12587 11576 11825 11454 11803 11660 11570 11111 11646 11436 12021 11534 11566 11652 11059 12110 11338 11158 12034 12147 11715 12006 11417 11925 11409 11380 11426 11958 11279 11416 11684 11879 11024 11489 11603 11281 12539 11733 12120 11481 11640 11522 12011 11683 12179 11568 12060 11810 11513 11799 11846 11329 11396 11457 12286 11921 11849 11319 11162 11803 11764 11921 11826 11670 12171 12124 11777 12118 11877 11126 11426 11491 11853 11834 11965 11552 11409 11269 11637 11468 11528 11586 11315 11573 11086 11795 11291 11451 11761 11515 11953 11984 11704 11605 12480 12102 12368 11449 11809 11367 11376 12350 11874 12166 11748 12255 11830 11430 11173 11629 11644 11799 11415 11299 11475 12052 12306 11550 11861 12016 11668 11796 11634 11247 11974 12033 12673 11871 11809 11067 11945 11425 12197 11670 11695 11790 11648 11546 12053 11667 11139 11419 11509 10968 11766 11552 11241 12015 11642 12192 11739 12677 12228 10961 11382 11832 11630 11873 11895 12101 11558 11312 11915 11852 11202 11392 12358 11723 11330 11811 11682 11547 11867 12288 11779 11541 12206 11393 11891 12317 11639 11873 11894 11396 12020 12091 11956 11930 11261 11618 11704 11895 11538 12122 11996 11188 11586 12040 11686 12340 11757 12099 12076 11684 12020 11688 11411 11611 12020 11775 11436 11649 11509 11257 11946 12276 12131 11610 11961 11871 11829 11856 11791 11538 11673 11639 11263 11885 11188 11383 11718 12105 11549 11712 12046 11076 11682 11709 11771 11792 11978 11816 12198 12006 11458 11604 11814 12153 12057 11903 12612 12226 11236 11468 11372 11788 11751 11855 11248 11916 11618 11704 11400 11323 11352 12041 11774 11997 11327 11425 11593 11374 11448 11551 11395 11507 11557 11641 11369 11817 12443 12003 11570 11960 12053 12144 11439 12318 11907 11982 11758 11318 11586 11343 12422 12545 12002
12151 12154 11840 12757 11784 12237 12297 12619 12498 12207 11751 11467 11982 11771 12198 12321 11985 11689 12265 11145 12228 12270 12496 12569 12001 12310 12155 12155 12343 11851 11996 12344 12230 11925 12138 11361 11457 12067 12437 11731 12540 12572 11741 12191 12977 12427 11730 11839 12789 12053 12375 11791 12045 11702 12458 12389 12181 12627 12088 12075 12081 12386 12396 11775 12374 12139 11808 11354 12386 12179 11852 12248 11830 12416 12700 12640 11826 12358 12284 11864 12162 11887 12057 11912 11556 12643 11686 12046 12600 11904 11818 11408 12497 12433 12874 12507 12268 12227 12572 12309 11855 12331 11497 12740 11991 11846 12083 11915 12183 11852 11594 12065 12289 12581 11791 12014 11824 11628 12291 12040 11476 12669 12469 12066 12407 12091 12566 12051 12199 11829 12063 11430 11601 12062 12158 11708 11947 11939 11934 13015 12330 12686 12265 12470 12246 12540 12025 12539 11619 12772 12488 11743 12511 12324 12632 11895 12036 12340 12362 11980 12299 11566 12178 12252 12425 12059 12057 12691 12519 12439 12543 12536 11791 12111 11965 12340 12286 12519 11644 12022 11581 12052 11976 11786 12051 11786 11943 11635 12227 11647 12081 12104 12092 12827 12319 12269 11908 12750 12394 12653 12021 12299 11824 11925 12788 12088 12587 12383 12927 12308 11583 11608 12196 12127 12109 11701 11525 12242 12596 12420 12049 12202 12255 11908 12295 12105 11953 12371 12123 12815 12209 12254 11701 12150 12084 12999 11944 11944 12198 11917 11934 12511 12116 11772 12018 11994 11671 12085 12372 11974 12494 12554 12282 12000 12796 12177 11233 11863 12290 11973 12196 12574 12401 12022 11952 12398 12333 11936 12109 12392 12267 11887 12338 12280 12585 12561 12742 12165 12013 12831 11928 12141 12190 11696 12214 12768 11783 12362 12070 12110 12169 11526 12163 11510 12232 11907 12682 12645 11752 11717 12612 12296 12986 12253 12510 12457 11990 12418 12002 11811 11854 12285 12216 12198 12233 12070 12082 12796 12348 12561 12087 12174 12538 12422 12657 12325 12151 12279 12274 12293 12311 11323 12093 12705 12526 11824 12328 12155 11948 12107 12135 12263 12155 12622 12441 12550 12524 12043 12061 12195 12213 12522 12385 13117 12435 11776 12029 12009 12136 12268 12386 11773 12400 12112 12608 11920 11813 11740 12379 12121 12258 11865 12100 12063 11811 11563 12220 11661 11742 11922 11994 12017 12239 12693 12380 11601 12147 12722 12574 11764 12862 12358 12517 12115 11660 11943 11945 12333 13488 12108
11631 11763 11480 11713 11340 11554 11953 12070 11826 11240 11632 11055 11559 11544 11940 11722 11553 11368 11795 11007 11696 12068 12014 12129 11757 12098 11673 11823 11857 11295 11825 11694 11934 11656 11177 11098 11516 11868 11825 11374 11956 11798 11638 11762 12432 11836 11408 11425 11907 11630 12312 11558 11622 11227 11951 11345 11727 12159 11934 12099 11812 11708 11746 11297 11810 11755 11252 10965 11704 11995 11397 12263 11344 12166 11964 12217 11145 11932 11654 11196 11610 11553 11673 11630 11247 11989 11230 11144 11999 11598 11306 11492 12342 12255 12186 12046 11767 11640 11821 11984 11484 11967 11079 12162 11282 11761 11777 11679 11708 11359 10944 11412 11763 11900 11621 11708 11845 10869 11886 11409 11048 12223 11904 11717 11802 11163 11745 11261 11404 11690 11799 11340 11409 11769 11561 10822 11250 11717 11199 12374 11838 12149 11987 11944 11686 12357 11779 12251 11365 11923 11952 11487 11940 11492 11708 11379 11420 12001 11757 11752 11620 11255 11600 11940 11981 11962 11636 11749 12224 11929 12122 11808 11046 11879 11516 11871 11753 12121 11292 11238 11422 11486 11634 11398 11230 11473 11627 10884 11771 11475 11713 11328 11627 11833 11657 11857 11610 12194 11744 12295 11672 11830 10863 11760 12286 11593 12132 11776 12239 11869 11132 11299 11543 11431 11626 11044 11606 11648 12008 12245 11701 11844 11997 11374 12016 11737 11386 11420 11907 12225 11726 11700 11004 11946 11742 12520 11683 11751 11622 11725 11822 11972 11527 11398 11566 11355 11037 11712 11708 11241 11942 11840 12290 11730 12130 12043 11023 10970 11474 11529 11966 11996 12169 11376 11601 12130 12049 11189 11380 12102 11813 11415 11722 11825 11919 11934 12066 11368 11571 12133 11822 11617 11746 11535 11570 12204 11454 11870 12054 11767 11856 11239 11709 11279 11805 11421 11764 12172 11519 11620 11822 11585 12639 11935 12166 12007 11696 11679 11676 11415 11377 11822 12189 11613 11785 11433 11557 12088 11802 12022 11195 11685 11892 11698 12138 12178 11607 11843 12041 11044 11657 11053 11471 11837 12324 11753 11645 12029 11197 11591 11643 11744 11712 12162 11795 12274 12269 11851 11724 11857 11971 12074 11865 12387 11911 11290 11425 11371 11770 11845 11660 11232 12293 11701 11678 11293 11462 11520 11987 11932 11777 11231 11742 11561 11324 11048 11812 11450 11026 11443 11603 11519 11674 11869 12089 11252 12014 12291 12063 11555 12394 11949 11721 11758 11483 11376 11378 12269 12389 11891
12268 12444 11667 12274 11738 11777 12226 11973 11958 11763 11302 11367 12147 11624 12061 12159 11920 11524 12206 11493 11924 12206 12150 12587 12104 12083 11942 12039 12140 11894 12044 11948 12257 11495 11638 11047 11615 11665 12276 11678 12000 11783 11779 12222 12653 12019 11817 11670 12510 11918 12007 11979 11914 11852 12207 12041 11966 12270 11612 11900 11976 12040 11990 11994 12247 11656 11500 11222 12314 12229 11841 11744 11765 12159 11988 12400 11687 12508 12036 11852 11692 11664 11994 11769 11508 12494 11570 11912 12352 12080 11666 11578 12308 12224 12485 12328 12059 12111 11953 11973 11999 11852 11340 12378 12164 12255 11833 11859 11746 11819 11338 11942 11767 12284 11573 11630 11821 11166 11971 11657 11297 12588 12166 11991 12269 11646 12088 11329 11983 11914 11768 11630 11899 12090 11794 11518 11630 11843 11644 12649 11644 12359 12468 11971 12102 12020 11823 12482 11717 12374 11925 11601 12242 12040 11840 11568 11825 12057 12055 11919 11673 11536 12091 12222 12274 11744 11687 12338 12500 12317 12178 12242 11732 12189 11647 12281 11766 11960 11227 11277 11553 11761 11698 11837 12049 11788 11860 11134 11599 11464 12073 11591 11440 12316 12060 11635 11654 12683 12025 12552 11801 11859 11312 11738 12472 12057 12272 12387 12459 12017 11423 11387 12025 12043 11562 11682 11638 12126 12339 12352 11864 12232 11960 11540 12156 11594 11639 12305 11840 12470 11818 12366 11449 12119 11991 12639 11704 12117 12098 12155 11393 12140 11814 11652 11844 11640 11395 11758 11836 11748 11954 12026 12055 11788 12354 12287 11321 11205 12110 11655 12156 12536 12807 11571 11654 12645 12039 11417 11694 12124 12060 11646 12311 12249 12049 11981 12350 11763 11510 12458 11738 12068 12181 11800 12110 12244 11588 12206 12129 12110 12111 11320 11912 11340 12471 11932 12242 12608 11467 11913 12470 11653 12588 12194 12196 12457 11913 11927 11787 11612 11859 12036 12075 12124 12144 11751 11735 12670 12638 12340 11360 12074 12399 12215 11970 12320 11358 12263 11870 11609 11524 11111 11646 12078 12609 11567 11836 12270 11623 11748 11764 12011 11893 12119 12282 12213 12318 11749 12181 12002 12330 12352 11958 12822 12326 11732 11789 11629 11901 11741 11929 11638 12187 11877 12142 12014 11519 11855 12168 12031 11966 11633 12068 12018 11394 11605 12029 11457 11366 11631 11998 12060 12073 12273 12493 11518 12249 12520 12327 11829 12384 12148 12575 11943 11413 11595 11835 12560 12831 11928
11472 11451 11232 11697 10902 11245 11450 11823 11606 11277 11152 10859 11299 10922 11411 11396 11409 10946 11418 10576 11318 11622 11679 11727 11406 11614 10993 11318 11649 10943 11306 11570 12043 11205 10815 10559 10745 11248 11788 10927 11301 11440 10986 11459 12128 11632 11259 11073 11634 11120 11710 11136 11365 11092 11805 11289 11325 12041 11271 11542 11195 11474 11517 10976 11537 11582 10753 10824 11718 11491 11258 11654 11090 11868 11512 11861 11309 11818 11318 11351 11277 11086 11690 11187 11138 11555 11206 11341 11736 11411 11078 11079 11832 11909 11694 11415 11250 11504 11431 11587 11138 11628 10568 11924 11507 11027 11403 11337 11304 11293 10694 11279 11316 11451 11538 11226 10973 10778 11654 11121 10767 11805 11425 11075 11454 11275 11532 10980 11252 11325 11611 10978 10854 11482 11645 10858 11242 11006 11402 12045 11203 12070 11682 11495 11391 12073 11464 11939 10957 11712 11581 11047 11666 11592 11325 11068 11287 11562 11594 11375 11073 11174 11345 11395 11728 11374 11089 11627 11778 11515 11819 11360 11265 11346 10697 11740 11251 11480 10867 10877 10914 11390 11404 10799 11360 11167 11293 10893 11234 11002 11186 11030 11209 11593 11574 11243 11208 12066 11357 11788 10916 11363 11021 11110 11960 11057 11431 11660 11912 11383 10870 10673 11381 11249 11306 11154 10805 11593 11517 11480 11499 11151 11604 11044 11495 11263 10840 11314 11262 11925 11560 11823 10949 11363 11436 11976 11402 11333 11525 11250 11185 11629 11001 11266 11317 11334 10685 11201 11679 10851 11432 11862 11778 11092 12067 11687 10874 10907 11555 11249 11688 11888 11603 11405 11100 11784 11585 10780 10923 11615 11926 11014 11363 11486 11648 11480 11762 11040 11505 11690 11368 11418 11684 11382 11268 11610 10678 11450 11811 11523 11589 10615 11266 10930 11565 11133 11761 11599 11197 11033 11803 11329 11880 11458 11638 11727 11268 11357 10961 11285 11260 11298 11617 11352 11476 11159 11030 11717 11562 11548 11072 11615 11745 11330 11675 11396 10903 11710 11516 11342 11454 10388 11558 11579 11783 11118 11481 11618 11237 11274 11098 11398 11271 11820 11633 11609 11927 11309 11512 11646 11600 11612 11622 12190 11917 11289 11425 11442 11466 11909 11436 11053 11899 11414 11508 11163 11096 11160 11872 11566 11465 11235 11087 11424 11007 10843 11324 11241 10984 11197 11078 11293 11181 11649 11797 10968 11604 11621 11336 11153 11959 11526 11520 11094 11122 11180 11311 11733 11916 11385
12604 12592 12710 12932 11979 12617 12619 12881 12693 12330 12225 11941 12733 12299 12501 12660 12809 12169 12360 11868 12474 12880 12555 12961 12809 12472 12400 12444 12484 11935 12655 12667 12794 12513 12195 11756 12092 12211 13075 12199 12896 12521 12120 12938 13408 12401 12560 12154 13265 12211 12717 11944 12068 12080 13280 12468 12586 12942 12252 12326 12148 12599 12698 12286 12455 12567 11926 11746 12996 12778 12581 12888 12422 12672 12991 12979 12332 12847 12752 12349 12557 12468 12902 12233 12303 12883 12530 12439 12973 12489 12357 12402 12678 12999 13066 12645 12306 12582 12770 12526 12570 12719 11577 12840 12338 12612 12438 12664 12482 12474 11884 12353 12371 12744 12586 12326 12429 12074 12729 12021 12236 13133 12752 12719 12863 12330 12766 12336 12449 12291 12685 11854 12170 12152 12824 11884 12412 12088 12095 13438 12437 13109 12641 12396 12700 12880 12672 12876 12304 12963 13025 12183 12715 12889 12328 12123 12544 12759 12671 12615 12545 12326 12418 12777 12887 12499 12316 13093 12727 12408 12912 12649 12243 12681 11953 12830 12749 12846 12115 12239 12039 12832 12438 12182 12394 12497 11920 12081 12607 12021 12518 12023 12188 12623 12508 12321 12061 13236 12917 12980 12509 12554 12090 12179 13079 12524 13014 12757 13095 12585 12364 11757 12834 12289 12813 12268 12075 12331 12624 12802 12255 12471 12982 12127 12834 12262 12133 12735 12418 13130 12472 13085 11803 12840 12666 13192 12372 12286 12408 12578 12286 13179 12351 11984 12785 12357 11889 12574 12738 12325 12631 12782 12803 12497 13303 12646 12074 11920 12915 12427 12390 12354 12824 12214 12103 13083 12794 12058 11856 12638 12508 12108 12620 12752 12534 12665 13137 12694 12484 13023 12631 12881 13064 12250 12449 13072 12123 12669 12832 12909 12623 12265 12754 11738 12501 12212 12721 13048 12433 12177 12858 12763 13282 12958 13011 12821 12613 12734 12152 12431 12105 12597 12651 12554 12582 12206 12513 12982 13155 12774 12427 12558 12631 12462 13107 12501 12313 12850 12775 12633 12679 11716 12303 12907 12735 12344 13016 12824 12377 12796 12516 12961 12576 12912 12693 12660 13312 12668 12610 12505 13098 13055 12790 13069 13107 12480 12298 12344 12706 12876 12488 12381 12805 12375 12363 12434 12347 12047 12982 12849 12618 12262 12841 12555 11997 11937 12548 11982 11958 11999 12360 12326 12676 13141 13125 12175 12956 13326 12703 12296 13210 12479 12704 12518 12163 12339 12314 12767 13657 12552
12382 12318 11924 12116 11718 12162 12725 12642 12354 12232 11732 11774 11865 12124 12271 12142 12438 12083 11634 11501 12097 12211 12628 12704 12180 12302 12166 12050 12363 11762 11995 12336 12627 12015 12022 11386 11550 11969 12418 11808 12543 12298 12055 12103 12921 12273 12143 11489 12764 11747 12486 11643 11790 11896 12764 12029 12182 12772 11970 12167 12051 12152 12133 12118 12179 12187 11721 11178 12156 12165 11969 12460 11866 12766 12712 12619 12134 12462 12505 11997 12252 11918 12558 12073 11928 12312 12006 12045 12584 12285 12206 12038 12868 12707 12628 12169 12173 12280 12308 12605 12028 12448 11109 12501 11826 12084 11929 12263 12360 11754 11488 12063 11934 12538 12186 11985 12057 11465 12077 11887 11749 12575 12572 12238 12252 11991 12772 11744 12263 12058 12260 11975 12208 12004 12168 11761 11686 12063 11693 12837 12366 12605 12390 12482 11889 12795 12161 12580 11928 12822 12506 11868 12561 11956 12060 11722 12218 12410 12362 12049 11977 11787 12318 12299 12491 11977 11604 12832 12388 12315 12518 12500 11964 12418 11722 12333 12292 12971 11603 11804 11978 12253 12135 11913 11775 12093 11853 11673 12215 11547 12119 11810 12018 12424 12390 11908 12107 12602 12622 12668 12286 11915 11638 12097 12790 12002 12871 12723 12690 12141 11794 11866 12224 12113 12007 11882 11530 11950 12592 12567 12086 11844 12280 11869 12228 12160 11941 12192 12269 12755 12281 12358 11418 12515 12020 12751 12030 12372 12437 12374 11600 12486 12224 12047 12088 11836 11704 12128 12220 11922 12208 12486 12344 11999 12852 12489 11640 11663 12318 11922 12236 12598 12483 12116 11812 12625 12635 11676 12017 12502 11889 11453 12324 12482 12371 12004 12649 12069 12280 12649 12593 12264 12671 12075 12319 12340 11767 12297 12345 12347 12278 11591 12444 11630 12331 12205 12530 12433 11954 11720 12636 12466 12852 12359 12342 12464 11947 12433 12540 11877 11782 12273 12221 11940 12149 12167 11881 12595 12646 12790 12227 12280 12471 12007 12480 12373 12197 12503 12442 11887 12614 11611 12027 12459 12607 11773 12083 12338 11800 12186 11975 12396 12371 12640 12206 12495 12708 12020 12061 12451 12125 12644 12415 13314 12673 12012 12323 11778 12288 12446 12191 11782 12739 11897 12417 11991 12033 12088 12367 12296 12227 11941 12069 12072 11517 11622 12033 11847 11419 11758 11927 12090 12126 12949 12634 11581 12593 12899 12828 12000 13020 12279 12235 12226 11976 12234 11941 12509 12983 12436
12280 12195 12339 12758 12137 12174 12880 12619 12316 12214 12033 12162 12237 12128 12391 12369 12316 11994 12354 11623 12244 12783 12864 12799 12363 12726 12317 12536 12539 11827 12341 12322 12622 12238 12229 11049 11816 12304 12737 12066 12745 12374 12333 12552 13130 12522 12092 11846 12973 12092 12716 12203 11979 11876 12835 12313 12454 12755 12072 12327 12387 12269 12424 12027 12624 12480 11875 11619 12796 12576 12219 12472 12093 12579 12476 12688 12124 12456 12412 12292 12390 12220 12280 11812 12188 12972 12259 11942 12950 12145 12108 12344 12616 12592 13033 12614 12226 12220 12655 12561 12050 12659 11463 12930 12008 12026 12446 12183 12368 11935 11558 12258 12227 12661 12330 12069 12025 11389 12607 12335 11525 13005 12332 12000 12528 12131 12758 11989 12138 12253 12466 11557 12394 12373 12445 11726 12479 12143 11864 12894 11963 12782 12419 12539 12223 12678 12482 12837 12025 12284 12814 12010 12480 12591 12412 12177 12149 12896 12643 12245 11605 12066 12519 12232 12630 12471 12108 12852 12843 12429 12713 12395 11804 12592 12116 12557 12606 12691 12038 11875 12177 12198 12348 12208 12235 12263 11896 11500 12190 11875 12286 11755 12251 12708 12324 12380 12257 13103 12676 12990 12141 12568 11854 12210 13091 12287 12547 12593 12746 12483 12292 11659 12406 12268 12275 11888 12193 12445 12530 12736 12158 12194 12432 11861 12543 12165 11952 12192 12230 12901 12391 12377 11623 12517 12349 12895 12404 12571 12461 12217 11988 12623 12312 11890 12396 12101 11800 12236 12291 12067 12315 12570 12633 12573 13093 12769 11777 11763 12550 12099 12176 12741 12688 12398 12081 12870 12671 12159 12133 12262 12498 11838 12739 12784 12202 12719 12829 12332 12499 12759 12385 12447 12364 12128 12413 12645 11775 12406 12786 12323 12589 11966 12507 12155 12321 11983 12141 12783 12067 11830 12951 12335 12774 12713 12638 12634 11918 12446 12173 12031 11975 12203 12662 12127 12342 12281 12097 12751 12765 12677 12500 12611 12363 12184 12484 12356 12351 12822 12574 12306 12159 11819 11931 12258 12886 12434 12319 12614 11884 12390 12471 12253 12392 12675 12401 13120 12849 12360 12441 12415 12225 13024 12872 13148 13031 12056 12194 12388 12222 12368 12206 12510 12659 12130 12520 12488 11738 11986 12921 12673 12798 12271 12427 12428 11828 11940 12368 12046 11412 12070 12320 12224 12388 12857 12857 11928 12625 13162 12920 12232 13159 12627 12677 12414 11875 12067 12168 12829 13444 12649
12001 11987 11692 12046 11356 11224 11897 11825 11669 11346 11177 11174 11925 11635 11671 11965 11785 11435 11700 11171 11787 11744 12104 11981 11914 12039 11555 11607 11817 11134 11569 11694 12210 11512 11486 10867 10888 11654 11754 11142 11844 11615 11471 11998 12308 11646 11649 11298 12041 11253 12072 11563 11273 11118 12037 11699 11793 12101 11220 11524 11708 11693 11651 11522 11602 11625 10951 10706 11922 11724 11656 11756 11344 12251 11905 12221 11590 12117 11678 11225 11398 11534 11958 11254 11245 12048 11334 11568 11881 11697 11696 11464 11860 11880 12213 12067 12091 11673 12003 12047 11572 11824 11014 11974 11255 11650 11727 11827 11671 11691 11173 11571 11566 12099 11725 11338 11668 11085 11944 11093 10931 12121 11754 11763 11982 10998 11971 11653 11595 11635 11893 11035 11369 11627 11571 10901 11755 11688 11198 12083 11329 11950 11860 11927 11695 12137 11750 12005 11362 12167 12016 11345 11660 11729 11654 11225 11649 11905 11935 11857 11702 11390 11575 11699 11967 11650 11411 11938 11915 11922 11961 11714 11581 11623 11363 11737 11790 11721 11361 11636 11355 11565 11527 11689 11747 11325 11405 11218 11457 11205 11628 11310 11310 11926 11950 11616 11453 12205 11889 12287 11584 11892 11244 11379 12268 11802 11746 12117 11942 11778 11307 11108 11764 11660 11620 11147 11390 11517 11845 11968 11344 11577 11806 11234 11689 11757 11415 11854 11735 12224 11416 11960 11111 12139 11521 12286 11587 11300 11953 11676 11320 12008 11425 11137 11515 11570 11270 11514 11498 11571 11883 11773 11859 11649 12472 12159 11085 10856 12035 11524 11772 12044 12042 11477 11251 11784 12051 11210 11498 12148 11676 11353 11704 11971 11600 11539 12206 11595 11642 12001 11681 11740 11894 11403 11926 11922 11376 11935 11914 11802 11714 11197 11582 11379 11613 11316 11948 11882 11325 11386 12512 11668 12381 11628 11615 12015 11644 11933 11406 11678 11455 11681 12142 11777 11717 11548 11629 11828 11809 12108 11590 11662 11956 11462 11935 11696 11396 12116 11693 11368 11987 10889 11545 11925 12036 11365 11972 12045 11475 11890 11523 11690 11616 12087 11626 12003 12197 11718 11849 11853 12178 12349 11794 12422 12180 11580 11349 11611 11498 11480 11473 11326 11948 11720 11898 11594 11628 11588 11880 11814 11655 11486 11607 11582 11106 11028 11749 11493 11247 11366 11452 11553 11602 11998 11751 11221 12315 12179 12119 11539 12084 11774 11953 11750 11441 11329 11662 12076 12382 11811
12024 12084 11978 12085 11438 11781 12057 12070 12158 11671 11896 11547 12033 11624 11980 11926 12292 11723 12250 11404 11935 12240 12024 12256 12128 12268 11783 11522 12291 11524 11799 11998 12446 11976 11839 10920 11473 12078 12395 11425 12358 11907 11812 12026 12888 12092 11872 11482 12472 11653 12218 11586 11867 11729 12087 11905 11717 12654 11815 11644 11819 11986 12213 11836 12448 12315 11632 11293 12206 12190 11763 11789 11636 12326 12225 12270 11843 12321 12245 12000 11940 11697 12173 11740 11720 12276 11470 11807 12261 12036 11605 11747 12184 12309 12463 12089 12112 11810 12053 12216 11755 11988 11224 12273 11726 11798 11765 12185 12300 11603 11447 11856 11891 12261 12201 11617 11420 11215 12005 11718 11546 12892 12294 12032 12225 11512 12052 11876 11648 11765 11887 11309 11933 12048 12102 11363 11653 11616 11502 12893 11900 12500 12410 12250 11956 12368 11868 12189 11563 12484 12060 11499 12045 11883 12036 11527 11561 12005 12027 11902 11774 11554 12480 12077 12020 11950 11869 12642 12695 12073 12369 12326 11628 12240 11710 12053 12368 11904 11460 11664 11449 12103 12003 11411 11991 11956 11585 11428 11625 11255 11824 11633 11811 12381 12150 12021 11860 12814 12013 12690 11876 11884 11574 11632 12501 11954 12135 12142 12281 12201 11322 11818 12395 11850 11886 11609 11753 11953 12160 12442 12019 12109 12020 11564 11977 11974 11798 12201 11819 12552 11765 12301 11257 12228 12000 12741 11539 11747 11863 11891 11643 12026 11799 11688 11938 11741 11302 11962 12091 11597 12286 12351 12376 12033 12390 12230 11546 11385 11756 11339 12235 12537 12057 11887 11493 12731 12264 11991 11716 12304 11826 11556 12134 12159 11961 12122 12563 11602 11972 12194 11987 12377 12267 11702 12057 12240 11689 11964 12301 12078 12102 11188 11993 11280 11963 11663 12276 12363 11615 11461 12144 11728 12524 12311 12112 12438 11938 12132 11851 11710 11624 11987 12185 12148 11982 11924 11741 12288 12243 12290 11765 11914 12277 12189 12494 11897 11667 12257 12254 11518 11889 11168 11418 12216 12384 11563 11827 12233 11505 12069 11904 12096 11818 12648 11813 12398 12737 11580 11979 12147 12324 12139 12490 12730 12372 11881 11722 11790 11942 12229 12027 11699 12429 11797 12009 11807 11644 11704 12323 12371 11874 11807 11737 11722 11506 11286 11797 11312 11422 11654 11551 11795 12002 12445 12372 11475 12346 12165 12252 11475 12626 12017 12052 11811 11512 11818 11634 12387 12515 12305
11613 11799 11431 11729 11545 11668 11779 12258 11562 11171 11130 11333 11384 11411 11634 11557 11794 11336 11620 10777 11540 11731 11818 12031 11766 11940 11462 11447 11992 10932 11369 11637 11904 11628 11161 10576 11190 11816 11870 11119 11934 11551 11366 11656 12425 11464 11474 11518 12208 11347 11937 11286 11267 11127 11984 11702 11981 11885 11349 11593 11533 11697 11998 11088 11599 11745 10991 11126 11750 11935 11273 11565 11439 11836 11880 11784 11644 11949 11420 11521 11660 11251 11864 10924 11341 11868 11451 11491 12160 11906 11375 11529 11554 11776 12140 11754 11816 11653 11735 11686 11723 11678 11244 11802 11141 11885 11499 11500 11836 11411 10572 11343 11522 12105 11791 11625 11293 10585 11807 11507 11229 11865 11734 11535 11798 11188 11916 11438 11218 11548 11626 11240 11136 11341 11897 10905 11238 11564 11061 12325 11751 11895 11711 12338 11686 11844 11445 12032 10979 11760 11947 11177 11911 11485 11789 11263 11399 11641 11794 11815 11112 11189 11597 11452 11908 11698 11371 12062 11923 11858 11732 11685 11470 12067 11263 11508 11776 11601 11228 11579 11430 11652 11483 11264 11651 11329 10972 11242 11432 11087 11344 10893 11324 11977 11755 11423 11312 11958 11638 12413 11455 11900 11230 11047 12016 11907 12043 11839 12240 11605 10767 10958 11801 11197 11670 11156 11393 11729 11837 11881 11345 11775 11831 11363 11545 11756 11147 11585 11675 12079 11442 11950 10946 11957 11488 12260 11487 11415 11707 11295 11350 12029 11358 11016 11346 11441 10943 11406 11716 11392 11644 11825 11740 11613 12483 11787 10837 11224 11727 11530 11700 11983 11740 11392 11161 11711 11744 11264 11343 12032 11625 11320 11547 11706 11725 11796 11805 11504 11750 12034 11284 11971 11880 11660 11776 11973 11195 11701 11699 11981 11896 10885 11741 11266 11432 11127 11765 11937 11285 11487 11967 11698 12331 11651 11895 11661 11588 11849 11552 11439 11327 11859 11550 11509 11514 11525 11396 12045 11916 11912 11527 11805 11484 11608 11898 11713 11153 11821 11952 11395 11522 10630 11481 11548 11920 11278 11717 12034 11199 11848 11461 11508 11532 11912 11691 12015 12275 11788 11515 11629 12078 11849 11555 12285 12218 11349 11514 11296 11563 11807 11501 11298 11702 11470 11508 11318 11141 11246 11615 11583 11805 11165 11712 12010 11053 11051 11736 11474 11267 11497 11199 11726 11405 12217 11904 11195 11747 12153 11891 11199 12299 11886 11989 11610 11291 10934 11329 12117 12432 11917
12464 12538 12184 12500 11893 12219 12532 13008 12425 12226 12007 11903 12335 11932 12297 12245 12468 11860 12532 11686 12278 12473 12604 12782 12422 12450 12227 12135 12616 12093 12415 12364 12702 12703 12227 11606 11883 11936 12534 11766 12201 12483 11965 12583 12944 12389 12184 11720 12723 11986 12465 12074 12188 12075 12553 12098 12660 12944 12195 12280 12363 12424 12390 12252 12184 12287 11529 11614 12415 12239 12104 12427 11911 12702 12751 12878 12263 12578 12296 11941 12326 12122 12599 11816 11856 12717 12009 12047 12621 12332 11992 11584 12820 12667 12656 12002 12372 12212 12562 12778 12434 12354 11248 12946 11900 12456 11800 12034 12312 11985 11736 12554 12185 12382 12097 12092 12125 11781 12700 11837 11636 12714 12637 12263 12409 11706 12643 12277 12058 12206 12617 11610 12468 12145 12144 12049 12082 12206 11781 12966 12140 12712 12290 12359 12269 12808 12208 12698 11866 12577 12607 11989 12630 12213 12016 11590 12210 12597 12585 12266 12047 11992 12374 12379 12699 12559 11932 12455 12441 12421 12536 12288 11986 12462 11737 12192 12452 12542 12027 12224 11667 12219 12226 11607 12375 12020 11995 11926 12400 11938 12510 12101 11934 12298 12351 12131 12175 12947 12591 12912 11967 12434 12003 12050 12766 12359 12603 12948 12669 12409 11637 11665 12369 12316 11942 11566 11962 12182 12647 12158 11785 12322 12643 11864 12414 12567 11815 12578 12117 13014 12453 12749 11624 12617 11933 12882 12058 12258 12273 12296 11704 12800 12116 11994 12180 12129 11968 11918 12250 12150 12719 12574 12494 12306 13112 12923 12043 11700 12742 12317 12627 12382 12664 12054 12078 12755 12630 11676 12289 12641 12392 12151 12454 12482 12315 12061 12805 12285 12404 12527 12324 12612 12486 11837 12167 12496 11717 12314 12703 12575 12380 12024 12266 11944 12477 12157 12593 12534 11810 11756 12578 12403 12904 12341 12739 12516 12172 12294 11946 12139 11975 12470 12512 12580 12246 11892 12173 12617 12563 12485 12192 12458 12430 12341 12587 12854 11671 12724 12455 12088 12697 11568 12300 12493 12353 12148 12534 12553 11871 12062 12273 12360 12270 12297 12368 12976 13234 12028 12211 12468 12334 12474 12456 12782 12945 12169 12164 12225 11982 12290 12177 11992 12389 12069 12337 11828 11913 11727 12552 12472 12299 12018 12255 12035 12016 11625 12055 11972 11751 11706 12184 11981 12246 12741 12359 11564 12511 12852 12565 12199 12971 12428 12022 12175 12048 11945 12187 12654 13569 12552
11969 12039 11609 12220 11717 11735 11685 12116 12068 11388 11254 11008 11462 11386 11952 11586 11796 11368 11799 11194 11460 12185 12041 12150 11654 12032 11708 11789 11831 11105 11790 12070 12057 11399 11445 10840 11463 11764 11926 11067 11917 11717 11604 11999 12115 11930 11687 11270 12209 11514 12232 11313 11531 11767 12070 11902 11567 12105 11543 11870 11702 11341 11809 11505 11722 11955 10994 10849 12201 11936 11442 11781 11375 11875 11824 11938 11683 11799 11766 11314 11879 11498 11842 11403 11343 12191 11128 11280 12009 11765 11449 11179 11912 11981 11958 11376 11823 11254 11994 11754 11782 11871 10732 11948 11332 11849 11468 11551 11843 11435 11198 11694 11638 12032 11444 11539 11537 10982 11929 11197 11213 12158 11941 11625 12070 11372 12045 11352 11531 11349 11984 11111 11556 11410 11712 10927 11151 11682 11186 12356 11574 12253 11852 11821 11658 12005 11882 12103 11442 12196 12096 11429 11734 11470 11599 11374 11547 11906 12081 11901 11484 11628 11502 11830 12047 11850 11393 12073 12068 11691 11737 12042 11409 11712 11055 12066 12136 11964 11431 11344 10951 11691 11283 11494 11776 11494 11396 11098 11363 11235 11392 11188 11646 12071 11869 11622 11364 12164 11946 12536 11788 11723 11304 11572 12261 11961 12034 12058 12099 11546 10951 11325 11981 11741 11795 11093 11226 11691 12080 11825 11661 11656 11483 11416 11571 11674 11493 11695 11672 12450 11473 11933 11061 11915 11581 12066 11874 11660 11871 11291 11530 11902 11688 11657 11558 11429 11280 11505 11634 11261 11855 11808 11760 11647 12196 11786 10735 11068 11787 11745 11525 12033 11844 11396 11099 12249 12323 11621 11714 11635 11799 11399 11773 11629 11647 12114 12057 11360 11787 12027 11820 11882 12253 11493 11862 11727 11114 11631 11708 11889 11481 10933 11757 11403 11531 11236 12044 12090 11154 11432 11898 11384 12363 11877 12224 11926 11729 11684 11633 11346 11669 11827 11561 11702 11536 11798 11653 12133 11985 11989 11606 11774 12046 11942 11682 11585 10979 12297 12188 11332 11519 11125 11669 11959 12088 11357 11591 12273 11588 11577 11548 11786 11869 11691 11821 12229 12202 11520 11605 11314 12275 11852 11883 12714 12164 11687 11395 11544 11817 12083 11755 10960 12069 11571 12116 11190 11367 11114 12050 11676 11880 11327 11419 11633 11452 11333 11705 10968 11449 11357 11501 11696 11494 11971 12166 11217 11778 12441 11893 11119 12214 11808 11621 11410 11481 11131 11695 12104 12689 11840
12279 11921 12128 12512 11703 11873 12218 12418 11936 11707 11502 11380 12005 11817 11721 11992 11828 11520 11872 11367 11699 12303 12578 12281 12034 12257 11754 12071 12390 11500 11726 11925 12517 11771 11798 11026 11145 12119 12160 11413 12282 12373 11534 12689 12836 12336 11803 11685 12487 11746 12269 11771 11819 11406 12381 11943 12242 12342 11716 12017 12198 12117 12167 11888 12207 11936 11406 11111 12257 12030 11732 12207 11733 12129 12278 12159 12192 12060 12166 11748 11780 11652 12220 11625 11546 12563 11552 11862 12302 11911 11791 11458 12385 12544 12503 11996 12300 11961 12152 12157 11734 12203 11348 12587 11838 11881 12145 11707 11913 12133 11352 11896 11829 12705 12154 11802 11743 11337 12061 11736 11515 12273 12206 12054 12145 11603 12251 11584 11792 11794 12053 11631 11818 11942 11917 11250 12071 11927 11510 12918 12064 12635 12174 12099 11989 12528 11765 12404 11674 12455 12266 11932 12121 11999 12059 11357 11851 12243 12447 12122 11904 11671 12199 11961 12475 12131 11631 12418 12235 12248 12289 12534 11740 12170 11637 12090 12403 12314 11543 11515 11830 11824 11813 11973 12327 11627 11631 11348 11813 11849 11939 11909 11773 12233 12018 11873 11771 12858 12244 12233 11707 12417 11749 11971 12625 11933 12426 12437 12384 12025 11323 11321 11881 11745 11763 11288 11347 11963 12322 12333 11732 12031 12157 11418 12075 11856 11702 12470 12304 12681 12142 12077 11599 12061 11857 12497 12003 12050 12129 11867 11565 12321 12014 11865 12021 11900 11734 12239 11801 11686 12347 12426 12197 11920 12521 12241 11401 11400 12114 11378 12087 12064 12370 11914 11704 12288 12219 11844 11525 12159 12023 11525 12251 12407 12052 12228 12432 12079 11838 12200 11795 11805 12160 11531 12140 12295 11403 11907 12225 12185 12253 11543 11747 11694 11951 11436 12514 12411 11574 11612 12303 11705 12496 12129 12464 12547 11507 12294 11873 11764 11602 11666 12399 12192 12159 11947 11690 12479 12196 12197 12063 12398 12282 11846 12206 12063 11588 12318 12206 11651 12209 11515 11788 12280 12488 11645 11978 11929 11677 12033 11708 11919 11819 12404 12393 12588 12477 11603 11980 11973 12508 12296 12105 13017 12423 11884 11741 11780 12090 12131 11858 11676 12098 12005 12131 11581 11491 11745 12273 12464 12273 11875 12246 12027 11443 11213 12144 11485 11578 11763 11758 11894 11943 12355 12370 11495 12285 12420 12366 11768 12421 11994 12046 12242 11584 11881 11685 12273 13014 12313
11972 12203 12006 12232 11431 12281 12465 12019 12252 11907 11780 11607 12178 11729 12213 12134 12264 11547 12098 11235 12101 12312 12405 12733 12087 12340 11728 12166 12134 11667 11940 11997 12303 11894 11739 10941 11498 12243 12385 11449 12198 12024 12046 12277 12671 11631 11985 11536 12644 11539 12235 11854 11651 11678 12102 11997 11995 12560 11588 11952 12171 12202 11881 11951 12294 12242 11469 11587 12347 12176 12152 12071 11711 12244 12396 12003 11937 12118 12265 11736 11841 11918 12298 11784 11624 12346 11474 11619 12507 12046 11671 11647 12627 12200 12576 12093 12280 11725 11917 12142 11982 12344 11340 12455 11893 11843 12106 12183 11943 12051 11466 12058 11704 12045 11782 11861 11888 11095 12386 11772 11527 12573 12128 11931 11943 11852 12234 11848 11911 11734 12047 11670 11605 11910 12578 11320 11630 11846 11619 12820 11859 12498 12280 12419 12161 12375 11855 12531 11856 12301 12505 11614 12270 12372 11931 11998 12156 12149 12245 12274 12056 11650 11990 12140 12716 12046 11998 12570 12290 12429 12138 12160 11628 12053 11621 12102 12049 12076 11946 11366 11452 12012 11648 12248 11643 11897 11781 11427 11637 11296 11773 11823 11860 12311 12266 12128 11989 12750 12258 12675 11636 12059 11447 11638 12270 11997 12401 12215 12215 11933 11455 11502 12043 12150 12018 11561 11744 11894 12096 12243 11941 12252 12258 12051 12090 11602 11510 11867 11893 12793 11636 12192 11241 12141 11880 12427 12026 11940 11999 11547 11788 12236 12054 11813 12153 11994 11341 12205 12067 11767 12508 12239 12474 11575 12885 12171 11410 11397 12019 11932 12120 12375 12536 11541 11625 12422 12343 11671 11757 12274 12017 11383 12061 12114 11973 11902 12702 11837 12226 12450 12008 12277 12348 11896 11887 12233 11861 12008 12312 12243 12199 11472 12127 11618 12063 11913 12266 12628 11901 11661 12419 12097 12748 12167 12620 12487 12034 12282 11802 11895 11441 12190 12349 12062 11931 11794 11734 12496 12156 12282 11813 12304 12190 12169 12261 12242 11649 12128 12356 11965 12104 11003 12215 12213 12483 11732 12128 12405 11987 12088 11788 12364 11741 12397 12311 12511 12496 12242 12257 12062 12324 12704 12465 13289 12661 11729 11908 11658 12353 12267 11940 11738 12393 11879 12011 11872 11694 11934 12164 12198 12372 11868 11771 12180 11390 11555 12206 11447 11422 11819 11929 11898 12110 12568 12203 11977 12449 12516 12454 11867 12411 12370 12425 11908 12009 11759 11631 12541 12951 12314
12065 12289 12020 12565 11823 11914 12390 12300 12305 11883 12033 11654 11951 12077 12231 12050 11862 11884 12115 11625 11924 12477 12469 12388 12182 12522 12196 11988 12347 11732 12204 12202 12650 11908 11767 11267 11618 11948 12112 11482 12413 12200 11958 12315 12870 12292 11688 11753 12265 11945 12682 11814 12011 11903 12764 12170 12035 12881 11920 12108 12111 12222 12438 11856 12019 12087 11305 11392 12490 12335 11751 12198 11633 12542 12250 12450 11963 12425 12016 11895 11981 11923 12210 11873 11873 12499 11594 11662 12489 12082 11604 11751 12280 12420 12581 12267 12195 12138 12321 12279 11904 12197 11369 12615 11772 12169 12099 11678 12129 11806 11368 12018 12300 12318 11935 12039 11793 11366 12195 11913 11746 12438 12404 12005 12122 11760 12366 11873 11869 11810 12410 11360 11890 12058 11950 11507 11795 11683 11755 12839 11902 12711 12270 11928 11869 12440 12187 12577 11546 12410 12427 12039 12478 12121 11977 11618 11917 12263 12327 12209 12130 11741 12419 12098 12257 11948 11649 12703 12388 12071 12400 12379 11980 12160 11792 12291 12129 12354 11886 11889 11666 11776 12259 11723 11920 11595 11694 11652 12151 11843 11841 11654 11801 12295 12016 12392 11964 12647 12100 12920 11991 12289 11506 11995 12642 12126 12300 12526 12790 12287 11400 11728 12077 11759 12371 11671 11532 11962 12467 12271 12075 11730 12084 11693 12357 12060 12056 12057 12196 12506 11980 12697 11263 12081 12075 12700 12011 12019 12176 11722 11766 12559 11871 11695 12161 12055 11727 11839 11969 11591 12219 12196 12140 12165 12671 12471 11321 11123 12211 12058 12557 12352 12284 11933 11710 12959 12508 11866 12125 12061 12062 11489 12368 12347 12355 12441 12847 12063 12272 12419 12182 12086 12602 11766 12064 12368 11538 12282 12309 12265 12642 11482 12218 11971 12200 11770 12470 12420 11994 11754 12565 12062 12524 12344 12494 12357 11868 12385 12023 12014 11988 12210 12271 11946 12343 12319 11826 12695 12330 12366 11989 12169 12326 12358 12411 12170 11793 12580 12214 11840 12332 11293 12112 12150 12144 11918 12289 12287 11683 12369 12249 11943 12469 12649 12514 12736 12657 11973 12220 12321 12243 12498 12306 13086 12523 11805 12007 12021 12062 12527 11988 11582 12362 12198 12376 11655 11789 11564 12528 12402 11942 11915 11905 12089 11752 11679 12315 11483 11358 11719 11844 11790 12047 12553 12458 11495 12416 12626 12388 12006 12990 12355 12209 11906 11646 11529 12337 12664 12835 12223
11862 12399 12252 12756 11617 11873 12310 12481 12123 11711 11875 11706 12109 11847 11930 11916 12332 11722 12069 11480 11999 12485 12687 12595 12023 12158 11789 12092 12292 11559 11674 12249 12538 11958 11825 11409 11480 11743 12138 11779 12398 11959 11978 12327 13047 12336 12023 11662 12585 11583 12410 11899 12040 11840 12650 12106 11988 12656 11565 12267 12138 12106 12046 11860 12116 12207 11286 11326 12528 12087 11904 12298 11817 12738 12235 12309 12123 12500 12313 11916 12100 11679 12487 11866 11771 12468 11815 11762 12686 12182 12118 11630 12744 12621 12320 12432 12163 11660 12183 12468 11933 12119 11284 12711 11620 12163 12003 11761 12233 11985 11369 11890 12299 12336 12054 12025 11696 11356 12668 11696 11573 12866 12431 12168 12253 11492 12546 12016 12214 11778 12230 11214 11874 12156 11944 11571 11991 12092 11814 12764 12016 12739 12143 12363 12096 12615 12330 12567 11777 12582 12554 11629 12534 12074 11922 11498 12089 12512 12062 12148 11650 11644 12061 11957 12405 12082 12116 12444 12590 12089 12223 12582 11834 11934 11811 12027 12078 12454 11436 11886 11583 12158 11716 11722 11661 12239 11773 11551 12077 11545 11902 11796 11920 12439 12247 11743 11997 12592 12601 12463 12139 11826 11625 11885 12287 11851 12264 12391 12564 12399 11531 11491 12124 12080 12007 11540 11753 11812 12257 12142 11972 11978 12237 11530 12036 12077 11640 12470 11654 12916 12063 12244 11689 12121 12113 12313 12103 12173 12265 12197 11736 12435 11855 11924 12094 11922 11518 11982 12198 11856 12205 12116 12430 11720 12803 12492 11590 11520 12029 11987 12251 12430 12417 12016 11938 12344 12517 11993 11784 12413 12174 11564 11931 12270 12133 12263 12819 11808 12133 12494 12327 12087 12174 11932 12281 12345 11594 12149 12171 12062 12296 11669 12084 11710 12390 11468 12225 12595 12052 11931 12568 12136 12748 12243 12467 12309 11766 12170 12043 11999 11607 11848 12341 12148 11906 12057 11899 12311 12391 12679 11998 12141 12284 12037 12289 12434 11987 12240 12462 12343 12066 11734 11790 12427 12624 11933 12094 12017 11961 12169 11784 12138 12218 12356 12225 12574 12761 12084 12046 12174 12316 12420 12152 12709 12509 12047 11761 12180 11906 12180 11995 11826 12436 12000 12168 12169 11769 11812 12142 11959 12091 11775 12194 11775 11507 11480 12058 11587 11594 11742 11958 12201 12177 12612 12269 11559 12360 12722 12344 11622 12567 12179 12004 12111 11761 11726 11641 12293 13132 12275
11873 11956 12104 12477 11373 11752 12089 12270 12070 11652 11974 11464 11912 11496 12048 11955 11917 11861 12052 11455 12155 11822 12146 12404 12060 12184 11787 11680 11920 11587 12113 11906 12489 12151 11516 11113 11326 11957 12298 11522 12376 12123 11621 12269 12845 11982 11800 11542 12239 12037 11929 11825 11541 11443 12231 11818 12448 12327 11529 12063 11959 12070 12069 11585 12016 11970 11617 11303 12269 12270 12037 12250 11657 12386 12002 12281 12040 12149 11914 12022 12075 11723 12045 11403 11326 12360 11368 11669 12402 11887 11628 11476 12553 12301 12804 12214 12066 11954 12112 12390 11602 12184 11251 12768 11578 11987 11914 11871 11723 12005 11474 11739 11617 12449 11988 12014 11937 11344 12297 11635 11312 12393 12080 12027 12147 11638 12321 11434 11939 11604 12246 11245 11739 12019 12107 11353 11993 11853 11437 12557 11754 12652 12184 12269 12110 12464 12145 12218 11851 12448 12387 11433 12136 11829 11911 11878 11662 12175 12378 11844 11461 11516 12099 11807 12396 11998 11900 12270 12266 12061 12045 12268 11726 11914 11153 12106 11794 11998 11644 11728 11481 12109 12037 11902 11785 11935 11444 11254 11752 11300 12089 11583 11471 12318 12016 11918 12142 12706 12375 12646 11650 11948 11463 11608 12484 11802 12098 12118 12388 12293 11471 11404 11927 11727 11732 11524 11395 11536 12115 12255 11809 11725 12295 11441 11993 11841 11305 12592 11957 12533 11914 12069 11423 12157 11997 12426 11765 11830 12109 12074 11476 12528 11928 11490 11754 11822 11394 11910 11948 11539 11958 12325 12294 11750 12716 12406 11298 11450 11679 11396 11785 12118 12490 11792 11595 12407 12479 11564 11617 12059 12206 11228 12288 12108 11919 11843 12562 11780 11999 12578 11855 12216 12465 11701 11861 12196 11555 11825 12133 11998 12314 11201 11636 11749 12049 11591 12406 12091 11594 11424 12370 11918 12534 12267 12291 12426 11713 12481 11998 11875 11600 11870 12116 11980 11782 11679 11445 12185 12303 12193 11815 12329 12234 11984 12323 12193 11650 12221 12213 12029 12117 11469 11299 11862 12546 11578 11895 11989 11694 11908 11930 11583 11738 12340 12046 12511 12662 11892 12047 12054 12398 12205 12231 13035 12672 11628 11602 11711 11579 11903 11941 12120 12024 12079 11905 12187 11565 11454 12007 12286 12255 11968 11701 11997 11384 11358 12313 11526 11565 11729 11584 11854 11866 12454 12483 11358 12250 12742 12151 11786 12494 11773 12096 12103 11778 11518 11412 12740 12825 12453
11773 11785 11610 11872 11332 11613 11894 12413 11711 11516 11601 11604 11654 11386 11860 11967 11938 11480 11591 11179 11908 12085 12151 12193 12110 12072 11747 11795 12049 11469 11808 11794 12166 11483 11631 10994 11207 11851 12327 11170 12230 11862 11418 11729 12323 12187 11488 11133 12286 11617 12176 11616 11496 11478 11953 11889 12110 12386 11857 11895 11771 11930 12048 11457 11840 11946 11298 11031 12297 12001 11667 11959 11543 12023 11965 12138 11837 11886 11692 11882 11931 11410 12270 11443 11154 11906 11413 11439 12295 12063 11947 11358 12387 12286 12014 12013 12202 11418 11841 12189 11728 11779 11402 12357 11461 12054 11565 11949 12179 11672 11361 11945 11900 12183 11876 11675 11747 11041 12217 11584 11039 12444 11967 11812 11983 11577 12267 11331 11677 11814 12035 11387 11421 11832 11939 11234 11638 11784 11155 12634 11961 12271 12139 12180 11715 12088 11838 12546 11329 12219 12030 11507 12044 11528 11629 11478 11443 12038 11804 11668 11447 11722 11727 11686 11793 11625 11796 11950 12060 11611 12210 11963 11194 11861 11397 11766 12463 12070 11437 11185 11268 11487 11745 11517 11663 11533 11391 11189 11616 11335 11998 11543 11464 12098 11833 11966 11699 12139 12016 12767 11769 12149 11319 11758 12745 11827 11982 11978 12273 11835 11354 11216 11621 11508 12033 11208 11815 11767 12043 12110 11566 11687 11797 11464 11747 12260 11513 11772 12022 12514 11625 11985 11139 11772 12069 12387 11747 11995 11780 11704 11598 12068 11810 11452 11609 11550 11133 11607 11751 11592 11825 11906 11964 11985 12583 12116 11379 11348 11874 11629 12107 12297 12316 11726 11436 12174 11972 11691 11480 12300 11888 11189 12031 11850 12067 12232 11926 11646 12118 12131 12000 11948 12094 11765 11724 12151 11264 11860 11882 11859 11593 11237 12213 11168 11674 11414 11922 12160 11490 11520 12375 11875 12220 11905 11911 12256 11630 11976 11859 11528 11411 11674 11815 11838 11763 11980 11329 12296 12321 12328 11809 12046 11950 11883 12173 12218 11492 11845 11966 11756 11576 11070 11466 12062 11921 11575 11869 11818 11725 11770 11658 11807 11966 12088 11757 12444 12190 11642 11786 11862 12048 12077 12169 12582 11865 12010 11671 11362 11567 11862 11735 11646 12037 11801 12150 11350 11624 11581 12310 12049 11772 11583 11953 11808 11352 11291 11770 11369 11269 11569 11596 11745 11883 12395 12131 11536 11890 12157 12330 11548 12379 12122 11980 11847 11799 11328 11821 12467 12794 12283
12259 12263 11931 12678 11584 12012 12477 12277 11913 11931 11756 11545 12533 11911 12289 12427 12451 11840 12121 11197 12157 12447 12451 12697 12211 12625 11975 12170 12482 11784 12202 12501 12201 12130 11934 11226 11547 11819 12459 11908 12373 12313 12096 12503 13050 12311 11967 11571 12965 11571 12444 12033 11990 11824 12830 12402 12458 12476 12071 12331 12201 12177 12360 11886 12046 12374 11658 11374 12509 12365 11842 12291 11909 12438 12308 12520 12157 12450 12423 11684 12113 11772 12275 12024 11701 12190 11951 11764 12527 12024 12077 11700 12486 12605 12788 12158 12164 11952 12346 12179 12107 12196 11505 12604 12007 12102 12037 12082 12197 12226 11620 12242 12038 12734 12167 12141 11821 11578 12711 11609 11426 12785 12269 12094 12446 12025 12265 11494 12200 12111 12023 11690 11954 12342 12074 11761 12058 12122 11609 12904 11987 12629 12386 12188 11881 12704 12094 12867 11531 12806 12338 11798 12363 11986 12482 11722 12075 12415 12200 12153 11800 11733 12055 12034 12303 12188 12242 12522 12444 12278 12433 12279 12112 12286 11781 12111 12307 12385 11878 11959 11914 12066 12029 11654 12009 11705 11888 11686 12237 11666 12141 11862 12006 12439 12084 12043 12100 12638 12206 12878 12161 12500 11740 12068 12719 11888 12660 12490 13000 12585 11589 11403 12406 12204 12189 11720 12067 12173 12446 12638 12027 12242 12173 11435 12146 11936 11647 12521 12283 12953 12066 12580 11826 12378 11939 12616 12218 12208 12053 12105 11979 12664 12103 11516 12113 11741 11843 11951 12266 12011 12594 12251 12775 11841 12781 12495 11614 11462 12161 11853 12249 12771 12328 11976 12125 12712 12317 11815 11956 12642 12096 11730 12265 12304 12107 12430 12756 11868 11965 12626 11970 12335 12380 11965 12249 12710 11722 11888 12211 12275 12390 11460 12316 11637 12495 11475 12127 12397 11854 11447 12628 12072 12587 12268 12487 12635 11869 12366 11930 12046 11782 11969 12300 12295 12175 11914 11833 12660 12743 12414 11782 12203 12373 12176 12759 12387 11494 12332 12309 11800 12214 11280 12114 12260 12630 11759 12342 12139 11874 12328 11916 12216 12157 12527 12239 12370 12737 12183 12184 12343 12553 12427 12074 12781 12564 11947 12238 11712 12198 12297 12590 11890 12683 12060 12233 11793 11986 11985 12683 12423 12494 11802 12291 11780 11517 11847 12300 11641 11714 11822 12018 11764 12370 12337 12683 11872 12609 12674 12458 11808 12577 12485 12176 12348 11704 11788 11971 12793 12897 12571
11927 11816 11597 11962 11428 12002 11708 11828 11595 11270 11054 11156 11777 11638 11899 11920 11634 11742 11857 11085 11607 12282 11882 12205 11823 11819 11833 11612 11861 11189 11841 11955 11991 11530 11817 11087 11404 11638 12299 11669 12257 11630 11463 12202 12547 11612 11620 11165 12084 11433 12077 11519 11483 11241 12347 11805 11631 12080 11302 11698 11832 11476 11839 11528 11777 11797 11107 11213 12183 12148 11537 11899 11649 12068 12148 12538 11735 11986 12088 11588 11995 11554 11990 11622 11324 12377 11825 11587 11862 11973 11582 11649 12039 11831 11999 11788 11917 11572 11637 11933 11646 11808 10941 12295 11564 11819 11700 12075 11473 11815 11647 11528 11790 11983 11838 11784 11699 11066 12107 11303 11210 12431 11774 11669 12248 11289 12276 11705 11716 11631 12087 11047 11750 11620 11935 11050 11622 11748 11147 12644 11670 12068 12009 11971 11716 12173 11887 12199 11433 12145 12235 11505 12020 12048 11693 11380 11753 12236 11739 12057 11462 11559 11788 11691 11873 11699 11687 11911 12202 11747 11855 11941 11747 11603 11696 12144 11896 11990 11844 11472 11193 11950 11386 11632 11242 11491 11610 11206 11675 11266 11818 11409 11741 12076 11743 11571 11718 12434 12155 12250 11341 11890 11172 11294 12631 11538 11818 11726 12389 11888 11023 11298 11919 11889 11741 11401 11331 11831 11760 12281 11844 11854 12101 11084 11740 11811 11351 11674 11906 12167 11594 12159 11299 11754 11878 12425 11624 11665 11755 11762 11388 12128 11691 11656 11868 11316 11017 11720 12024 11070 11937 11821 12188 11905 12699 12172 11368 11133 12217 11700 11893 12134 12324 11691 11515 12242 11832 11648 11499 11994 11578 11289 11965 11727 11942 12074 12206 11950 11491 12216 12249 12016 12202 11395 11820 12166 11405 12171 11834 12143 11855 11268 11925 11159 11421 11586 11839 12312 11738 11321 12069 11823 12640 11887 12091 11801 11724 12036 11417 11362 11210 12021 11894 11998 11975 11789 11320 12106 12332 12242 11597 11929 11985 11694 12334 11902 11503 12046 12072 11927 11951 11097 11619 12096 12178 11664 11915 11722 11433 12002 11673 11624 11993 12376 11941 11916 12124 11902 11869 11985 12179 12487 12007 12564 12554 11617 11403 11889 11954 12287 11837 11330 12177 11908 11851 11660 11532 11365 12343 11831 12025 11561 12132 11680 11267 11055 11813 11660 11344 11452 11615 11765 11852 12548 12000 11451 12205 12291 12009 11670 12350 11931 12110 11838 11636 11531 11789 12145 12933 11991
11838 11630 11781 12213 11561 11671 12134 12102 11720 11252 11424 11366 11624 11823 11565 11770 11774 11623 11446 11103 11650 12241 11981 12060 11867 11895 11471 12123 11752 11484 11558 11813 12098 11604 11516 10796 11251 11546 12366 10965 11979 11896 11614 11867 12361 12338 11257 11320 12171 11658 12257 11545 11802 11285 12071 11808 11712 12358 11510 11711 11970 11794 11775 11442 11821 11591 10998 11121 12127 11959 11687 11803 11446 12350 11916 12195 11325 11821 11759 11531 11329 11545 12046 11291 11301 11989 11564 11334 12337 11717 11451 11373 12145 12244 12156 11768 11655 11785 11929 12136 11834 11789 11080 12300 11464 11464 11611 12000 11575 11488 11178 11611 12075 12197 11687 11494 11468 11054 12009 11907 11187 12023 12151 11766 11901 11512 12084 11346 11724 11665 12247 11226 11669 11533 11855 11120 11724 11318 11438 12613 11936 12161 11886 11958 11679 12002 11511 12285 11512 12135 12111 11110 12171 11860 11548 11250 11476 11882 12010 11849 11541 11665 11835 12011 11988 11547 11412 12084 11920 12311 11781 11592 11465 11917 11199 11657 12013 11785 11340 10989 11554 11564 11601 11756 11618 11412 11225 11303 11771 11112 11734 11607 11442 12184 12048 11612 11959 12377 12139 12456 11642 11834 11133 11766 12418 12023 11786 12145 12370 11827 11303 11248 11734 11292 11678 11280 11509 11711 12074 12224 11578 11867 11861 11230 11822 11618 11510 12171 11303 12202 11644 12203 11176 11864 11517 12595 11708 11532 11551 11673 11539 12067 11537 11441 11590 11844 11332 11800 11765 11554 11819 11791 12355 11814 12219 11919 11382 11017 11996 11219 11678 12214 11767 11539 11742 12212 12035 11885 11554 11904 11822 11210 11983 12263 11863 11818 12130 11536 11849 12200 11724 11804 11934 11497 11833 12046 11199 11742 11992 11902 11780 11016 11839 11236 11732 11570 11886 12084 11080 11385 12167 11897 12222 11979 12128 12128 11341 11832 11404 11482 11574 11827 12218 12077 11637 11673 11559 12521 11899 12034 11925 11731 11926 11858 12027 11627 11596 12008 11855 11746 11632 11109 11648 11952 11829 11556 11749 11962 11595 11865 11547 11688 11893 12164 11755 12281 12219 11565 11748 11989 11975 12213 12083 12646 12152 11758 12030 11848 12127 12092 12119 11564 12349 11818 11993 11694 11241 11609 12236 12292 11728 11452 11945 11710 11390 11180 11913 11117 11112 11424 11479 11145 11853 12115 12312 11281 11787 12096 11994 11617 12388 12267 12334 11665 11302 11425 11585 12155 12629 11837
12369 12703 12439 12961 12004 12303 12662 12477 12546 12403 12022 12213 12550 12349 12607 12405 12433 12194 12306 11487 12538 12649 12441 12637 12032 12706 12271 12361 12397 12206 12487 12513 12678 12348 12221 11523 11408 12105 12708 11503 12622 12518 12007 12755 12859 12420 12275 12049 12690 12460 12572 11867 12247 12023 12901 12544 12368 12663 12122 12497 12191 12665 12518 11878 12650 12763 11708 11848 12766 12568 12300 12682 12334 12559 12928 12961 12326 12717 12484 12310 12753 12239 12547 12015 12021 12678 12094 12081 12597 12366 12076 11834 13043 12945 13014 12644 12538 12223 12528 12704 12591 12831 11640 13068 12122 12185 12161 12358 12505 12132 11746 12405 12217 12479 12419 12171 12133 11625 12748 12045 11684 12708 12632 12185 12425 12131 12584 12378 12420 12217 12730 11686 11844 12369 12632 11811 11983 12315 11911 13378 12278 12948 12609 12664 12575 12724 12408 13028 11955 12709 12628 11971 12522 12413 12503 11974 12297 12453 12529 12396 11846 12259 12396 12252 12871 12352 12307 12787 12701 12651 12653 12362 11954 12450 11871 12413 12834 12557 12425 12024 11997 12145 12432 12203 12351 12255 12021 12005 12220 11790 12247 12005 12375 12747 12252 12086 12360 13085 12465 12704 12030 12570 11864 12167 12945 12266 12534 12784 12688 12408 11975 11849 12382 12309 12263 11822 12089 12145 12697 12455 12387 12509 12595 12029 12382 12043 11860 12571 12386 13065 12523 12679 11779 12667 12240 12940 12223 12048 12352 12507 12133 12786 12177 11887 12399 12419 11696 12391 12576 12278 12704 12728 12688 12420 13364 12775 11846 12139 12732 12356 12372 12574 12733 12087 12058 12839 12557 11960 11928 12545 12439 11682 12729 12744 12605 12843 12702 12327 12307 12786 12311 12390 12430 11874 12213 12917 11483 12694 12997 12362 12800 11919 12528 11817 12624 12191 12991 12876 12026 12059 12804 12349 12621 12590 12739 12693 12363 12327 12425 12099 11769 12565 12672 12577 12426 12269 12048 12954 12696 12569 12524 12602 13003 12335 12412 12547 12124 12682 12533 12389 12432 11770 11935 12697 12631 11988 12589 12690 11837 12500 12061 12499 12238 12669 12815 13014 13095 11933 12220 12669 12641 12841 13054 13185 12956 12168 12106 12088 12349 12586 12404 12286 12508 12510 12422 12051 12230 12133 12727 12683 12891 12323 12670 12477 11978 11871 12186 11757 11767 12030 12141 12228 12188 12797 12830 11896 12571 12786 12751 12085 13267 12701 12617 12453 12180 12096 11974 12798 13516 12404
12210 12164 12321 12726 11642 11857 12327 12411 12145 11854 11660 11636 12325 11917 12348 12189 12346 12276 12153 11538 12507 12460 12347 12371 12204 12537 12353 12169 12162 11782 12151 12194 12596 11652 11789 11365 11297 11914 12255 11697 12191 12553 11686 12489 12835 12018 11802 11737 12804 12060 12274 11830 11765 11467 12359 12375 12366 12250 12035 12022 12408 12490 12540 11879 11912 12298 11694 11406 12500 12206 11938 12483 11805 12597 12774 12720 11801 12527 12117 11718 12017 11871 12372 11891 11793 12467 11704 12032 12240 12448 11775 11870 12379 12547 12858 12433 12232 12035 12372 12439 12155 12373 11367 12624 11802 12052 12349 12059 11911 11862 11827 12091 12009 12380 12304 12070 11921 11380 12341 11695 11483 12853 12325 11816 12294 11559 12571 12020 11851 12212 12430 11872 11769 12055 11998 11231 11722 12225 11528 12867 12085 12462 12214 12407 12103 12683 11993 12570 11777 12680 12632 12099 12223 12513 11944 11976 12014 12421 12693 12208 11883 11693 12341 12098 12648 12308 12294 12548 12528 12291 12355 12446 11652 12051 11770 12468 11916 12315 11841 11756 11770 12142 11966 11971 11944 11567 11777 11769 12265 11989 11947 11982 11749 12389 12438 11880 12279 12946 12597 12465 12064 12244 11812 11999 12426 12193 12465 12278 12411 12438 11466 11674 11935 12029 12217 11158 11730 12148 12450 12434 11852 12121 12612 11804 12455 12485 11658 12045 12165 12619 12130 12501 11526 12079 12197 12628 11936 12153 12254 12121 11749 12396 12094 11728 12100 11919 11572 12018 12060 12047 12181 12680 12327 12139 12831 12672 11365 11651 12558 11734 11969 12513 12612 11804 11836 12552 12358 11731 11964 12337 12313 11540 12128 12274 11795 12456 12846 12119 11999 12494 12114 12397 12072 12274 12343 12636 11800 12392 12348 12477 12448 11651 11997 11910 11984 12032 12499 12507 11777 11713 12615 11798 12734 12234 12597 12571 12013 12366 11756 11550 11818 12194 11981 12117 12325 11903 12118 12541 12323 12200 12091 12371 11984 11888 12768 12394 11879 12356 12096 11702 12560 11691 11766 12680 12457 12182 12029 12269 11922 12226 11988 12100 12051 12650 12352 12640 12439 12037 12328 12338 12480 12355 12173 12953 12358 12008 11923 11938 12303 12228 12411 11998 12316 12344 12351 11483 12262 11600 12296 12239 12144 11980 12353 12390 11646 11580 12056 11719 11581 11983 11919 12194 12247 12735 12575 11840 12653 12591 12423 11924 12571 12277 12557 12126 12192 11715 12415 12708 13137 12509
12342 12100 12248 12741 12057 11778 12548 12561 12495 12057 11930 11571 12111 11771 12372 12288 12286 12080 12386 11400 12000 12548 12637 12667 12381 12151 11906 12358 12154 11805 11955 12334 12803 12269 11920 11382 11854 12412 12801 11622 12515 12324 12253 12568 13028 12444 11951 11834 12669 12021 12692 12263 11833 11865 12616 11822 12006 12452 11967 12226 12641 12301 12278 12191 12170 12349 11557 11508 12227 12430 12260 12166 11504 12664 12631 12625 12072 12574 12105 11980 12287 11891 12478 12097 12015 12367 11811 11946 12403 12618 11896 11875 12659 12502 12904 12480 12021 11902 12625 12551 12042 12426 11537 12628 11909 12356 12134 12119 12332 11741 11509 12236 12093 12615 12178 12058 11973 11518 12753 12139 11452 12695 12241 12146 12473 11741 12703 12049 12174 12290 12414 11544 11885 12335 12297 11466 12219 12136 11997 13165 12061 12898 12394 12272 12246 13001 12588 12505 11753 12352 12515 12126 12177 12182 11906 11830 12225 12401 12465 12372 12089 11845 12042 12196 12582 12319 12387 12707 12759 12161 12515 12257 11658 12269 12022 12569 12519 12664 11752 11679 11830 11819 11915 11985 11867 12080 12038 11535 12261 11783 12488 11786 11963 12674 12503 11927 12348 12803 12706 12618 12062 12193 11996 11970 12872 12409 12618 12680 12720 12362 11492 11453 12403 11628 12322 11623 11802 12260 12474 12542 12069 12320 12500 12224 12095 12391 11870 12093 12252 12884 12263 12388 11716 12126 12054 12912 12060 12100 12416 12029 11874 12585 12198 12019 11866 11943 11577 12221 11922 11734 12186 12211 12645 12179 12681 13008 11720 11843 12398 12253 12439 12557 12456 12015 11964 12745 12407 11957 11996 12524 12406 11621 12366 12246 12139 12606 12361 11977 12363 13017 12247 12285 12288 11914 12340 12384 11690 12666 12455 12496 12546 11909 12239 11999 12201 11900 12285 12853 11726 12026 12786 12199 12880 12503 12805 12330 12022 12313 12058 11897 11914 11996 12360 12233 12345 11990 11771 12711 12358 12498 11821 12106 12304 12506 12647 12608 12208 12475 12273 11732 12048 11656 11596 12423 12693 12035 12045 12402 12107 12300 12171 12163 12275 12535 12384 12634 12484 12101 12397 12282 12488 12652 12258 12999 12576 11831 12011 11890 12316 12453 12231 12123 12494 12315 12358 11930 12082 11785 12760 12347 12249 12081 12284 12224 11518 11507 12250 12164 11604 11968 12222 12013 12449 12734 12306 11765 12418 12778 12701 12131 12728 12265 12298 12091 12269 11805 11923 12735 13254 12271
12517 12054 12127 12628 11715 12388 12179 12622 12297 12418 11916 11831 12136 11914 12595 12665 12110 12200 12338 11558 12283 12492 12437 12893 12253 12619 12191 12242 12168 11812 12050 12267 12753 12083 12040 11155 11728 12429 12603 11765 12510 12089 12089 12338 13035 12663 12251 11910 12634 12002 12742 11933 12039 12278 12609 12131 12001 12469 11948 12579 12247 12607 12473 11902 12280 12256 11679 11560 12528 12153 12331 12521 11833 12792 12347 12611 12074 12519 12176 12504 12456 11860 12267 11911 11951 12338 11934 12096 12714 12284 11914 12016 12917 12801 12720 12444 12384 12192 12573 12430 12148 12504 11508 12875 12067 12226 12085 12230 12462 11815 11533 12371 12155 12808 12577 12161 11717 11562 12414 11811 11774 12652 12178 12325 12503 11630 12530 11729 12311 12206 12482 11450 11781 12231 12382 11717 11875 12094 11899 13241 12092 12930 12236 12334 12070 12721 12201 12740 11907 12795 12496 11809 12826 12438 11959 11850 12256 12576 12193 12690 11964 11677 12106 12187 12151 12153 12079 12657 12638 12393 12490 12550 12355 12070 12083 12286 12761 12558 11659 11952 11869 12267 12020 11808 12025 12104 11635 11811 12221 11733 12172 12007 12027 12731 12263 12328 12504 12640 12788 12739 11902 12469 11584 11976 13019 12345 12376 12729 12793 12465 11851 11685 12498 12251 12326 11806 11935 12073 12392 12802 12158 12379 12199 11637 12369 12052 11790 12416 12179 12711 12110 12764 11894 12486 12448 12854 12173 12185 12285 12083 12094 12215 12119 11855 12189 11935 11625 12242 12501 11851 12425 12585 12410 12521 12973 13019 11731 11644 12478 12198 12566 12694 12533 12146 11941 12499 12550 11967 11797 12827 12423 11822 12342 12361 12279 12482 12765 11601 12473 13047 12111 12242 12733 12278 12429 12492 11983 12379 12592 12573 12543 11831 12307 11695 12216 11869 12712 12387 12104 12049 12674 12531 12540 12555 12723 12397 12046 12375 11869 11955 11601 12212 12381 12052 12530 12518 11846 13022 12776 12383 12037 12156 12528 12379 12153 12156 11991 12361 12678 12139 12520 11782 11941 12539 12139 12079 12184 12473 12003 12395 12218 12271 12700 12565 12581 12781 12803 12223 12485 12504 12392 12500 12462 13072 12690 12267 12175 12338 12169 12376 12124 12230 12357 12086 12446 12218 12037 12182 12748 12491 12209 12198 12442 12193 11667 11558 11989 11832 11790 11965 11956 12095 12331 12618 12702 11830 12665 12853 12393 12194 12830 12270 12653 11974 12035 11893 12032 12995 13075 12553
11523 11733 11623 11892 11625 11443 11862 11897 11558 11443 11606 11028 11731 11349 11630 11675 11702 11403 11486 10864 11627 11641 11667 12192 11873 11870 11497 11983 11808 11336 11558 11731 11727 11560 11260 10939 11093 11566 11678 11031 11945 11418 11503 11632 12612 11771 11562 11096 12183 11167 12000 11470 11627 11189 11823 11824 11579 12226 11428 11688 11652 11679 11745 11375 11624 11622 11079 10910 12090 11795 11586 11638 11293 11998 12081 12015 11428 12080 12013 11317 11522 11521 12062 11657 11487 11899 11433 11415 11997 11738 11704 11422 11873 11765 11930 11779 11966 11316 11562 11789 11584 11451 11209 12158 11337 11726 11793 11674 11380 11419 11273 11559 11544 11920 11507 11613 11569 10727 12010 11618 11121 12162 11758 11814 11568 11448 12052 11057 11583 11525 11782 11247 11137 11657 11672 10905 11793 11835 11253 12743 11577 11963 11601 11954 11760 12229 11690 12244 11156 12050 11829 11415 12112 11847 11666 11428 11456 12144 11943 11858 11410 11102 11497 11635 12137 11494 11537 12228 12263 11846 11872 11878 11202 11794 11571 12050 11618 11824 11450 11306 11167 11858 11457 11363 11394 11363 11333 10907 11397 11177 11709 11570 11282 11861 11494 11592 11576 12076 11566 12524 11612 11498 11186 11367 12559 11556 12111 11892 12129 11686 11405 11083 11216 11557 11897 11381 11018 11627 11978 11897 11537 11513 11930 11312 12086 11725 11314 11810 11613 12389 11716 12221 11337 11678 11339 12199 11589 11986 11631 11814 11237 12097 11236 11250 11415 11531 10919 11265 11795 11392 11802 11937 12052 11501 12157 11857 11325 11265 11542 11404 11730 11954 11817 11797 11276 12033 11962 11229 11191 11844 11806 11107 11900 11866 11648 11646 12393 11657 11552 12203 11866 11672 12035 11424 11558 11787 11128 11713 11944 11859 11834 10991 11696 11295 11631 11212 12132 12243 11176 11721 11790 11307 12332 11837 11740 12019 11672 12069 11733 11369 11388 11579 11841 11937 11622 11492 11355 12517 12084 12031 11436 11749 11682 11738 11682 11820 11326 11893 11870 11665 11848 10948 11324 11693 12200 11214 11832 11771 11376 11837 11469 11828 11570 12040 11596 12076 12133 11446 11852 11700 11902 12074 12051 12364 12126 11706 11706 11263 11682 11762 11809 11447 11976 11831 11830 11601 11337 11421 12008 11872 11854 11321 11825 11994 11163 11248 11879 11158 11349 11244 11551 11564 11455 12170 12081 11197 11978 12130 11914 11483 12059 11886 12264 11734 11462 11583 11444 12116 12811 11962
11644 11587 11793 12422 11659 11453 11787 12007 11870 11438 11431 11866 11867 11461 12047 12016 11947 11504 11435 11052 11734 11966 12355 12296 11781 12066 11543 11786 11841 11428 11707 12005 12134 11576 11577 11042 11437 11800 11858 11765 11904 11860 11652 12111 12675 11909 11562 11614 12386 11546 12132 11905 11745 11160 12244 11773 11505 12115 11477 12030 11933 11898 11672 11621 11838 11805 11132 11263 12048 11741 11661 11673 11417 12332 12163 12387 11970 12044 11781 11589 11909 11525 11809 11604 11527 12082 11455 11526 12086 11898 11561 11514 12383 12281 12208 12235 11933 11895 11936 12012 11493 11882 11004 12633 11568 11908 11945 11680 11802 11584 11219 11918 11774 12339 11807 11749 11456 11125 12117 11391 11038 11999 11743 11664 12174 11378 12158 11388 11853 11293 11733 11297 11633 11637 11885 11365 11514 11611 11646 12533 11879 12288 11407 12038 11758 12283 11730 12263 11521 12344 11837 11532 12203 12037 11765 11320 11525 12025 11944 11814 11848 11493 11835 11712 11840 11749 11691 12069 12557 11936 12228 11999 11830 12015 11604 12098 11980 11775 11527 11542 11362 11737 11432 11454 11724 11493 11342 11334 12022 11461 11675 11418 11281 12071 11923 11831 11989 12387 12171 12553 11655 11953 11399 11411 12395 11938 12256 12249 12034 12043 11171 11491 12088 11767 11776 11603 11313 11600 11652 12291 11412 11647 12079 11427 12153 11801 11356 12105 11758 12550 11633 12287 11423 12294 11800 12199 11893 11670 11701 12000 11379 12234 11906 11425 11913 12094 11341 11486 11686 11641 11967 11955 12130 11899 12340 12339 11316 11268 11819 11621 11945 12044 11866 11577 11692 11996 12164 11382 11677 12237 11838 11446 11753 11721 12143 11900 12623 11816 11693 12422 11801 12350 12182 11314 11575 12005 11234 11877 12198 12093 12074 11221 12024 11656 11601 11428 12123 12039 11612 11345 11969 11970 12391 11939 12154 12106 11482 11758 11584 11493 11765 12141 12312 11708 11967 11756 11498 12302 12399 11776 11885 11906 11981 11891 12143 11665 11728 11982 11925 11792 12161 11442 11349 12044 12412 11686 12157 11848 11425 11612 11879 11590 12092 12429 11928 12307 12351 11947 11687 12069 12258 12361 11795 12722 12189 11374 11766 11735 11510 11863 11903 11433 12055 11684 11793 11912 11794 11376 12046 12033 12000 11575 11619 11870 11216 11160 11772 11574 11014 11563 11741 11634 11809 12232 12087 11137 12196 12324 11784 11460 12522 11932 12039 11988 11501 11577 11770 12288 12661 12126
12417 12439 11951 12857 11919 12334 12545 12738 12411 12113 11957 11942 12286 12021 12486 12646 12507 11895 12414 11652 12278 12832 12471 12713 12488 12539 12257 12235 12834 11921 12223 12480 12920 12148 12127 11389 11545 12413 12755 12161 12757 12406 12000 12663 13090 12622 12090 12019 12874 12195 12865 12059 11967 11975 13194 12248 12331 12933 12403 12513 12643 12687 12566 12204 12528 12504 11705 11522 12721 12616 12470 12501 12173 12827 12662 12815 12346 12794 12447 11892 12336 11955 12600 12462 11923 12707 12290 12126 13099 12437 12193 11856 12925 12811 12779 12445 12290 12665 12451 12775 12336 12666 11421 12791 11864 12446 12555 12358 12537 12106 11728 12467 12429 12537 12541 12109 12094 11493 12622 12019 11786 12953 12439 12374 12693 12270 12663 11946 12080 12237 12680 11992 12265 12267 12336 11613 12279 12272 12106 13575 12269 12955 12446 12559 12304 12968 12161 12723 11938 12793 12683 12102 12537 12395 12388 12381 12165 12675 12718 12380 12071 11960 12405 12225 12596 12515 12265 12701 12573 12598 12479 12501 11968 12399 11825 12763 12722 12795 11840 11818 12072 12435 11974 11802 12372 12219 12061 11650 12375 12142 12313 11935 12111 12749 12433 12303 12218 12964 12645 13057 12400 12629 11905 12225 12971 12086 12793 12501 12809 12490 11791 11815 12628 12326 12492 11932 12042 12169 12581 12719 12091 12642 12497 11581 12487 12103 12137 12543 12334 13139 12565 12586 11775 12665 12028 13106 12264 12256 12241 12389 12065 12742 12183 12005 12313 11785 11786 12461 12319 12059 12727 12779 12723 12218 13051 12707 11897 12280 12493 12069 12316 12577 12640 12048 12254 12869 12459 12281 12075 12788 12445 11603 12573 12687 12400 12732 12695 12198 12402 12692 12600 12766 12476 11846 12498 12831 11972 12389 12362 12733 12537 11488 12444 12123 12366 12509 12290 12686 12052 12132 12443 12446 13266 12599 12712 12887 12107 12713 12102 12031 11958 12622 12374 12365 12423 12340 11740 13038 12673 12835 12390 12406 12715 12388 12658 12587 11854 12873 12731 12036 12667 11958 12248 12382 12597 12413 12525 12379 12352 12259 12344 12348 12427 12803 12367 12964 12869 12332 12647 12379 12577 12540 12709 13205 12984 12446 12605 12182 12448 12632 12402 12102 12824 12168 12574 12207 12112 12094 12846 12489 12770 12090 12708 12781 12226 11458 12323 12001 12083 11890 12124 11969 12332 12604 13243 11943 12758 12881 12511 11999 13043 12562 12360 12428 12149 11711 12061 12545 13239 12464
11758 12135 11620 12257 11398 11745 12167 11971 11822 11210 11361 11159 11744 11881 12052 11929 11841 11364 11403 10860 11523 11838 12016 12031 11567 11898 11584 11581 11830 11277 11575 11893 12061 11412 11216 10786 11118 11734 12017 11021 12048 11789 11523 11902 12336 11743 11374 11322 12178 11396 12124 11656 11230 11406 12049 11796 12063 12231 11503 11672 11680 11690 11615 11403 11207 11813 10981 10973 11725 11981 11115 11872 11399 12031 11944 11885 11627 12036 11420 11594 11727 11382 11999 11268 10950 11953 11218 11320 12151 11735 11655 11429 12113 12265 12272 11843 11670 11839 11592 12154 11568 11656 11171 12156 11367 11797 11413 11896 12244 11663 11340 11901 11430 12238 11877 11512 11346 11052 11620 11514 11013 12228 12000 11651 11702 11203 11847 11397 11133 11815 11923 11215 11363 11549 11635 10975 11547 11539 11353 12512 11716 12009 12107 11831 11392 11831 11696 12122 11187 11984 11928 11204 11856 11614 11604 11369 11594 11936 11710 11674 11689 11041 11907 11789 12072 11706 11741 12056 11886 11791 11714 11754 11705 11906 11348 11398 12094 11880 10922 11559 11317 11428 11451 11425 11591 11269 11089 11314 11328 11328 11538 11277 11381 11928 11543 11614 11773 11559 12105 11936 11501 11965 11213 11288 12179 11620 11992 11857 12229 12065 11141 11321 11707 11737 11905 11264 10759 11639 11632 11830 11240 11604 11666 11080 11695 11674 11207 11831 11411 12144 11545 11955 11018 11881 11836 12375 11235 11514 11923 11317 11308 12021 11425 11135 11593 11661 11156 11523 11559 11530 11697 12337 11967 11847 11958 11998 11055 11189 11640 11595 11954 12338 11813 11439 11477 12297 12117 11313 11767 11979 11573 11122 11496 11839 11802 11629 12434 11416 11702 12344 11541 11862 12196 11789 11615 11915 11269 11822 11966 11916 11803 11211 11823 11065 11381 11228 11926 11711 11714 11413 12168 11669 12155 11933 11962 11784 11550 11780 11894 11400 11358 11905 11693 11725 11643 11667 11525 11719 11940 11914 11172 11741 11866 11500 12130 11653 11127 11760 11798 11485 11792 11003 11462 12231 11902 11494 11672 11838 11413 11324 11617 11592 11926 11781 11532 12057 12109 11613 12077 11606 11924 11995 11670 12557 11887 11805 11775 11314 11521 12035 11471 11493 11709 11690 11792 11487 11388 11484 12039 11744 11699 11481 11613 11683 11060 11084 11689 11138 11077 11233 11205 11492 12041 11667 12192 10979 11691 12295 11736 11821 12224 11986 11661 11622 11600 11323 11527 12178 12798 11919
12286 12281 11610 12330 11867 11614 12113 12167 12410 11688 11418 11478 12062 11778 11840 11692 12123 11448 11997 10988 11863 12156 12116 12436 11793 12314 12017 11770 11796 11755 11595 12150 12515 11863 11410 11101 11445 12289 11979 11735 12240 12207 11849 12011 12436 12258 11762 11612 12418 11589 12327 11746 11935 11729 12342 11820 12108 12407 11608 12106 12147 11943 12287 11906 12134 11949 11322 11027 12156 12035 11693 12064 11390 12287 12240 12500 11395 12106 12007 11855 11784 11784 12222 11533 11554 12008 11272 11469 12325 11762 11493 11461 12440 12082 12404 12058 12215 11534 12199 12084 11608 12108 11246 12559 11653 12054 11994 11919 11631 11628 11483 12054 12161 12233 11606 11910 11711 11342 12040 11458 11368 12354 12309 11897 12355 11735 12420 11724 11937 11608 12213 11437 11546 11777 11717 11325 11689 11815 11785 12910 12063 12160 12436 12233 11917 12129 12046 12215 11372 12001 11850 11583 12318 11800 11876 11711 11659 12527 12434 12129 11593 11365 11844 11922 12383 11898 11765 12483 12226 12014 11795 12123 11529 11943 11516 12427 11964 12474 11088 11332 11575 11548 11799 12019 11869 11442 11487 11428 11646 11428 12113 11716 11549 12316 12042 11759 12108 12480 12128 12454 11739 11770 11548 11628 12438 11841 12306 12457 12485 12033 11364 11424 12173 12135 11976 11310 11076 11755 12304 12350 11824 11956 12018 11429 11783 11873 11367 11853 11986 12507 11857 11920 11630 12065 11802 12247 11747 11786 12180 11978 11663 11810 11866 11690 11766 11909 11432 11779 11832 11657 12154 12285 12500 11973 12625 12073 11238 11338 12080 11883 12217 12490 11744 11647 11879 11957 12301 11513 11722 12391 11776 11324 11940 12224 11859 12023 12370 11824 11563 12464 12196 11843 12010 11895 12084 12221 11225 12006 11942 12008 11900 11562 11816 11327 12269 11602 12169 12383 11499 11843 12164 11877 12776 11758 12453 12174 11739 11771 11544 11574 11736 11825 12175 12247 11835 11923 11772 12503 12532 12199 11882 11927 12114 12246 12412 12027 11612 12078 12112 11697 12054 11095 11768 12327 12372 11618 12003 12246 11604 11933 12041 12013 12290 12308 12174 12469 12623 11926 12045 12171 12286 12362 12142 12939 12327 11830 11843 11716 11989 12282 12023 11638 12079 11595 11732 11808 11399 11666 12444 12072 12080 11534 11883 12101 11432 11281 11908 11425 11433 11539 11657 11784 11851 12495 12265 11672 12193 12621 12113 11770 12496 12034 11928 11955 11545 11577 11684 12182 12880 12185
11814 12174 11450 11998 11093 11630 12196 11682 11669 11709 11265 11249 11531 11274 12146 11584 11886 11418 12028 10917 11713 12071 11970 12011 11893 12054 11783 11459 11786 11208 11877 11827 12069 11519 11199 10792 11038 11685 12148 11183 12044 12043 11074 11735 12497 11919 11690 11066 12029 11406 11876 11467 11328 11345 12240 11613 11813 12183 11498 11854 11618 11661 11877 11295 11878 11536 11025 10950 11750 12069 11646 11699 11233 12094 11899 11978 11276 11588 11842 11294 11995 11455 11909 11345 11124 11935 11288 11517 11998 11486 11068 11369 12085 12115 12217 11574 11629 11245 11815 11636 11388 11848 10490 12072 11604 11750 11308 11491 11794 11226 11190 11780 11458 11903 11615 11221 11300 10997 11814 11185 11206 12189 11822 11664 11784 10975 11891 11246 11408 11472 11748 11142 11543 11570 11358 10891 11125 11430 11032 12195 11803 12098 12146 11622 11687 12036 11714 12144 11212 11898 11699 11135 11673 11646 11547 11484 11224 11712 11994 11623 11498 11388 11694 11451 12319 11747 11463 12151 12301 11674 11955 11597 11144 11698 11208 11841 11815 11942 11450 11226 11245 11142 11663 11498 11626 11558 11271 11343 11340 11018 11665 11257 11651 12125 11876 11784 11607 12425 11907 12226 11717 12036 11339 11827 12213 11700 12092 12450 12026 11903 11252 11085 11749 11704 11850 11507 11273 11651 11922 12139 11404 11584 11658 11108 11810 11630 10948 11614 12194 12122 11805 11937 11067 11721 11479 12015 11270 11469 11619 11736 11464 12027 11695 11218 11634 11639 11017 11405 11455 11387 11772 11779 11598 11478 12234 11995 11076 10878 11493 11429 11740 12149 11799 11611 11229 11978 12081 11403 11120 11590 11311 11097 11833 11995 11746 11794 11662 11443 11690 11923 11637 11986 11777 11392 11557 11908 11306 11675 11549 12005 11739 11191 11879 11162 11863 11376 12084 11727 11187 11392 12036 11606 11962 11681 11811 11971 11443 11454 11314 11317 11199 11513 11409 11785 11482 11740 11516 11932 11840 11938 11572 11585 11716 11615 11936 11748 11523 11690 11819 11337 11683 11024 11146 11895 11847 11425 11652 11919 11478 11756 11529 11766 11659 12141 11733 12230 12181 11349 11789 11856 11827 12018 11797 12663 11949 11464 11799 11451 11452 11826 12112 11563 12120 11455 12088 11029 11307 11505 12208 11842 11646 11382 11331 11608 11454 11318 11638 11326 11083 11221 11307 11542 11763 12245 12460 11055 11812 12108 12048 11593 12523 11923 11799 11559 11389 11563 11483 12092 12595 11842
11676 12182 11996 12002 11265 11829 11946 11986 11968 11791 11424 11475 11600 11583 11643 12000 11914 11554 11730 11297 11698 12135 12067 12227 11925 12131 11833 11911 11894 10996 11744 11812 12113 11833 11532 11169 11467 11836 12233 11603 12287 11757 11641 11973 12472 11943 11367 11581 12143 11469 12338 11492 11414 11491 12044 11786 11923 12341 11315 12076 11729 11827 11920 11256 12027 11985 11281 11330 12229 11969 11812 11846 11686 12378 12087 12393 11231 12209 12018 11619 11795 11770 12147 11717 11636 12238 11457 11344 12182 11791 11688 11509 12071 12017 12187 12162 11669 11826 12331 11886 11919 12006 11106 12038 11706 11833 11628 12170 11797 11580 11226 11654 11520 12110 11716 11614 11539 11131 12193 11608 11452 12245 12114 11896 11862 11225 11861 11807 11700 11900 12087 11375 11707 11768 11897 11365 11641 11530 11324 12698 11833 12189 12293 12201 11780 12354 11944 12306 11465 12367 11968 11632 11980 12056 11642 11542 11846 12006 11691 11627 11543 11513 11769 12004 12088 11865 11513 12255 12203 11952 11816 11976 11551 11636 11478 11966 12312 11755 11454 11403 11466 11794 11614 11503 11392 11510 11254 11402 11702 11208 11962 11259 11727 12104 11740 11758 11825 12455 12178 12071 11738 11874 11309 11494 12595 11903 12121 11966 12120 11720 11205 11344 11886 11595 11882 11309 11505 11523 11882 11847 11317 11874 11793 11314 11837 11854 11480 11929 11503 12316 11714 12214 11509 12003 11758 12532 11676 11727 12039 11806 11995 12112 11848 11565 11808 11667 10982 11724 12103 11453 11906 12404 12094 11953 12306 11928 11254 11469 11839 11550 11999 12296 12103 11541 11820 12189 12122 11557 11863 11935 11839 11381 11736 11997 11599 12024 12399 11594 11742 12118 11792 11968 12237 11574 11973 12162 11299 11762 11906 11678 11925 11215 11807 11314 11872 11739 12166 11892 11916 11283 11914 11919 12567 11847 12059 12296 11650 11613 11337 11276 11392 11910 11759 11985 12099 11739 11435 12293 12169 12179 11372 11856 12026 11928 12322 12162 11564 11791 12257 11509 11883 11015 11664 11948 12277 11560 11720 11915 11787 11934 11772 11957 11733 12455 11835 12277 12436 11744 11803 12044 12152 12192 12225 12434 12175 11731 11816 11884 11981 12140 11736 11615 12290 11848 12047 12010 11557 11521 12014 11804 12189 11410 12090 11847 11478 11255 11711 11568 11050 11659 11505 11665 11833 11914 12164 11368 12163 12166 12116 11488 12524 11770 12193 11652 11796 11292 11484 12126 12658 11923
12117 12050 11871 12392 11270 11519 11995 11972 12053 11835 11520 11692 12138 11704 12232 11926 12263 11320 12076 10922 12009 12180 12636 12461 12283 12023 11908 11810 12254 11404 12231 11844 12455 11891 11866 10965 11325 11691 12381 11438 12163 12155 11831 12118 12566 12167 11647 11752 12288 11519 12272 11967 11766 11636 12425 12086 12179 12582 12076 12291 11990 12123 12149 11511 12123 11954 11499 11253 12099 11866 11915 11970 11680 12412 12366 12394 11676 12001 12053 11596 12086 11977 12301 11518 11489 12108 11478 11339 12391 11925 11513 11519 12342 12219 12660 11855 11911 11782 12328 12484 11729 12250 11130 12539 11791 11597 12256 11924 12105 11550 11134 12098 11787 12363 12039 11635 11710 11344 12128 11621 11379 12411 12380 11992 12220 11608 12215 11836 11729 11905 12412 11526 11852 12034 12167 11251 11630 11998 11113 12382 11996 12308 12213 12016 12069 12452 12150 12558 11608 12548 11995 11904 11898 12217 11906 11673 12077 12237 12110 11894 11580 11313 11975 11769 12728 12035 11933 12463 12044 12429 11970 12024 11439 11898 11507 12236 12097 12200 11685 11425 11511 11905 11781 11223 11953 11661 11370 11357 12081 11612 12228 11629 11598 12275 12147 11829 11936 12586 12099 12454 11817 12209 11829 11840 12366 11733 12252 12643 12423 12041 11565 11299 11992 11962 12226 11603 11668 12208 12160 12248 11702 12026 12149 11562 11912 11709 11511 11734 11817 12800 11857 12296 11408 12302 12006 12513 12048 11997 12044 11849 11568 12178 11766 11531 11989 11871 11407 12036 12114 11694 12272 12472 12304 11714 12771 11897 11429 11316 12207 11803 12047 12323 12068 11724 11855 12455 12306 11621 11992 12350 11818 11445 12021 12144 11879 12088 12440 11889 12373 12293 11931 12310 12050 11662 11891 12413 11427 11785 12422 12141 12304 11661 11594 11576 12268 12028 11950 12088 11718 11634 12193 11949 12634 11829 12167 12107 11793 11990 11516 11881 11637 12030 12419 11937 11994 11933 11796 12378 12261 11852 11851 11848 12067 12242 12461 12272 11753 12163 12045 11662 12202 11125 11666 12445 12273 11702 11929 12239 11598 11937 11838 11833 11807 12538 11942 12539 12600 12049 12302 11862 12267 12299 11990 12571 12267 11634 11711 11650 11769 12226 11886 11916 12211 12005 12148 11852 11488 11677 12293 12202 12100 11714 11810 12206 11275 11338 12081 11616 11030 11584 11467 11845 12051 12038 12427 11696 12219 12406 12269 11630 12677 11967 12239 11852 11610 11889 11814 12223 12924 12076
12223 12504 11904 12624 11914 12213 12340 12169 12080 11887 11449 11728 11984 11756 11959 12003 12200 11791 12066 11624 12106 12501 12260 12655 12521 12436 12209 12430 12251 11844 12049 12231 12648 11972 11871 11091 11840 12250 12521 12133 12569 12450 12007 12466 13121 12206 12174 11915 12419 11776 12812 11969 12039 11707 12459 11927 12231 12326 12119 12541 12486 12165 12106 12167 12416 12116 11433 11598 12188 12393 12007 12471 11755 12409 12378 12269 11859 12460 12049 11892 12244 11843 12361 11524 11909 12271 11731 11476 12240 12350 11927 11744 12412 12305 12779 12300 12542 12226 12628 12169 12286 12500 11580 12507 12012 12183 12086 11764 12198 12124 11618 12109 12136 12483 12242 11882 11780 11815 12304 11777 11458 12633 12484 12348 12400 11667 13024 11856 12195 11728 12261 11407 11916 12010 12332 11554 11934 12074 11711 12737 12125 12278 12329 12502 12350 12572 12171 12963 12018 12851 12533 11896 12424 12122 11845 11684 12081 12702 12525 12307 11843 11282 12208 11893 12694 12202 12326 12666 12706 12340 12171 12504 11558 12413 11699 12414 12518 12578 11705 11894 11657 12433 11970 12226 12068 11958 11897 11639 12078 11537 12395 11875 11974 12437 12352 12243 12163 13171 12534 12896 11699 12409 11556 11877 12841 12007 12348 12346 12669 12391 11680 11787 12270 11913 12126 11641 11483 12095 12348 12215 11968 12269 12361 11575 12279 12245 11591 12427 12157 12730 11976 12873 11880 12584 12071 12654 11779 12377 12274 12342 11842 12576 12130 11728 12138 12282 11639 12221 12137 11772 12563 12476 12502 11841 12968 12195 11490 11652 12261 12055 12579 12505 12579 12214 11870 12775 12305 11833 11991 12598 12359 11791 12303 12365 12095 12189 12441 11888 12571 12795 12225 12335 12181 11846 12421 12592 11852 12181 12572 12442 12341 11427 12376 11677 12321 11812 12624 12430 11970 11962 12530 11675 12702 12679 12529 12559 12027 12459 11885 11457 11876 12531 12074 12027 12250 12018 12012 12695 12398 12423 11817 12231 12294 12237 12404 11962 11998 12298 12460 11957 12489 11428 12195 12451 12691 12069 11968 12424 11823 12161 11993 11929 12381 12459 12470 12675 12640 12042 12545 12123 12498 12709 12267 12792 12858 12036 12076 12004 12090 12308 11947 12039 12607 12161 12224 12006 11685 12043 12364 12191 12284 11864 12248 12188 11860 11580 12082 11766 11855 12056 11934 12015 12405 12335 12660 11926 12287 12565 12450 11749 12802 12358 12434 12046 11691 11766 12128 12797 13452 12370
12562 12221 12192 12718 11533 12135 12433 12370 11888 11764 11689 11837 12148 11823 12163 12458 12171 11942 12164 11437 11873 12411 12555 12975 12236 12646 12205 12152 11803 11937 12109 12188 12663 11906 11641 11124 11912 11739 12359 11791 12408 12422 12102 12378 12971 12271 11839 12300 12729 11740 12639 11887 12305 12042 12516 12018 12239 12773 11782 12142 11952 12420 12527 11871 11802 12254 11810 11475 12681 11979 11670 12366 12006 12489 12524 12614 11873 12753 12172 11694 11823 11966 12383 11804 11691 12419 11299 11945 12670 12064 11904 12001 12544 12799 12638 12197 12416 11814 12584 12458 12147 12364 11656 12631 11907 12093 11829 11952 12032 12047 11700 11990 12182 12497 12146 11689 12095 11887 12166 11974 11406 12639 12285 12295 12377 11680 12563 11738 12134 12110 12242 11374 11808 11785 12158 11328 11640 12058 11891 12854 12056 12771 12253 12266 12073 12823 12283 12651 11672 12491 12371 11848 12632 12170 12168 11704 11679 12560 12438 12262 11809 11563 12260 11928 12408 12088 11739 12765 12641 12173 12180 12518 12080 12290 11751 12288 12329 12575 11485 11682 11650 12058 12144 11924 12182 11945 11494 11908 12366 11912 12217 11837 11844 12483 12176 11908 12055 12460 12395 12696 12117 12137 11798 12025 12546 12114 12724 12065 12830 12267 11653 11802 12610 12117 11989 11553 11680 11952 12405 12442 12273 12143 12069 11722 12316 11683 11374 12252 12229 12813 11836 12400 11859 12494 12209 12940 12086 11974 11954 11978 12134 12405 11944 11877 12079 12015 11755 11985 12377 12197 12370 12185 12306 12199 12890 12644 11381 11601 12147 11886 12143 12426 12558 11896 11605 12404 12577 12212 11937 12806 12126 11741 11992 12696 11919 12188 12971 11950 11758 12603 12055 12182 12138 11772 12292 12600 11884 12006 12509 12525 12252 11559 11838 11435 12285 11690 12707 12308 11900 11803 12298 12004 12949 12247 12443 12495 12062 12201 11801 11716 11944 12022 12474 11945 12063 12028 11735 12667 12557 12535 11772 12499 12562 12001 12571 12130 11751 12342 12139 11879 12330 11587 11820 12558 12879 11968 11891 12413 11722 12480 12025 12205 12363 12102 12468 12481 12615 11988 12162 12316 12324 12431 12312 13031 12658 11815 11901 11697 12060 12249 11802 11861 12325 12061 12070 11988 11925 11570 12392 12399 12316 11548 12294 11984 11936 11404 11979 11528 11684 11671 11896 11863 11997 12743 12421 11674 12453 12808 12444 11714 12628 12354 12411 12031 12020 11652 11966 12535 12983 12282
12528 12242 12229 12653 11924 12194 12425 12685 12564 12341 11913 12103 12483 11975 12171 12197 12182 12078 12409 11724 12258 12647 12607 12671 12380 12569 12349 11824 12315 12049 12098 12400 13020 12076 11991 11185 11784 12263 12513 12067 12350 12532 12193 12459 13390 12193 12307 12112 12559 12120 12506 11800 12259 12164 12924 12357 11996 12667 12199 12383 12191 12354 12324 11884 12410 12587 11924 11565 12586 12459 12217 12621 11917 12624 12605 12800 12151 12426 12513 12026 12311 11970 12503 12045 11988 12659 12022 12376 12465 12359 11931 11721 12389 12731 12831 12226 12485 12207 12498 12289 12170 12439 11627 12768 12300 12210 12183 12581 11954 11983 11949 12467 12053 12714 12369 11945 11943 11701 12254 11615 11601 12877 12370 12166 12215 11938 12790 12290 12266 11972 12309 11695 12006 12202 12319 11560 12054 12220 12053 12993 12260 12693 12540 12429 12385 12690 12285 12775 11969 13038 12275 12012 12617 12689 12501 12099 11826 12417 12533 12496 11997 12117 12204 12272 12903 12162 12150 12614 12587 12280 12592 12592 12171 12381 11925 12419 12797 12903 11624 12074 11889 12301 12135 12208 12322 11781 11970 12022 12306 11726 12378 11965 12156 12588 12513 12269 12174 12939 12621 12874 12343 12365 11731 12119 13053 12206 12717 12535 12546 12478 11698 11721 12352 12355 12517 11718 11958 12090 12219 12572 12176 12194 12345 11774 12412 12277 11763 12287 12297 12718 12241 12446 11632 12379 12051 12808 12366 12239 12511 12312 11911 12231 12224 11832 12349 12343 11666 12143 12478 11889 12632 12591 12571 12162 12687 12599 11508 12039 12589 12189 12423 12647 12563 12084 12183 12673 12722 11817 12162 12542 12097 11886 12511 12521 12468 12477 12980 12191 12237 12417 12270 12657 12595 12062 12360 12403 12023 12210 12314 12692 12597 11717 12315 11658 12393 12072 12726 12568 12244 11917 12493 12104 12905 12475 12567 12597 12299 11876 12130 12070 11900 12209 12302 12549 12459 12192 12210 12807 12721 12369 12146 12463 12452 12092 12644 12409 12046 12504 12723 12421 12658 11579 12207 12607 12687 12356 12256 12483 12162 12198 12194 12402 12234 12740 12501 12925 12702 12129 12370 12630 12737 12793 12644 13044 12931 11954 12299 12173 12072 12578 12405 12221 12684 12300 12221 12197 12127 12113 12559 12157 12527 12033 12149 12116 11979 11647 11843 11975 11749 11949 11973 12108 12390 12659 12923 11759 12319 12842 12450 12069 12799 12205 12282 12106 12236 11917 12311 12935 13069 12362
11721 11565 11308 12034 11038 11273 11899 11870 11517 11309 10946 11014 11681 11325 11431 11549 11603 11305 11305 10717 11337 11702 11634 12101 11535 11677 11300 11514 11413 11128 11769 11658 11843 11290 11202 10583 11339 11331 11750 11124 11731 11671 11332 11673 12160 11547 11453 10692 11988 11135 11943 11235 11329 11207 12083 11424 11402 11892 11190 11256 11685 11246 11753 11351 11306 11679 10850 10935 11620 11465 11348 11560 11090 11753 12054 11606 11038 11961 11592 11160 11411 11174 11719 11371 10989 11658 10921 11311 11552 11740 11739 11387 11821 11812 12080 11402 11413 11297 11430 11560 11323 11559 10621 11837 11238 11470 11493 11438 11581 11259 11699 11443 11171 11697 11570 11001 11405 11004 11625 10948 11041 12197 11669 11577 11949 11197 11920 11056 11286 11328 11435 11053 11153 11349 11622 11039 11736 11307 11272 12165 11316 12014 11631 11599 11402 12044 11613 12123 10984 11589 11868 10945 11883 11696 11339 11061 11140 11828 11780 11448 11464 11256 11573 11351 11833 11423 11774 11876 11918 11932 12034 11673 11282 11799 11146 11638 12000 11857 11101 10841 11114 11395 11164 10998 11198 11429 11239 11323 11382 11103 11542 11290 11300 12123 11576 11189 11544 12230 11726 11920 11184 11726 11362 11174 11782 11449 11977 11543 12011 11783 10814 10870 11665 11580 11327 11323 11139 11850 11719 11536 11295 11522 11642 10897 11395 11369 11050 11646 11392 11984 11290 11952 11048 11720 11245 12057 11553 11690 11880 11392 11234 12038 11315 11464 11565 11296 10933 11647 11516 10968 11789 11608 11448 11275 12306 11734 10956 10932 11902 11583 11563 11996 11856 11671 11202 11804 11752 11291 11375 11788 11520 10740 11681 11324 11591 11662 11898 11323 11724 12029 11754 11650 11745 11385 11605 11684 10928 11307 11643 11842 11640 11116 11566 10852 11420 10926 11999 11802 10996 11037 11816 11262 11779 11527 11858 11576 11300 11468 11508 11298 11488 11822 11728 11614 11621 11676 11307 12170 11808 11770 11766 11302 11651 11426 12166 11497 11322 11663 11567 11410 11327 10449 11150 12012 11871 11474 11497 11735 11227 11347 11215 11490 11632 11747 11649 11795 11803 11507 11664 11296 11817 11925 11484 12024 12093 11315 11580 11190 11420 11830 11387 11055 11806 11388 11763 11066 11061 11440 11757 11693 11514 10924 11502 11681 11165 11098 11236 10778 10792 10901 11319 11170 11769 12007 11939 11150 11925 11934 11750 11269 12044 11656 11631 11259 10980 11169 11633 11871 12668 11818
12410 12227 11978 12642 11499 11725 12480 12478 12195 12017 11834 11687 11963 12053 12129 12210 12440 11949 11723 11320 12091 12162 12429 12750 12355 12957 12112 12109 11912 11866 12152 12165 12711 11912 11499 11550 11222 11967 12230 11717 12708 12292 12110 12559 12957 12005 11961 11697 12488 11751 12661 11775 12147 11918 12651 12045 12011 12475 12096 12183 12221 12290 12126 12135 12237 11807 11454 11107 12873 12200 12029 12628 11780 12664 12272 12691 11800 12576 12187 11898 12037 11862 12339 11980 11779 12170 11628 11637 12526 12129 11864 11968 12470 12405 12764 12242 12203 12153 12341 12438 11787 12476 11344 12785 11977 11995 12144 12015 12255 12110 11622 11890 12214 12596 12125 11978 11817 11657 12316 11866 11637 12616 12452 12282 12338 11663 12514 11926 12197 11947 12225 11594 11921 12388 11900 11695 12126 11978 11922 12749 12107 12660 12042 12242 12212 12406 12082 12640 11879 12502 12320 11848 12724 12178 11655 11772 12068 12582 12218 11673 11876 11734 12204 12071 12336 11807 12028 12699 12601 12332 12248 12532 11868 11964 11697 11964 12458 12698 11557 12118 12097 12221 11824 11932 11553 11880 11724 11666 11852 11627 11953 12024 11881 12680 12290 11994 12477 12814 12172 13008 11851 12331 11600 12132 12855 12042 12436 12202 12578 12208 11656 11662 12287 11952 11896 11676 11636 11884 12437 12528 12056 12177 12248 11476 12218 11893 11872 12552 11940 13147 12072 12575 11837 12554 12118 12593 11892 12020 12401 12018 11820 12323 11980 12010 12095 12099 11647 11883 12226 11863 12284 12293 12304 12031 12934 12627 11387 11636 12230 11688 12312 12711 12264 11906 11836 12514 12368 11987 11779 12608 12374 11533 12363 12435 12022 12196 12827 11878 12388 12854 12065 12291 12493 11786 12205 12436 11629 12102 12352 11988 12386 11443 12413 11561 12291 12040 12458 12474 11889 11177 12375 12240 12518 12096 12590 12603 11891 12026 11965 11529 12078 12137 12417 12111 12147 12115 11759 12691 12775 12220 12207 12575 12529 12226 12436 12244 11545 12286 12045 11868 12293 11359 11716 12507 12472 12148 11968 12122 11875 12161 11868 12220 12504 12585 12329 12708 12716 12314 12328 12215 12464 12190 12444 13037 12490 11874 11964 12142 12342 12240 11978 11847 12675 11944 12037 12009 11833 11656 12450 12533 12185 11737 12077 11964 11788 11323 12206 11818 11783 11776 11728 11882 11949 12722 12653 11762 12461 12659 12451 11622 12563 12229 12302 12266 11743 12127 11909 12530 12907 12625
12385 12138 12120 12592 12013 12146 12451 12578 12367 12237 11864 11874 12115 12005 12155 12349 12415 12266 12118 11819 12347 12548 12454 12834 12491 12596 12452 12141 12514 11983 12223 12238 12581 12048 12194 11745 11762 11962 13033 11751 12666 12198 12073 12461 13091 12532 11996 12095 12808 11693 13104 11965 11983 11875 12795 12193 12378 12782 12085 12460 12298 12252 12364 12223 12303 12516 11679 11497 12446 12650 12061 12550 11915 12600 12798 12773 12304 12623 12274 11980 12506 11852 12474 12284 11959 12679 12168 11796 12567 12644 11841 12079 12988 12904 12697 12519 12582 12046 12616 12809 12273 12287 11155 12548 12181 12280 12198 12092 12362 12303 11611 12266 12110 12554 12380 12434 12183 11233 12368 12067 11483 12920 12486 12436 12472 11819 12475 11803 12038 12100 12555 11875 12048 12408 12205 11654 12026 12264 12090 13225 12510 12845 12375 12271 12265 12808 12279 12686 11882 12762 12430 12131 12423 12357 12070 11908 12315 13048 12460 12123 11939 11860 12086 12236 12512 12407 12094 12581 12743 12530 12756 12868 11843 12059 11669 12472 12578 12879 11906 12334 11857 12434 12073 11953 11853 11990 11823 11810 12368 11684 12193 12068 11952 12401 12119 12124 12320 12796 12507 13130 12173 12398 11905 12079 12768 12383 12942 12568 12733 12424 12187 11837 12373 12001 12156 11700 11899 12209 12278 12537 12213 12248 12306 11861 12392 12295 12045 12361 12574 13301 12491 12843 11830 12429 12232 12973 11950 12602 12205 12377 11991 12419 11953 11814 12309 11824 11656 12030 12635 11526 12381 12483 12362 12311 12787 13033 11632 11927 12575 12159 12665 12721 12911 12341 12043 12812 12875 11858 12273 12814 12624 11934 12261 12534 12314 12427 12878 12212 12356 12794 12389 12424 12553 11884 12446 12548 11988 12330 12544 12318 12322 11784 12326 11909 12196 12244 12504 12622 12258 11688 12615 12329 12741 12527 12678 12713 12156 12434 12063 11859 12111 12314 12038 11987 12177 12507 11892 12775 12565 12587 12010 12495 12617 12445 12471 12566 11813 12411 12596 11900 12633 11539 11972 12381 12626 11973 12197 12398 12021 12334 12139 11973 12155 12730 12122 12626 12650 12106 12563 12265 12540 12561 12422 12874 12771 12330 12240 12053 12429 12328 12362 12000 12831 12232 12310 12128 12075 12061 12855 12345 12536 12099 12682 12419 11814 11496 12042 12170 12248 12085 12012 12050 12195 12735 12531 11888 12456 12863 12890 11683 12876 12653 12571 12374 12221 11979 11981 12720 13186 12633
12799 12405 12423 13256 12141 12558 12493 12551 12756 12256 12144 11896 12096 12521 12658 12249 12472 11827 12468 11822 12407 12718 12864 12716 12592 12734 12439 12237 12479 12170 12453 12457 12894 12373 12059 11418 11832 12374 12858 11664 12502 12648 12475 12743 13253 12588 12190 11858 13099 12490 12802 12035 12191 12165 12702 12537 12737 12720 12207 12461 12196 12616 12570 12101 12188 12813 11955 11678 12877 12481 12069 12408 12153 12644 12624 12997 12161 12590 12428 12196 12258 12133 12712 12255 12102 12914 11798 11853 12783 12817 11752 12234 12804 12803 12962 12463 12333 12167 12862 12742 12226 12881 11784 13041 12325 12452 12335 12230 12396 12380 12019 12370 12196 12855 12431 12098 12193 11494 12810 11894 11451 12928 12688 12460 12525 12095 12543 12253 12329 12667 12629 11774 12316 12376 12249 11747 12071 12470 12052 12941 12532 12910 12913 12514 12110 13214 12313 12870 12057 13095 12803 12138 12610 12482 12493 12159 12416 12746 12867 12588 12274 11942 12557 12582 12756 12240 12271 12853 12496 12427 12515 12485 11904 12396 12422 12623 12909 12564 12207 11934 12004 12302 12414 12089 12254 12207 11794 11853 12372 11995 12441 12112 11963 12585 12437 12381 12576 12958 12668 13163 12423 12644 11867 12285 12941 12310 12895 12516 12831 12348 12118 12045 12414 12282 12184 11695 11920 12395 12835 12788 12403 12449 12494 11819 12594 12284 12177 12362 12140 13185 12296 12524 11762 12389 12231 12831 12034 12194 12537 12283 12075 12780 12316 12060 12493 12265 12125 12500 12569 12080 12588 12379 12929 12477 12825 12752 11770 11966 12454 12125 12535 13065 12510 12295 12105 12919 12817 12266 12742 12532 12822 11733 12494 12749 12314 12603 13151 11846 12494 12914 12503 12710 12684 11956 12318 12532 12015 12547 12616 12733 12818 11815 12385 12057 12421 12290 12501 12724 12088 11823 12773 12564 12818 12499 12865 12522 12495 12668 12355 12342 12092 12238 12380 12052 12490 12233 12117 13111 12716 12992 12231 12433 12849 12387 12932 12412 12027 12852 12666 12154 12493 11624 12019 12653 13064 12429 12595 12723 12112 12211 12550 12172 12528 12548 13138 12925 12950 12116 12300 12653 12773 12536 12809 13366 13304 12084 12316 12056 12546 12596 12710 12347 12885 12560 12823 11954 12093 12052 12852 12535 12579 12286 12594 12414 11954 11917 12394 12041 11546 12057 12349 12256 12234 12900 12533 12299 12583 13040 12810 11822 12989 12529 12628 12101 12225 11886 12054 13067 13303 12608
12685 12954 12487 13147 12431 12303 12622 12936 12644 12466 12370 11928 12627 12368 12552 12957 12596 12455 12580 11903 12463 12891 13214 13275 12634 12906 12467 12513 12790 12380 12616 12726 13115 12668 12766 11767 12075 12484 13167 12459 12743 12822 12326 12678 13360 12759 12498 12302 13154 12634 13069 12402 12265 12116 12855 12605 12887 13302 12432 12935 12535 12567 12876 12134 12581 12850 12226 11898 13077 12715 12422 12821 12523 13030 13110 13039 12305 13062 12687 12483 12327 12584 12824 12193 12270 12941 11782 12256 13064 12853 12456 12449 13077 13188 13451 12884 12763 12459 12919 12891 12734 12768 11763 13095 12281 12542 12642 12383 12718 12470 11922 12451 12642 12939 12859 12420 12288 11639 13037 12048 11792 13492 12998 12613 12896 12360 13042 12239 12528 12505 12811 12189 12582 12788 12749 11951 12280 12655 12253 13140 12711 13458 13006 12446 12890 13011 12922 13104 12229 13057 13091 12313 12817 12848 12327 12340 12283 12987 12740 12833 12341 12079 12872 12599 13009 12745 12517 13003 13218 12974 12576 12807 12248 12751 12378 12698 12707 12676 12390 12083 12038 12558 12510 12429 12588 12411 11814 12177 12908 12479 12842 12044 12374 12914 12870 12518 12667 13405 12731 13623 12733 12717 11957 12554 13026 12964 13147 13019 13351 12563 12306 12164 12598 12376 12431 12263 12236 12608 12830 13057 12431 12477 12695 11995 12938 12721 12310 12861 12448 13111 12550 13134 12142 12875 12795 13155 12114 12749 12739 12450 12352 13081 12570 12209 12469 12576 11975 12368 12729 12388 12597 12959 12788 12707 13405 13048 11967 12140 12582 12098 12817 12941 13361 12351 12240 13060 13135 12224 12497 13024 12833 12034 12627 12658 12624 12769 13233 12178 12641 12970 12573 12948 12792 12669 12093 13018 12345 12506 13073 12930 12911 12202 12525 12157 12419 12175 12918 12924 12178 12206 13176 12528 13120 12843 12897 13305 12675 12802 12322 12311 12425 12870 12620 12900 12715 12547 12404 13192 12968 12704 12421 12854 12673 12836 13141 12900 12386 13071 12769 12469 13116 11705 12422 12897 13236 12625 12789 13084 12229 12729 12583 12482 12610 12960 12728 13021 13201 12535 12735 12839 12980 13120 13226 13175 13004 12469 12708 12320 12604 12589 12331 12796 13080 12746 12720 12443 12174 12172 12913 12883 12766 12569 12759 12614 12357 12081 12824 11993 12260 12396 12530 12723 12542 13038 12879 12222 13210 13468 13034 12450 13320 12482 12922 12785 12322 12146 12335 12934 13687 12870
11279 11575 11068 11495 11014 11257 11738 11520 11404 10936 10858 10935 11115 11258 11604 11495 11644 11302 11028 10651 11297 11707 11751 11703 11437 11477 11149 11341 11405 10663 11053 11427 11459 11052 10843 10703 10835 11564 11614 10873 11417 11434 11306 11626 12230 11424 10825 10831 11700 10967 11468 11032 11179 11032 11954 11489 11691 11759 10987 11583 11432 11270 11413 11083 11493 11271 10736 10482 11772 11140 11268 11481 11205 11868 11526 11982 11188 11521 11465 11037 11373 10858 11360 10728 10818 11685 10766 11055 11807 11462 11289 10994 11905 11496 11544 11632 11531 11416 11549 11601 11111 11186 10581 12022 10715 11544 11170 11152 11080 11295 10652 11018 11013 11832 11342 11351 11116 10508 11609 11144 10485 11713 11513 11559 11370 11219 11621 10953 11182 11034 11331 10666 11273 11032 11352 10715 11211 11395 11111 11901 10986 11978 11519 11410 11504 11521 11303 11547 10902 11937 11559 11421 11570 11153 11215 10718 11172 11687 11577 11266 11036 11057 11280 11016 11742 11185 11405 11447 11807 11385 11361 11635 10981 11370 11227 11659 11436 11700 11034 10945 10878 11431 11022 11034 10909 11279 10744 10975 11132 10957 11491 11214 10726 11876 11259 11111 11372 11509 11137 12024 11210 11458 10818 11521 11900 11043 11769 11560 11836 11488 10657 10812 11394 10877 11312 10798 10985 11256 11705 11604 11184 11265 11451 10863 11168 11290 10880 11589 11408 12089 11133 11497 10990 11640 11400 12154 11310 11185 11348 11376 11006 11511 11045 11071 11343 11160 10694 11124 11376 10811 11144 11171 11591 10962 12226 11625 10685 10832 11397 11335 11169 11958 11205 11242 11077 11547 11651 11148 11329 11687 11189 10931 11324 11757 11419 11314 11911 11339 11263 11969 11482 11433 11312 11309 11324 11890 10747 11171 11551 11685 11451 10744 11454 11168 11481 10907 11452 11657 11024 10673 11602 11153 11617 11468 11677 11821 11109 11219 11089 10857 11192 11264 11252 11676 11212 11277 11072 11646 11491 11670 10987 11440 11481 11281 11612 11504 10888 11597 11162 11305 11691 10860 11167 11480 11967 11074 11078 11601 10980 11158 11053 11314 11226 11354 11537 11715 11828 11319 11285 11489 12049 11458 11492 12064 11688 10834 11053 11001 11262 11443 11494 10965 11524 11339 11498 11235 10967 11094 11596 11315 11469 10993 11270 11144 11063 11028 11417 10985 10965 11338 11248 11151 11527 11820 11638 11156 11465 11609 11763 10916 11713 11418 11531 11236 11053 11015 11055 11929 12227 11825
12559 12492 12351 13375 12065 12438 12741 12854 12585 12276 12047 11977 12849 12572 12586 12856 12640 12372 12543 12185 12645 13021 12748 12806 12683 12965 12477 12327 12667 11922 12579 12796 12905 12305 12240 11631 12247 12334 12862 12243 12827 12875 12303 12835 13322 12606 12366 12426 13115 12422 13060 12157 12200 12108 12849 12525 12698 13021 12507 12661 12661 12718 12948 12446 12715 12580 11831 11860 13078 12857 12368 12678 12165 12958 12903 12861 12331 12590 12535 12084 12577 12454 12519 12060 12095 13087 12264 12098 12927 12767 12361 12112 13182 12866 13551 12449 12622 12605 12926 12875 12511 12309 11583 13092 12320 12241 12780 12542 12415 12601 12106 12470 12556 13138 12601 12665 12381 11940 12455 12239 12038 13142 12964 12608 12786 12200 12792 12264 12431 12423 12412 11761 12268 12581 12725 12251 12431 12306 12096 13395 12725 12982 12665 12760 12780 12874 12534 13349 11984 13247 13102 12287 12703 12675 12697 11931 12202 13095 12769 12606 12192 12208 12669 12632 12667 12633 12388 13284 13109 12869 13171 12922 12272 12697 12430 12938 13041 13024 12271 12202 12254 12651 12492 12181 12546 12162 12138 12119 12166 12042 12312 12234 12392 12905 12410 12306 12479 13026 12545 13291 12285 12467 11871 12552 13248 12659 12945 12872 13095 12820 11918 12129 12563 12402 12693 12141 12255 12348 12815 13042 12542 12699 12833 12141 12727 12571 12177 13100 12521 13087 12425 12867 12034 12655 12498 13302 12504 12607 12291 12464 12328 12859 12524 12297 12872 12363 12079 12233 12989 11998 12979 12844 13002 12874 13194 12964 12048 11827 12611 12164 12610 12992 12898 12363 12248 13041 12859 12157 12467 12906 12430 12102 12583 12378 12591 12819 13307 12380 12599 13101 12634 12728 12933 12380 12743 13177 12257 12265 12962 12949 12626 11995 12420 12178 12586 12067 12967 12940 12097 12137 12896 12569 13266 12852 13065 12802 12499 12775 12318 12263 12559 12763 12724 12642 12639 12452 12360 13191 12831 12758 12453 12715 13124 12539 12904 12503 12353 12802 12789 12343 12896 11563 12425 13151 12868 12269 12940 12688 12075 12507 12621 12705 12620 12893 12573 12760 13224 12547 12702 12831 12837 12945 12689 13436 13024 12431 12214 12341 12777 12734 12428 12218 12891 12286 12767 12506 12397 12353 12948 12821 12391 12299 12615 12582 11967 12041 12471 11738 11853 12307 12469 12367 12506 13019 12861 12335 12977 13171 12776 12132 13138 12532 12888 12721 12123 12284 12549 13022 13545 12935
11675 11574 11567 11908 11463 11524 11807 11911 11574 11565 11139 11367 11624 11722 11995 11991 11770 11459 11809 10823 11706 12161 12047 12341 12180 11931 11554 11747 11679 11165 11517 12007 12081 11577 11503 10779 11113 11632 11724 11114 12074 11437 11365 11908 12553 11593 11675 11524 12400 11388 12257 11420 11364 11451 12137 11736 11874 11900 11393 11752 11786 12027 12062 11225 11632 11692 11068 11115 12313 11909 11720 11893 11652 11965 12324 12245 11703 12165 11753 11593 11775 11339 11765 11339 11629 12074 11533 11486 12058 11628 11615 11193 12088 12264 12477 11757 11731 11548 12002 11818 11537 11555 11350 12250 11446 11733 11869 11761 11589 11633 11022 11379 11520 12066 11897 11602 11563 10974 12166 11259 11134 12233 11891 11734 11926 11657 12129 11709 11595 11589 11849 10975 11366 11742 12030 11203 11324 11716 11721 12248 11667 12098 11864 12099 11841 11965 11995 12256 11151 12227 12043 11696 11820 11891 11632 11525 11770 11941 11849 11622 11666 11216 11808 11637 11771 11795 11684 12244 11924 11712 11568 12100 11731 11851 11126 12187 11770 11889 11423 11413 11659 11669 11722 11373 11507 11279 11069 11207 11742 11428 11719 11629 11694 11972 11567 11722 11851 12208 11693 12189 11457 11690 11215 11623 12303 11762 11892 12220 12231 11821 11479 11504 11748 11636 11333 11055 10972 11527 12051 12093 11954 11686 11831 11078 11704 11520 11285 11953 11662 12394 11644 11777 11300 12136 11692 12374 11671 11856 11736 11507 11525 11767 11832 11494 11920 11433 10982 11991 11834 11339 11651 11914 11577 11715 12183 12128 11221 11157 11805 11466 11693 12005 12188 11655 11119 11887 11656 11866 11606 12129 12111 11498 11822 11816 11713 11959 12235 11478 11709 12220 11434 11787 11765 11471 12017 12017 11127 11803 11810 11665 12040 11120 11375 11315 11876 11091 11980 11871 11354 11320 12129 11915 12370 11853 12136 12106 11319 11913 11732 11587 11445 11874 11766 11781 11788 11651 11346 12402 12047 12208 11496 11762 11924 12071 12048 11607 11475 12170 12207 11808 11928 11059 11559 11930 11995 11894 11555 11727 11592 11918 11459 11721 11744 12140 11800 12303 11942 11632 11996 11607 12147 12192 12205 12334 12145 11877 11527 11680 11721 11652 11482 11531 12129 11866 11657 11683 11400 11298 11877 11652 11839 11688 11862 11812 11386 11307 11678 11357 11247 11156 11417 11520 11901 12232 11886 11261 11901 12503 12025 11476 12301 11733 11945 11937 11279 11264 11550 12139 12463 11753
11791 11751 11557 12340 11592 11265 11816 11992 11374 11302 11605 11196 11364 11181 11835 11548 11784 11322 11831 11019 11477 11861 12211 11930 11864 12098 11812 11824 11722 11070 11816 11649 11945 11420 11306 10895 11113 11541 12248 11114 12144 12090 11647 11839 12380 11602 11466 11405 12517 11323 11891 11128 11445 11269 11923 12316 11675 12244 11519 11790 11671 11742 11867 11639 11501 11708 11046 10985 12095 11784 11665 11883 11595 11940 11655 11787 11623 12150 11750 11159 11766 11614 11737 11472 11492 11965 11205 11305 11980 11504 11486 11758 12031 12090 12315 11928 12079 11374 11768 11790 11288 11663 11137 12251 11462 11692 11771 11584 11866 11610 11238 11317 11781 12072 11570 11181 11223 11175 12225 11313 11452 12265 11871 11598 12005 11622 11786 11716 11716 11403 12037 11335 11671 11507 11822 11184 11497 11513 11283 12382 11928 12310 11566 11819 11748 11812 11689 11932 11450 12008 11985 11282 11961 11622 11850 11229 11253 11943 11684 11837 11395 11244 11937 11858 11772 11282 11500 12148 11932 11893 11806 11934 11723 11711 11649 11800 11418 11709 11256 11296 11166 11972 11349 11627 11607 11575 11356 11190 11325 11137 11543 11335 11633 12213 11789 11713 11398 12516 11803 12202 11563 12098 11240 11494 12457 11705 12182 11598 11923 11526 11153 11276 11922 11515 11709 11153 11201 11730 11663 12289 11589 11529 11933 11463 11984 11509 11115 11837 11636 12362 11556 11830 11242 11974 11510 11904 11614 11386 11992 11663 11182 12012 11714 11546 11704 11681 11337 11691 11779 11399 12180 11911 11789 12038 12340 12069 10868 11097 11587 11170 11995 11950 11801 11562 11333 11912 11768 11440 11194 11871 11704 11080 11951 11894 11496 12047 12131 11900 11599 12202 11256 11946 12040 11515 11623 11994 11415 11949 11787 11822 11961 11384 11917 11132 11742 11302 11743 12272 11193 11388 12023 11661 12241 11388 11663 11776 11413 11738 11655 11323 11375 11754 11869 11582 11895 11216 11738 12156 12132 12043 11502 12268 11826 12106 11950 11743 11572 11943 12080 11466 11492 10986 11221 11956 12268 11494 11779 11579 11436 11786 11446 11541 11424 11822 11737 12291 12153 11604 11561 11537 12107 11875 12007 12717 11904 11365 11409 11314 11657 11743 11894 11512 12159 11582 11890 11396 11233 11239 11972 11884 11682 11434 11557 11689 11097 11332 11718 11279 11197 11357 11206 11265 11777 12208 12210 11133 11955 12027 12023 11481 12313 11860 11952 11658 11042 11143 11264 12191 12441 11911
12112 12106 12219 12385 11818 12326 12557 12416 11950 11861 11942 11389 12097 11852 12232 12071 12095 11780 12575 11649 12145 12486 12421 12638 12494 12356 12190 12141 12335 11943 12255 12301 12409 11955 11898 11280 11767 12058 12194 11810 12354 12081 12048 12595 12943 12201 12028 11703 12496 12004 12380 12112 12125 11979 12361 12566 12456 12748 12136 12407 12284 12611 12393 11903 12329 12296 11602 11878 12419 12343 11858 12452 12080 12584 12449 12757 12059 12330 12235 11845 12186 12019 12543 11838 12070 12393 11822 11867 12585 12386 11866 11607 12446 12639 12861 12030 12276 12350 12099 12234 11958 12458 11481 12878 12213 11906 12383 11942 12111 12088 11558 12093 12085 12490 12033 11988 11871 11726 12469 11975 11430 12808 12603 12107 12103 11782 12507 12034 12203 12387 12131 11506 11917 12259 12413 11552 11816 11910 11709 12965 12219 12735 12468 12207 11841 12742 12338 12785 11775 12641 12480 12152 12315 12112 12016 11849 12297 12518 12094 12308 12247 11961 12201 11966 12084 11949 12035 12460 12833 12063 12553 12400 11867 12237 11897 12426 12320 12462 11650 11721 11884 11866 12177 11999 12230 12127 11777 11422 12136 12049 12075 11854 11899 12413 12585 12389 12072 12980 12407 12967 11786 12141 11725 11817 12653 12154 12584 12462 12779 12486 11665 11699 12321 11913 12152 11621 11457 12117 12571 12599 11541 12135 12240 11794 12201 12345 11779 12260 12480 12654 12079 12361 11485 12389 12247 12570 11822 12247 12057 12356 11970 12494 12031 12317 12420 11826 12002 12107 11930 12181 12151 12124 12360 12027 13009 12573 11706 11720 12468 11924 12289 12627 12374 12184 11712 12655 12527 11799 11924 12386 12440 11606 12223 12288 12296 12828 12861 11840 12091 12570 12021 12271 12222 12035 12059 12597 11646 12001 12457 12184 12400 11709 12173 11673 11919 12091 12629 12469 11788 11723 12303 12156 12790 12565 12619 12608 12103 12444 12202 12144 11749 11885 12169 12248 12413 12270 11914 13057 12593 12652 11979 12022 12448 12014 12590 12252 11817 12359 12453 11886 12213 11481 11907 12250 12689 11973 12189 12165 11913 12272 11972 12516 12404 12411 12443 12653 12800 11821 12183 12274 12499 12189 12297 12952 12589 12109 12277 12193 12269 12524 12045 12162 12522 12278 12037 11901 12134 11632 12561 12304 12797 12134 12140 12166 11760 11268 12327 11816 12005 11887 11950 12332 12034 12482 12537 12033 12277 12871 12754 12411 12626 12228 12394 12443 12095 12102 11974 12709 13224 12354
12429 12284 12092 12707 12058 12179 12375 12673 12621 12035 11699 11779 12629 12045 12243 12219 12250 11793 12165 11484 12079 12742 12783 12668 12698 12348 12211 11906 12707 11841 12308 12212 12918 12252 11917 11350 11986 12381 12493 11928 12551 12017 12206 12603 13128 12604 12329 12147 12876 12078 12960 12242 12441 12156 12571 12112 12409 12701 11975 12381 12205 12229 12281 11889 12428 12294 11779 11840 12357 12253 11836 12573 12015 12775 12810 13035 11931 12768 12489 12094 12476 11999 12529 11806 12175 12289 12228 12112 12349 12800 11786 12127 12808 12683 12653 12271 12229 12119 12515 12414 12219 12380 11696 13069 12085 12195 12413 12416 12569 12105 11658 12358 12332 12982 12667 11821 11957 11717 12250 12005 11731 12849 12475 12547 12474 11953 12599 11884 12268 12177 12563 11609 11713 12338 12488 11660 11998 11891 12277 13330 12105 12781 12784 12342 12358 13050 12532 13099 11663 12985 12546 11996 12310 12351 12432 11716 12332 12982 12452 12476 11767 11803 12559 12268 12560 12164 12175 12703 12999 12236 12663 12470 12003 12601 12083 12347 12790 12713 11496 11640 11979 12325 12392 12312 12178 12201 11968 11920 12319 12103 12508 11836 12046 12713 12555 12001 12152 12724 12546 12780 12162 12425 11844 12150 12824 12400 12657 12340 12915 12619 11798 11833 12646 12182 12322 11827 11698 12371 12379 12853 12157 12479 12705 11975 12118 12457 11869 12436 12417 13248 12405 12611 11930 12429 12438 12862 12019 12049 12170 12243 12163 12390 12219 11799 12394 12217 11968 12341 11995 11790 12334 12596 12649 12170 13197 12424 11703 11777 12547 11893 12357 12433 12434 12120 12166 12584 12990 12008 12197 12261 12525 11982 12467 12351 12516 12667 13031 11899 12339 12867 12216 12573 12667 12435 12372 12651 12074 12479 12605 12220 12500 11637 12092 11495 12352 12106 12676 12689 12025 11933 12829 11956 12956 12438 12627 12485 12097 12363 12071 12340 11927 12487 12595 12622 12447 12403 11940 12807 12764 12653 12079 12210 12612 12330 12789 12359 12173 12467 12584 12086 12293 11719 11941 12587 12773 12020 12389 12760 11932 12250 12738 12436 12335 12744 12488 12669 12671 12339 12412 12307 12649 12446 12178 13155 12736 12196 12265 12173 12111 12681 12258 11978 12528 12341 12404 12462 11896 12018 12863 12456 12500 11965 12419 12274 11756 11724 12364 11883 11672 11921 11941 12116 12500 12747 12808 11981 12563 12970 12678 11850 12805 12413 12463 12431 11777 11915 12219 12937 13105 12329
11973 12072 11696 11882 11593 11757 12082 11625 11797 11584 11397 11383 11980 12072 11938 12300 11974 11456 11738 10933 11768 12182 11989 12274 12177 12504 11570 11602 11863 11337 11691 11756 11931 11497 11489 10999 11201 11810 11951 11815 12051 11721 11417 11812 12955 12165 11450 11655 12319 11441 12390 11521 11634 11531 12197 11787 11967 11984 11517 12164 11676 11750 12267 11678 12119 12117 11221 11084 11862 11954 11679 11691 11594 12063 11946 12500 11555 12041 11950 11458 11628 11665 12001 11775 11547 12180 11361 11683 12061 12371 11919 11808 12141 12226 12172 11788 11754 11825 11838 11985 12064 12050 11215 12273 11718 12001 11839 11676 11990 11942 11468 11672 11877 11929 12188 11527 11892 11127 11815 11353 11126 12077 12191 11677 11946 11580 12297 11609 11623 11811 12063 11131 11753 11952 11495 11372 11539 11873 11434 12509 11859 12373 12157 11913 11736 12183 11765 12357 11390 12342 12190 11489 12106 11605 11748 11218 11709 12410 11927 11867 11609 11203 11879 11933 12156 11912 11475 12154 12184 11865 12108 12011 11817 12027 11247 11643 11947 12101 11315 11517 11320 11444 11757 11168 11803 11478 11498 11542 11679 11453 11899 11507 11541 11999 11847 11799 11715 12402 11871 12432 11816 12319 11100 11493 12523 11844 12164 12068 12090 11938 11684 11496 11797 11808 11868 11118 11447 11980 12030 12330 11911 11715 11786 11344 11952 11864 11462 11843 11895 11954 11900 11983 11362 12572 11511 12441 11232 11992 12031 11645 11451 12264 11758 11403 11767 11804 11038 11754 11635 11415 11656 12157 12025 11819 12557 12177 11344 11159 11952 11679 11788 12338 12073 11840 11443 12089 12010 11563 11481 12599 11555 11474 11783 12027 11636 11879 12283 11584 11797 12326 12008 12187 12115 11646 11956 12111 11347 12126 12165 11792 12072 11301 12193 11567 11886 11260 12258 12066 11718 11216 11964 11856 12219 12116 12073 12183 11362 11964 11635 11413 11211 11884 11735 11761 11883 11620 11438 12355 11994 12010 11497 11853 12142 11700 12069 12208 11400 11994 12066 11845 12121 11181 11595 11964 11823 11459 11837 11907 11460 11892 11531 11992 12077 12202 11946 12282 12528 11894 11702 11887 12214 12084 12296 12421 12290 11705 11916 11814 11981 12089 11818 11619 11981 11869 11826 11593 11724 11955 12131 12197 11841 11181 12204 11778 11120 11234 11725 11376 11235 11673 11562 11478 12035 12272 12409 11250 12167 12449 12169 11515 12630 11857 11809 11853 11633 11706 11219 12283 12550 12155
12258 12406 12044 12689 12038 12455 12589 12336 12295 12014 12013 11980 12454 12167 12159 12222 12188 11820 12206 11927 11918 12359 12581 12587 12718 12734 12147 12159 12314 11939 12463 12309 12758 12392 12006 11314 11802 12371 12646 11800 12575 12124 12233 12281 13283 12457 12213 11759 12765 12255 12809 12041 11945 12082 12766 12687 12322 13149 11887 12248 12289 12416 12370 12101 12279 12524 11746 11385 12394 12332 11981 12742 11574 12743 12543 12649 12264 12444 12568 12049 12034 12121 12461 12197 12111 12739 11718 11856 12813 12206 11952 11993 12848 12757 12781 12221 12705 12335 12713 12468 12001 12442 11765 13019 12254 12444 12241 12165 12459 12291 11910 12172 12220 12760 12155 12075 12360 11803 12525 11861 11751 12777 12624 12456 12543 11937 12669 11887 12034 12225 12239 11728 12023 12503 12187 11949 12287 12151 12186 13043 12127 13147 12370 12646 12053 12809 12547 12946 11947 12880 12754 11824 12366 12146 12222 11925 12087 12467 12541 12335 12153 12100 12369 12519 12706 12366 12358 12866 13006 12621 12734 12566 12198 12647 12021 12374 12301 12553 11608 12006 11915 11951 12341 11828 12352 12178 11713 12000 11976 11882 12329 12032 11931 12679 12127 12449 12293 13074 12446 12778 12090 12510 11811 12143 12929 12261 12477 12538 12807 12595 11881 11815 12358 12169 12176 11908 12060 12165 12197 12547 11684 12511 12251 11726 12545 11806 11947 12623 12286 12886 12363 12613 11517 12511 12117 13141 11919 12116 12401 11941 11827 12819 11974 11792 12057 12196 12141 12503 12009 11930 12261 12451 12693 12657 12968 12796 11448 11789 12363 12009 12587 12524 12574 12150 12046 12840 12496 12087 11936 12525 12205 11792 12458 12640 12587 12572 12873 12055 12112 12415 12450 12299 12682 11864 12213 12475 11882 12388 12655 12327 12418 11623 12131 11484 12408 12104 12876 12594 12141 11822 12530 12568 13066 12391 12498 12821 12057 12523 12203 12176 12193 12364 12386 12245 12480 12207 11848 12791 12741 12801 12313 12232 12434 12362 12685 12410 12117 12490 12724 12116 12277 11435 12180 12615 12485 12274 12230 12234 12135 12273 12163 12295 12341 12413 12738 12640 12937 12207 12244 12246 12763 12803 12665 13083 12756 12147 12039 12123 12059 12081 12133 11996 12796 11953 12352 12124 12049 12080 12713 12834 12462 12023 12298 12251 11932 11569 12267 11892 11798 11768 12037 11994 12222 12901 12677 11749 12405 12922 12819 12091 12904 12619 12344 12184 12016 11964 11896 12515 13264 12446
11767 12486 11868 12400 11591 11795 12364 12404 11899 11790 11283 11432 12178 11799 12023 12197 11955 11666 11887 11193 12264 12284 12285 12195 12219 12674 12096 11954 12130 11447 12338 12140 12117 11784 11930 11088 11291 11831 12142 11980 12256 11970 11738 12262 12777 12386 11922 11470 12936 11631 12128 11728 11727 11667 12513 12137 12096 12507 11617 12130 11984 11979 12266 11655 12281 12124 11330 11158 12261 12171 11951 12026 11953 12119 12108 12289 11647 12231 11941 11555 11950 12072 12082 12028 11668 12101 11852 11909 12240 12021 12030 11729 12214 12429 12425 11787 12107 11750 12510 12324 11846 12438 11074 12697 11522 11903 12213 11905 12166 11561 11918 12079 11959 12613 12084 11872 11736 11500 12307 11423 11668 12429 12089 11904 12375 11499 12646 11980 12004 11907 11891 11175 11694 11960 11976 11480 11978 12186 11591 12844 12228 12503 12200 12091 11708 13009 11985 12378 11739 12581 12663 11902 12255 12256 11789 11720 11806 12479 12078 12176 11965 11797 12329 11978 12197 12041 12073 12257 12424 12096 12460 12319 11681 12118 11502 12177 11946 12291 12088 12218 11472 11824 11689 11611 12001 11725 11473 11689 11815 11612 12243 11687 11794 12253 12314 11884 11998 12579 12214 12771 11939 12353 11708 11662 12851 12020 12590 12250 12369 12128 11564 11762 12216 12039 12040 11585 11662 12158 12073 12296 12030 12049 12257 11721 11958 11836 11467 11972 12093 12765 11738 12228 11604 12294 11962 12671 11824 12258 12140 11869 11924 11889 11839 11840 11785 11916 11785 11816 12050 11479 11988 12121 12192 12073 12551 12394 11200 11553 12636 11336 12066 12342 12346 11766 11511 12795 12285 11525 11958 12087 11800 11645 12180 12035 11888 12701 12533 12063 11993 12660 11870 12342 12484 11969 12326 12318 11626 11918 12118 12181 12357 11522 11939 11733 12141 11594 12424 12454 11616 11534 12639 11942 12655 12074 12309 12252 11894 12477 11903 11722 11643 12203 12057 11769 12235 11743 11871 12534 12408 12288 11518 12266 12301 12084 12390 11947 11688 12403 12152 11846 11907 11373 11705 12338 12408 11837 11796 12136 11789 12115 11830 11938 12253 12579 12313 12187 12591 12014 12006 11910 12202 11953 12006 12972 12492 11863 11866 11861 12137 12162 12161 11542 12599 11977 12276 11621 11544 11817 12509 12504 11768 11578 11939 12035 11619 11644 11795 11507 11319 11498 11889 12083 12306 12377 12679 11525 12349 12550 12431 11568 12624 12289 12263 12080 11407 11909 12024 12523 12905 12655
12260 12176 12148 12618 11712 11949 12354 12609 12333 12015 12008 11571 12303 12034 12316 12265 12382 12069 12068 11509 12165 12604 12555 12900 12184 12476 12010 12170 12368 11601 12448 12277 12717 11932 11771 11362 11591 11992 12441 11817 12200 12255 11974 12571 12780 12180 12069 11710 12848 12106 12678 11994 12359 11774 12642 12416 12498 12885 11880 12112 12371 12302 12325 11911 12361 12554 11640 11547 12499 12107 12105 12494 11744 12793 12529 12904 11923 12544 12347 11879 12237 11953 12399 12152 12129 12373 12223 11693 12632 12205 11617 11750 12634 12512 12704 12300 12110 12306 12408 12839 11936 12553 11269 12865 11802 11997 12107 12202 11978 11870 11528 12120 12109 12805 12265 11783 12125 11801 12290 11984 11453 12617 12332 12212 12341 12019 12284 11816 11986 12042 12341 11701 11943 12514 11939 11514 11913 12015 11788 13122 12454 12466 12731 12243 12077 12634 12204 12930 11797 12603 12373 11879 12426 12313 12449 11705 12140 12348 12536 12008 11930 11676 12376 12146 12644 12019 12064 12282 12511 12110 12289 12223 11836 12485 11795 12246 12362 12111 11600 11764 11769 12127 12152 12018 12102 11785 11929 11585 12192 11612 12313 11867 11887 12808 12271 12207 12117 12626 12293 12976 11975 12490 11905 12133 12611 12195 12578 12708 12932 12315 11716 11841 12298 12055 12048 11367 11668 12003 12598 12573 12156 12125 12425 11886 12340 12262 11840 12101 12265 12813 12239 12149 11695 12655 12120 12633 12041 12154 12184 12229 12038 12264 12293 12055 12444 11928 11798 12168 12118 11827 12434 12574 12608 11939 12997 12808 11602 11380 12426 11773 12120 12593 12191 12075 11912 12875 12492 11866 11966 12451 12360 11866 12199 12597 12209 12213 12707 11980 12344 12888 12162 12415 12381 12154 12174 12785 11748 12436 12564 12265 12377 11750 11952 11929 12228 12299 12368 12753 11886 11763 12689 12079 12862 12135 12374 12625 11949 12347 11994 12068 11785 12420 12361 12368 12406 12034 11859 12584 12849 12437 11929 12508 12578 12268 12339 12504 11610 12505 12813 12105 12312 11476 11881 12400 12629 12162 12182 12724 11830 12110 11820 12180 11892 12962 12454 12896 12489 12179 12297 12328 12406 12448 12589 13111 12805 12161 12092 11772 12279 12361 12299 12028 12950 12390 12631 11979 11980 11956 12512 12359 12445 11950 12222 11987 11893 11582 12254 11636 11796 11837 11878 12001 12134 12308 12810 12117 12577 12802 12757 11991 12837 12508 12403 12101 11713 11957 12016 12621 12678 12194
11993 11923 11948 12388 11752 11898 12106 12213 11995 11717 11527 11661 11988 11470 12168 12366 12212 11543 11932 10976 11712 12249 12351 12547 12006 12361 12036 11833 12074 11214 11884 12033 12378 11858 11706 10968 11373 11957 12255 11612 12193 12138 11550 12192 12621 12160 11812 11408 12329 11699 12420 11830 11807 11560 12436 12040 12092 12385 11503 11981 11973 11649 11903 11852 11978 12243 11369 11423 12520 11686 11636 12312 11967 12334 12362 12476 11667 12155 11918 11890 11766 11662 12240 11520 11601 12651 11561 11483 12149 11827 11731 11668 12414 12026 12261 11980 11920 11988 12102 12203 11811 12205 11123 12673 11895 11722 11748 11858 12082 11474 11123 12237 11772 12474 11807 11857 11644 11408 12015 11574 11382 12571 12221 11651 12318 11687 12360 11861 11554 11744 12294 11512 11732 11796 11979 11433 11706 11919 11618 12647 11870 12279 12364 12283 11883 12325 12062 12208 11639 12381 12136 11722 12474 12028 12242 11756 11469 12448 11789 11884 11734 11393 11845 11870 12053 11858 11950 12162 12372 11922 12054 11931 11766 11624 11717 12243 12286 12228 11489 11580 11382 11869 11768 11739 11828 11447 11259 11771 11803 11717 12098 11568 11744 12365 12097 11825 12080 12521 12306 12607 11734 12304 11559 11826 12751 12018 12301 12475 12048 11883 11765 11396 12217 12005 11842 11381 11554 12130 12189 12152 11657 11628 11943 11616 11957 12065 11518 12163 12298 12602 11978 12156 11481 12184 12146 12712 12026 12024 12081 11550 11626 11993 11986 11907 11902 11758 11349 11623 12105 11763 11956 12307 12266 12114 12554 12555 11534 11492 12087 12025 12025 12281 12021 11573 11710 12350 12339 11684 11757 12552 12111 11594 11917 12141 12030 12157 12495 11980 11727 12498 11900 12252 12305 11671 11899 12310 11275 11842 11972 12145 12261 11085 11923 11259 12151 11732 12237 12179 11544 11470 12489 11781 12698 12120 12307 12092 11983 11920 11775 11757 11485 12019 11928 12047 11876 11813 11872 12587 12275 12125 11836 12026 12204 11971 12418 12278 11586 12315 11871 12079 12044 11019 11727 12670 12330 11749 12079 11923 11670 12064 11780 11777 12101 12339 11894 12374 12707 11604 11844 11904 12384 12359 12254 13013 12719 11838 11869 11779 12241 12269 12007 11564 12395 11741 12118 11619 11805 11709 12259 12225 12019 11613 12144 12197 11487 11337 11999 11717 11236 11659 11711 11824 11687 12514 12046 11319 12124 12536 11843 11799 12685 12259 12310 11936 11766 11878 11878 12115 12806 12270
13018 12811 12738 12756 12431 12720 12954 12836 12631 12859 12457 12326 12863 12391 12846 13346 12844 12752 12943 11963 12846 13127 13054 13193 13064 12816 12842 12922 12915 12469 13053 12975 13259 12828 12722 11827 12405 12917 13278 12579 13178 13289 12589 13041 13500 12808 12757 12334 13557 12634 13363 12204 12455 12448 13356 12817 12888 13418 12551 13049 12991 12833 13089 12633 13157 13179 12176 11789 13238 13131 12866 13031 12361 13400 13450 13217 12678 12883 13036 12712 12770 12442 12897 12300 12133 13245 12405 12275 13241 12745 12450 12541 13303 13129 13169 12906 12804 12507 13133 13295 12809 12675 11806 13411 12573 12889 13034 12829 12974 12593 12454 12849 12609 13466 12851 12500 12777 12227 13223 12357 12337 13272 13178 12906 13043 12559 13324 12403 12465 12742 12714 12085 12665 12691 12671 12466 12562 12623 12041 13583 12569 13404 12953 13112 13002 13527 13202 13052 12296 13181 13137 12534 12748 12527 12971 12543 12595 13007 13381 12934 12596 12489 12889 12616 13055 12923 12839 13105 13260 12845 13260 13275 12582 13167 12564 12900 12991 13080 12161 12445 12408 12807 12915 12543 12786 12587 12624 12204 12639 11929 12859 12414 12507 13424 12917 13075 12493 13332 13016 13428 12538 12950 12272 12709 13638 12643 13327 12858 13235 12450 12513 12251 12921 12722 12584 12368 12442 12627 13013 13134 12722 13019 13065 12272 12929 12713 12472 12978 12852 13617 12644 13385 12263 13024 12672 13428 12979 13036 13028 13037 12457 12943 12578 12664 13227 12734 12201 12944 13048 12324 13088 13252 12983 12969 13341 12996 12298 12142 12971 12556 13001 13394 13047 12769 12712 13247 13136 12478 12634 13220 13194 12252 12929 13190 12654 12842 13260 12524 12754 13310 12574 13001 13241 12554 13125 13018 12418 12740 12993 13139 12969 12207 12740 12293 12857 12678 12921 13051 12447 12371 13414 12665 13652 12892 13055 13023 12792 12808 12587 12458 12679 12648 12963 12972 12889 12798 12719 13320 13341 13115 12643 13262 13086 12863 13252 12836 12549 13121 12945 12579 12910 12070 12580 13095 13498 12807 12951 12945 12630 12754 12612 12792 12880 13135 12882 13325 13342 12805 12785 13320 13081 13077 13194 13893 13457 12810 12717 12443 12859 12975 12652 12488 13382 12913 13085 12622 12642 12349 13255 13088 13014 12777 12773 12732 12292 12325 12691 12718 12246 12573 12609 12429 12949 13277 13299 12447 13048 13745 13084 12118 13510 13004 12820 12827 12642 12540 12682 13397 13945 13232
12433 12541 12064 12646 12176 12092 12166 12570 12311 12609 11563 11788 12244 11898 12379 12549 12339 11804 12253 11490 12387 12415 12715 12722 12332 12764 12483 12199 12576 11894 12172 12377 12757 12053 11900 11255 11852 12187 12680 11971 12579 12173 11970 12476 13064 12346 12209 12034 12688 12218 12624 11904 12177 11914 12730 12331 12326 12893 11960 12398 12482 12258 12354 12103 12322 12330 11652 11938 12687 12562 12130 12379 11990 12594 12657 12775 11896 12547 12387 11966 12294 12213 12272 11859 11835 12739 11969 11747 12685 12195 11904 12030 12805 12726 12722 12410 12288 12163 12424 12155 11793 12344 11414 12794 11999 12385 12077 12508 12389 12141 11800 12338 12198 12507 12358 12129 12051 11616 12788 11811 11799 12867 12346 12310 12032 11689 12840 11709 12226 12483 12047 11514 12045 12182 12435 11616 11944 12111 12167 13518 12408 13008 12645 12571 12319 12729 12354 12732 11734 12511 12680 12053 12778 12714 12327 11905 12137 12615 12452 12457 12064 11897 12226 12180 12487 12214 12008 12707 12694 12152 12619 12509 11536 12204 12088 12611 12266 12560 12136 11561 11829 12182 11974 12257 12062 12500 11645 11713 12341 11719 12225 11940 12179 12379 12298 12169 12332 12721 12568 13139 11869 12287 11859 12395 12980 12348 12517 12726 12927 12359 11792 12023 12486 12466 12253 11941 11580 12424 12733 12534 11947 12378 12433 11970 12417 12220 11465 12140 12447 13158 12134 12612 11689 12380 12096 13073 11956 12332 12343 12435 11795 12584 12344 12032 12488 12267 12021 12051 12154 12034 12573 12342 12537 12265 13002 12373 11545 11510 12514 11973 12358 12719 12709 12237 11927 13006 12602 11990 11959 12353 12270 11852 12368 12233 12421 12795 12798 11954 12103 12560 12355 12386 12340 12144 12005 12680 11998 12364 12693 12210 12442 11701 12371 11735 12187 12177 12516 12699 11748 11972 12378 12189 12934 12405 12821 12301 11985 12034 12130 11959 11828 12138 12394 12406 12452 12307 12062 12809 12761 12715 12018 12400 12560 12338 12556 12547 12186 12599 12506 12119 12301 11261 12020 12305 12922 11944 12454 12672 12068 12483 12455 12181 12379 12132 12644 12488 13007 12158 11988 12236 12355 12621 12623 13198 12587 12101 12097 12353 12066 12480 12081 12185 12638 12214 12631 11691 11989 11982 12474 12169 12330 12180 12095 12475 11809 11440 12046 11835 11655 11609 12294 12360 12274 12575 12360 11823 12632 13243 12620 12154 13151 12917 12591 12553 12057 11944 12211 12939 13199 12540
12398 12183 12058 12645 11940 11924 12585 12654 12368 11843 12006 11792 12267 12233 12182 12342 12355 12046 11917 11298 12274 12568 12524 12524 12202 12471 12139 12453 12447 11819 12047 12211 12575 12170 11801 11209 11645 12358 12497 11796 12600 12342 11930 12409 13032 12300 12191 11947 12521 12007 12580 11856 11825 11595 12328 12348 12297 12535 12253 12253 11593 12201 12574 11709 12618 12517 11355 11681 12452 12167 11921 12528 11769 12355 12524 12740 12176 12548 12367 11908 12221 11662 12462 12008 11841 12427 11798 11820 12310 12271 12133 11864 12655 12495 12601 12410 12314 12220 12309 12471 12268 12325 11698 12772 11801 12100 12194 11863 12365 12163 11633 12335 12023 12288 12173 12021 11859 11603 12774 11630 11445 12728 12336 12005 12495 11821 12390 12046 11996 11865 12108 11596 11761 12193 12227 11765 11910 12093 11502 12998 12490 12342 12093 12528 12106 12846 12324 12632 11731 12426 12769 11832 12690 12146 12437 11463 12148 12452 12416 12249 11964 11640 12434 12200 12239 12243 12066 12781 12428 12427 12747 12519 11964 12440 11804 12196 12456 11974 12074 11713 11737 12080 12313 11734 12090 11802 11908 11867 12033 11907 12076 11820 12293 12518 12473 12184 11819 13034 12636 12844 12213 12524 11605 11790 12607 12458 12686 12330 12538 12448 11841 11745 12525 11930 12191 11466 11965 12001 12498 12635 12115 12467 12451 11714 12145 12013 11934 12727 12375 12838 12333 12391 11704 12642 12025 12427 11943 12131 12355 12094 12102 12407 12002 11757 12352 12046 11899 12164 12123 11739 12342 12992 12464 12315 12957 12536 11522 11719 12269 12149 12244 12550 12493 11996 11932 12190 12507 11825 12143 12580 12225 11692 12326 12077 12155 12374 12708 11670 12157 12856 12230 12281 12750 12080 12262 12431 11673 12426 12470 12396 12444 11718 12322 11634 12450 11889 12320 12630 12058 11804 12614 12149 12634 12333 13079 12066 12049 12262 12118 11861 12208 12659 12174 12128 12102 12262 12099 12963 12417 12454 11989 12630 12457 12261 12655 12491 11934 12538 12295 11577 11818 11424 12334 12296 12574 11840 11981 12429 11295 11706 12188 12451 12472 12384 12300 12759 12937 12177 12204 12266 12524 12226 12497 12755 12534 12175 12168 12056 12286 12263 12248 11966 12495 11889 12046 11843 11989 12065 12387 12283 12571 12233 12404 12314 11973 11833 12037 11410 11930 11973 12175 11828 12100 12619 12729 12045 12699 12576 12446 11896 12609 12603 12045 12162 11892 11816 11900 12993 13097 12507
11870 12193 11880 12338 11756 11529 12262 12391 11960 11677 11488 11453 12092 11543 12346 11747 11802 11471 11781 10878 11859 12009 12409 12492 12038 12302 11753 11976 12335 11724 11888 12129 12065 11988 11740 11451 11597 12071 12020 11628 11982 12055 11390 12320 12847 11761 11961 11638 12223 11999 12279 11985 12009 11693 12235 11586 12003 12822 11899 11915 12140 12279 12072 11772 12146 12179 11362 11159 12335 11804 12021 12223 11359 12280 12381 12824 11876 12381 11920 11934 12034 11601 12198 11690 11337 12080 11387 11678 12207 12201 11810 11581 12429 12140 12092 11961 11826 11733 12040 12593 11608 12046 11538 12578 11972 11890 11863 11651 11938 11734 11525 11766 12102 12229 11889 11862 11968 11300 12405 11642 11305 12321 12017 12093 12203 11876 12315 11395 11908 11999 12139 11369 11685 11945 12120 11239 11483 11896 11932 12780 11581 12351 12321 11757 11927 12296 12073 12416 11745 12123 12215 11828 12218 12072 12034 11272 11808 12111 12463 11904 11932 11257 11872 11859 12235 11889 11639 12322 12356 12009 12344 11918 11946 12054 11479 12349 11908 12097 11696 11693 11372 11527 11564 11424 12017 11871 11885 11327 11980 11520 11893 11530 11688 12490 12518 11924 11924 12426 12173 12324 11833 12254 11622 11503 12609 11745 12329 12218 12428 11922 11689 11206 12013 11842 11943 11458 11305 12264 11807 12424 11906 11971 12176 11470 11956 12116 11748 12070 12100 12823 11840 12069 11361 12123 11827 12706 11777 11993 12305 11855 11543 12339 11870 11682 11816 11963 11470 12004 11760 11735 11892 12181 12382 11683 12582 11868 11497 11205 11787 11827 11989 12366 12417 11906 11771 12194 12207 11664 11436 12033 12107 11236 12048 12001 11905 12327 12636 11704 11886 12488 11965 11826 12117 11770 11809 12181 11341 11988 12373 12075 12112 11184 11608 11675 12324 11730 12134 12289 11476 11624 12412 11843 12600 12275 12617 12420 11810 12192 11545 11815 11841 11828 12212 11919 12110 11801 11795 12867 12176 12178 11442 11664 11988 12013 12390 12400 11510 12122 11966 11881 12024 11255 11896 12158 12188 11502 12056 12290 11880 11769 11524 12154 12233 12244 11835 12304 12365 11689 12030 12163 11937 12040 11786 12986 12442 11827 12147 11732 12208 11885 11980 11761 12451 12055 12003 11459 11758 11904 12357 12022 12349 11837 11975 11830 11569 11164 12083 11452 11606 11560 12009 11550 12100 12484 12030 11740 12388 12267 11908 11757 12501 12155 11899 12025 11793 11769 11606 12725 12906 12305
12377 12403 12048 12332 11842 11752 12542 12336 12138 11960 11663 11496 11763 12009 12473 12630 12070 12072 12041 11675 12061 12237 12325 12771 12509 12480 12101 12069 12176 11741 12208 12326 12710 11605 11705 11248 11581 11861 12658 11807 12285 12102 11976 12522 12852 11919 12005 11671 12836 11814 12500 12170 11723 11974 12594 12297 11732 12500 11769 12112 12142 12552 12395 11839 12156 12044 11623 11477 12585 12431 11973 12433 12002 12279 12358 12401 11909 12483 12045 11809 12240 11727 12226 12074 12021 12000 11670 11852 12577 12169 11472 11720 12480 12777 12850 12360 11829 12301 12246 12433 11994 12295 11551 12326 11862 11881 12337 12009 11982 11968 11766 11927 11760 12570 12417 11707 11961 11416 12037 11683 11511 12508 12201 12264 12363 11556 12401 11721 12063 12036 11976 11448 11939 12344 12180 11360 11837 11916 11653 13043 12265 12519 12399 11903 12322 12862 12280 12586 11811 12594 12646 11669 12570 12228 12106 11621 11968 12347 12138 12133 11967 11647 12453 12150 12305 12198 11993 12521 12392 12161 12419 12117 11905 12174 11430 12433 12404 12403 11795 11834 11901 11961 11672 11914 11782 11610 11639 11532 12130 11910 11820 11813 11677 12198 12202 12201 11820 12574 12404 12586 12194 12293 11498 12038 12567 12126 12451 12233 12685 12312 11530 11745 12394 11761 11818 11687 11651 11976 12395 12575 11747 12021 12096 11903 12011 12059 11582 12481 12284 12587 12047 12670 11624 12457 12088 12795 12017 11966 12157 12118 12102 12291 12276 11797 11826 11816 11954 12095 12214 11847 12531 12068 12143 11924 12753 12430 11136 11579 12430 11926 12209 12501 12543 11960 11881 12648 12577 11811 12107 12443 12457 11577 12294 12311 12182 12660 12504 12025 11633 12429 12009 12017 12395 11726 12004 12698 11980 12109 12127 12418 12370 11438 12058 11534 12338 11979 12580 12451 12066 11737 12382 12191 12918 12493 12287 12597 11986 12272 11956 11722 11830 12253 12431 11849 12251 12185 11558 12688 12458 12452 12051 12232 12133 12372 12427 12405 11883 12372 12017 11915 12288 11554 11824 12434 12467 11864 12202 12150 11605 12344 12055 12074 12135 12529 12273 12520 12564 12129 12310 12317 12402 12545 12279 13380 12288 11928 11823 11629 12277 12181 12106 11785 12732 12399 12230 12034 11803 11559 12258 12133 12239 12054 12319 12200 11722 11674 12179 11780 11667 11661 11734 11838 12310 12730 12368 11784 12561 12869 12393 11757 12728 12200 12225 12157 11670 12010 12187 12506 13014 12240
12955 12871 12473 12757 12202 12491 12904 12630 12731 12426 12517 12434 12443 12434 12856 12769 12762 12087 12437 11616 12586 12872 12846 12940 12748 13055 12555 12489 12652 12417 12498 12926 13239 12678 12247 11788 11976 12371 12939 11964 12785 12586 12363 12753 13841 12741 12369 11909 13094 12291 12921 12487 12146 12549 12882 12365 12609 13386 12313 12777 12473 12647 12699 12320 12647 12892 12107 12171 13332 12603 12300 12859 12237 12898 13118 13045 12401 13022 12682 12290 12624 12254 12985 12008 12057 12787 12239 12148 12833 12862 12339 12188 13100 12929 13146 12818 12744 12678 12818 12954 12744 12952 11946 13143 12321 12579 12023 12562 12503 12405 11982 12299 12266 12837 12459 12362 12424 11824 13037 12055 11944 12996 12700 12735 12889 12149 12922 12276 12472 12368 12812 12206 12329 12717 12495 11990 12079 12779 12259 13501 12320 13102 12889 12720 12450 13004 12839 13196 12176 12929 12702 12222 13053 12760 12736 12446 12445 12578 12969 12687 12127 12333 12434 12834 12898 12599 12388 13038 13134 12683 12826 12776 12610 12754 11988 12633 12891 12566 12110 12289 12192 12238 12539 12097 12596 12181 12266 11834 12569 12080 12620 12286 12288 12673 12468 12208 12570 13435 12698 13358 12656 12720 12482 12375 13267 12802 12874 12741 12946 12577 12214 12079 12602 12435 12569 12118 12077 12510 12957 12789 12518 12497 12443 11956 12730 12485 12112 12578 12438 13142 12658 13089 12239 12899 12360 13221 12421 12519 12527 12625 12288 13075 12608 12240 12662 12494 12149 12429 12728 12078 12662 12770 12918 12577 13198 13338 11937 11769 12684 12452 12843 12892 12830 12379 12097 12937 13197 12290 12515 13046 12925 12083 12399 12530 12645 12742 13201 12335 12851 13079 12821 12685 13012 12265 12579 12812 12038 12468 12785 12847 12785 12058 12737 11868 12716 12140 13089 12873 12362 11998 13106 12480 13211 12691 12822 13269 12516 12648 12477 12498 12210 12879 12710 12518 12506 12628 12396 13604 12931 12894 12466 12705 12964 12763 13065 12579 11999 12764 12906 12387 12833 12016 12032 12736 13069 12678 12392 12977 12172 12621 12551 12614 12690 12967 12424 13132 13089 12429 12714 12478 13080 13049 12942 13400 13160 12765 12509 12427 12430 12576 12780 11923 13083 12703 12367 12715 12328 12189 12833 12913 12461 12544 12653 12536 12342 11988 12448 12064 12045 12199 12311 12558 12249 13169 13090 12044 13138 13130 12778 11940 13236 12573 12742 12452 12543 12066 12285 13390 13380 12564
11963 12103 11978 12518 11803 11738 12180 12178 12253 12030 11759 11576 11750 11756 12202 12286 12159 11714 11889 11573 12173 12466 12201 12707 12273 12534 11912 11921 12086 11357 11937 12335 12347 12070 12063 11234 11487 12376 12411 11472 12213 11918 11814 12385 12902 12243 11826 11715 12572 11673 12713 11709 11751 11476 12483 12536 12305 12535 11908 11969 11925 12016 12409 11789 12057 12448 11460 11232 12423 12060 11706 12004 11779 12472 12372 12539 12145 12463 12166 11853 11869 11902 12303 11976 11628 12241 11794 11945 12354 12249 11722 11799 12464 12524 12649 12264 12086 11833 12321 12353 12085 12225 11368 12266 11813 11905 12031 11933 12048 11881 11361 11964 11503 12268 12127 12366 11886 11171 12336 11641 11242 12337 12254 12119 12340 11656 12270 11349 11830 11760 12100 11592 11786 11697 11992 11544 11479 12015 11390 12623 11894 12679 12215 11972 12164 12443 12004 12556 11690 12512 12143 11728 12024 11893 11992 11952 11701 12545 11910 12024 11648 11770 12059 12007 12442 12046 12364 12240 12402 12321 11999 11884 11957 12013 12099 12172 12299 12392 11778 11694 11706 11735 11875 11790 11779 11800 11552 11413 12039 11402 11867 11568 11745 12708 12186 11822 12208 12621 12089 12722 11751 12125 11523 11689 12639 12336 12372 12219 12857 12076 11444 11574 12027 11869 12097 11503 11808 12025 12196 12463 11906 11916 11996 11625 12150 11899 11743 11988 11997 12674 11851 12419 11650 12226 11890 12344 11770 12434 12252 11882 11974 12596 12178 11882 11883 11586 11488 11921 12151 11755 12248 12102 12513 11954 12841 12564 11517 11557 12224 11860 12275 12235 12371 11810 11826 12414 12110 11684 11919 12531 12281 11619 11978 12367 12233 12258 12619 11711 11969 12692 11984 12426 12230 11776 11940 12499 11306 11974 12293 12099 12578 11183 12115 11964 11907 11846 12155 12401 11778 11599 12324 11896 12312 12329 12042 12382 12002 12020 11677 11624 11802 11962 12426 11852 12079 11776 11519 12539 12243 12211 11914 12139 12420 12118 12249 11857 11511 12065 12223 11718 12224 11062 11641 12622 12559 11892 12098 12393 11635 11997 11950 12036 11988 12436 12203 12665 12730 11865 12233 12209 12538 12290 12324 12917 12606 12022 11715 11816 12189 12206 12186 11713 12468 12051 12043 11596 11858 11876 12438 12196 11884 12067 12090 11955 11570 11786 11954 11499 11465 11596 11682 11990 11991 12667 12625 11375 12223 12746 12085 11799 12770 12432 12346 12040 11906 11914 12074 12337 12989 12453
12699 12357 12373 12805 12232 12179 12588 12937 12251 12091 12046 12143 12262 12119 12303 12329 12286 12075 12185 11777 12272 12482 12639 13205 12202 12719 12157 12166 12356 11634 12527 12566 12570 12418 12275 11634 11630 12355 12658 12039 12644 12543 12426 12703 12909 12493 12206 12204 13056 12228 12822 12047 12254 11933 12819 12448 12465 12779 12198 12465 12424 12046 12245 12153 12335 12473 11830 11404 12718 12434 12189 12576 12144 12725 12646 12792 12200 12379 12367 11975 12559 12248 12539 12113 12157 12754 12336 11793 13065 12590 12349 11771 12980 12571 12727 12469 12438 12255 12437 12724 12229 12526 11433 12474 11704 12420 12427 12276 12308 12222 11880 12107 12459 12559 12558 11849 11852 11419 12592 11888 11567 13014 12510 12183 12536 12097 12429 12157 12460 12306 12360 11909 12270 12489 12174 11851 12136 12088 12114 13508 12434 12916 12460 12323 12367 12728 12516 12690 12232 12828 12745 12200 12724 12300 12419 11804 11928 12681 12709 12305 12075 12239 12426 12284 12360 12113 12105 12536 12733 12396 12754 12709 12072 12109 11901 12568 12253 12462 11726 11619 11935 12017 12212 11873 11890 11912 12071 11434 12455 12241 12069 11979 12058 12638 12304 12210 12204 12959 12620 12806 11963 12385 12103 11825 12984 12249 12766 12681 13031 12543 11735 11798 12332 12132 12059 11819 12294 12083 12381 12814 12123 12335 12663 11915 12416 12342 11553 12602 12256 13125 12284 12002 11837 12164 12403 12734 12220 12472 12495 12338 11844 12570 12352 12325 12478 12182 11732 12429 12273 11770 12533 12666 12493 12157 13267 12540 11518 11844 12533 11958 12606 12924 12932 12382 12000 12631 12779 12156 12161 12893 12236 11800 12462 12393 12327 12847 12853 12083 12304 12621 12420 12433 12697 12047 12210 12323 11916 12271 12737 12524 12474 11753 12369 11854 12291 12081 12549 12840 12100 12056 12598 12391 12910 12130 12459 12552 11740 12295 12399 11873 12002 12238 12190 12180 12066 12200 11870 12824 12772 12279 12227 12557 12521 12327 12471 12527 11901 12449 12616 12154 12394 11484 12219 12435 12914 12380 12134 12695 11719 12491 12197 12250 12528 12619 12496 12788 12562 12360 12259 12842 12720 12788 12470 13032 12865 12147 11884 12164 12061 12372 12254 11971 12834 12111 12392 12066 12015 11997 12785 12493 12516 12115 12558 12474 11765 11605 12007 11850 11625 11799 12138 12100 12415 12671 12669 11945 12511 13015 12477 11964 12905 12273 12657 12394 11956 11742 12081 12471 13050 12532
12448 12554 12266 13009 11912 12197 12833 12846 12434 12106 12124 11852 12488 12108 12347 12528 12435 11887 12196 11488 12237 12790 12791 12929 12738 12866 12450 12148 12588 12147 12334 12232 12872 12201 12141 11526 11691 12502 12546 11778 12911 12551 11907 12659 13015 12245 12274 12101 12611 12334 12999 12217 12052 12029 13060 12477 12372 12769 12041 12359 12033 12239 12673 12132 12531 12240 11784 11634 12507 12559 12139 12437 12233 12750 12658 12886 12388 12713 12317 12192 12457 12254 12702 12113 11656 12632 11969 11960 12872 12478 11873 12273 12557 12750 12916 12195 12412 12498 12439 12822 12136 12523 11606 12653 12053 12306 12209 12248 12649 12065 11902 12520 11971 12523 12517 12205 11997 11562 12613 11974 11721 12699 12711 12246 12508 11701 12823 11904 12017 12131 12532 11729 12505 12165 12238 11753 11992 12394 11860 12984 12077 12830 12272 12320 12237 12888 12452 12608 12008 12738 12867 12102 12600 12266 12021 11907 12509 12608 12458 12345 12003 11961 12437 12322 12929 12063 12104 12851 12686 12521 12632 12503 12051 12613 11982 12428 12604 12719 11781 11724 11967 12387 12223 12100 12303 11923 11600 11659 12388 11916 12806 11882 11934 12633 12222 12265 12309 12649 12810 12893 12146 12583 11886 12019 13083 12528 12716 12823 12881 12379 12117 11849 12500 12512 12488 11915 11760 12190 12607 12809 12098 12317 12566 11892 12353 12292 11976 12358 12422 13210 12480 13010 11765 12571 12192 12844 12240 12615 12673 12326 12130 12640 12482 11904 12478 11961 11698 12324 12301 11870 12447 12452 12791 12536 12884 12677 11775 11699 12552 12403 12347 12871 12678 12235 12220 12613 12803 11724 12256 12804 12174 12122 12419 12687 12478 12295 12417 11840 12648 12828 12437 12662 12705 12412 12163 12653 11881 12302 12690 12577 12823 11775 12404 11887 12610 12099 12592 12448 12122 12085 12778 12490 12881 12605 12674 12492 12142 12633 12025 12113 12058 12312 12507 12586 12267 12380 11978 12726 12934 12577 12248 12444 12354 12470 12552 12203 12349 12753 12497 12054 12594 11669 11984 12820 12566 12221 12692 12868 11995 12321 12150 12406 12292 12558 12448 12738 12982 12178 12624 12784 12974 12773 12647 13313 13119 12021 12239 12180 12303 12554 12326 12065 12596 12658 12744 12311 12202 12134 12465 12489 12238 12554 12573 12500 11671 12073 12233 12029 11846 11988 12113 12208 12253 12655 12841 11618 12574 12771 12402 12234 13176 12254 12538 12359 12187 11927 12249 12947 13334 12598
12339 12399 12265 12642 12003 11852 12721 12660 12398 12226 12260 11956 12376 12037 12490 12501 12492 11991 12284 11558 12447 12743 12658 13050 12571 12712 12426 12148 12736 12028 12554 12319 12648 12320 12041 11494 11788 12336 12621 11781 12547 12497 12381 12100 13078 12451 12514 11885 12830 12024 12627 11903 12230 12224 12760 12339 12543 12877 11961 12320 12379 12409 12301 12074 12294 12359 11918 11841 13001 12287 12296 12580 11934 12632 12822 12784 12215 12248 12299 11968 12317 12013 12522 12075 12179 12501 12133 11837 12575 12710 11872 12085 12774 12810 12890 12521 12532 12066 12566 12707 12256 12253 11516 13009 12320 12472 12408 12657 12626 11888 11620 12362 12238 12852 12071 11920 12272 11390 12713 12189 11963 12742 12690 12198 12394 11859 12765 12258 12142 12475 12536 11833 12418 12318 12465 11716 11953 12104 11785 13070 12244 12824 12603 12427 12236 13122 12526 13217 12057 13001 12846 12044 12480 12629 12467 12200 12237 12800 12596 12292 12145 11658 12233 12469 12450 12255 12323 12593 12857 12249 12459 12415 11764 12469 11684 12425 12594 12536 11976 11785 11765 12072 12313 12226 12453 12294 11914 11900 12491 11784 12338 12114 11778 12902 12292 12443 12192 12750 12432 13189 11999 12404 12058 12036 13309 12391 12552 12594 12657 12458 11999 11852 12273 12232 12671 12171 12169 12114 12547 12653 12265 12485 12745 11983 12333 12565 11898 12377 12269 12934 12329 12602 11514 12433 12221 13237 12447 12157 12348 12406 12130 12852 12123 12196 12445 12390 11964 12004 12255 12239 12735 12668 12701 12663 13073 12812 12083 11735 12596 12062 12549 12530 12876 12159 12028 13105 12634 12170 12227 12715 12439 11577 12750 12554 12169 12678 12567 12031 12580 12808 12608 12636 12806 12166 12362 12477 11823 12212 12551 12474 12588 11749 12329 11694 12465 12281 12509 12683 12048 11804 12513 12165 13021 12422 12776 12678 12127 12559 12055 12257 12121 12187 12755 12401 12226 12194 11998 12882 12826 12627 12378 12429 12526 12468 12814 12312 12031 12754 12697 12351 12270 11659 11979 12620 12616 12001 12197 12745 12039 12277 12192 12388 12504 12540 12688 12743 13117 12196 12313 12418 12712 12448 12651 13134 12925 12265 12194 12256 12305 12495 12378 12285 12882 12479 12536 12176 12063 11730 13046 12859 12422 12109 12227 12336 11713 11781 12161 11923 12022 12263 12287 12171 12492 12911 12647 11820 12443 12861 12500 11986 13254 12636 12347 12244 12065 11870 12232 12768 13534 12639
12260 12396 11801 12461 11650 11718 12485 12385 12215 12015 11711 11594 11806 11931 12162 12126 12287 11861 12157 11580 12568 12312 12483 12536 12182 12175 11999 11828 12355 11508 12188 12247 12616 11800 11813 11117 11591 11997 12388 11886 12249 12239 11730 12534 12765 11876 11988 11529 12470 11917 12422 11402 11826 11622 12549 12140 11995 12211 11852 12036 12087 12477 12189 11787 12132 12014 11261 11275 12506 12353 11557 12257 12205 12364 12318 12260 11883 12038 12189 11707 12190 11664 11930 11778 11597 12181 11521 11582 12165 11907 12056 11756 12665 12644 12419 12349 12049 12124 12175 12290 12009 12222 11011 12497 11780 12153 12178 12114 11965 11865 11473 12224 12206 12540 11873 11917 11790 11451 12062 11816 11344 12516 12280 12272 11992 11783 12440 11663 11875 11781 12010 11481 11848 11740 12284 11648 11941 12000 11718 12631 12199 12538 12297 12058 12261 12486 12182 12211 11848 12699 12256 11810 12517 11966 11919 11531 11764 12249 12434 12182 11866 11746 12249 11928 12285 12294 11967 12253 12424 12143 12520 12141 11592 12347 11875 12063 12418 12415 11528 11582 11742 11909 11712 11544 12178 12102 11757 11954 11809 11574 11923 11802 11925 12365 12059 11853 11888 12437 12208 12810 11901 12009 11591 11927 12663 11852 12339 12173 12593 12125 11566 11777 12082 11928 11969 11564 11518 11743 12454 12161 11705 11953 12409 11576 12172 12019 11233 12209 12178 12875 11784 12336 11718 12344 11958 12875 12040 12151 11938 11884 11734 12579 11802 11622 12088 11908 11678 12249 11966 11902 12323 12332 12490 11810 13128 12374 11388 11457 12284 11940 12107 12402 12456 11883 11562 12728 12180 11865 11895 12367 11955 11350 12133 12370 11841 12050 12614 11984 12052 12489 12158 12371 12303 11866 11956 12524 11455 12079 12440 12473 12315 11386 11935 11607 12151 11854 12409 12478 11342 11515 12166 12221 12649 12078 12328 12133 11737 12304 12121 11767 11717 12041 12160 11982 12040 11715 11762 12525 12667 11953 12143 12319 12202 11872 12252 12171 12012 12398 12176 12189 12278 11365 11899 12207 12619 12053 11962 12053 11682 12048 11980 11890 12304 12367 12377 12365 12861 12027 12059 12394 12156 12230 12077 12881 12605 11867 11612 11776 11909 12162 12014 11708 12136 11936 12243 11682 11764 11843 12382 12093 12520 11677 11832 12397 11453 11568 11802 11290 11408 11695 11831 12011 12197 12303 12334 11674 12675 12552 12289 11845 12948 12281 12057 11912 11227 11715 11803 12713 13056 12465
12192 12281 12182 12739 12218 12199 12758 12752 12331 12063 12042 12004 12240 12309 12185 12109 12147 12160 12220 11999 12347 12335 12526 12854 12668 12684 12029 12291 12510 11799 12177 12392 12719 12072 11959 11716 11756 12300 12869 12065 12747 12373 11945 12651 13357 12349 12293 12136 12775 12134 12844 12111 12039 11734 12482 12315 12358 12958 12080 12269 12469 12592 12579 12138 12306 12262 11711 11856 12464 12441 12287 12569 12032 12659 12580 12823 11936 12790 12473 12241 12136 11993 12537 11969 12079 12564 11978 12293 12953 12542 12187 11975 12459 12681 12880 12261 11952 12318 12386 12446 12244 12641 11535 12226 12092 12086 12289 11979 12336 12112 11587 12167 12273 12723 12422 12224 11940 11769 12731 11917 11808 12800 12428 12193 12161 11753 12696 11984 12247 12510 12041 11838 11844 12357 12545 11792 12095 11960 12059 13349 12237 12748 12457 12462 12646 12793 12265 12909 11789 12564 12492 11962 12578 12617 12183 11866 12005 12533 12202 12199 11907 11942 12341 12412 12637 12083 12113 12958 12540 12273 12808 12576 12383 12523 11968 12468 12387 12506 11638 12002 11912 12093 12227 11928 12018 12177 11933 11846 12195 11951 12322 11761 12069 12844 12499 12332 12095 12745 12534 12749 12395 12544 11920 12134 12919 12366 12894 12356 12616 12508 11670 11966 12660 12078 12370 11614 12102 12399 12304 12590 11916 12537 12283 11870 12668 12477 11899 12362 12453 12706 12368 12675 11882 12517 12273 13017 12060 12647 12482 12100 12211 12664 12143 12202 12166 12352 11786 12381 12417 11872 12462 12858 12780 12307 12841 12723 11785 11725 12232 12081 12443 13161 12340 12337 11745 12741 12745 11770 12219 12217 12225 11711 12261 12730 12436 12539 12584 12102 12499 12806 12384 12462 12485 12225 12468 12766 12020 12248 12326 12733 12687 11724 12456 11825 12248 12028 12710 12676 12305 11909 12886 12316 12999 12725 12619 12914 12365 12419 12123 11749 11710 12698 12549 12451 12435 12400 11804 12962 12551 12878 12244 12542 12506 12118 12369 12373 12186 12566 12673 11970 12302 11895 12138 12320 12709 12232 12537 12474 11863 12408 12081 12631 12220 12978 12387 12932 12671 12526 12581 12565 12495 12508 12605 12984 12852 12216 12428 12171 12344 12410 11938 12416 12715 12277 12305 12094 12142 12090 12723 12250 12526 12394 12406 12423 11657 11599 12103 11733 11662 12121 12236 11997 12320 12876 12909 11924 12675 12973 12650 12141 12885 12604 12470 12558 12199 12162 12164 12972 13122 12280
12219 11905 11552 12355 11773 11916 12017 12215 11844 11667 11582 11636 11668 11650 11786 11920 12037 11069 11784 11072 11827 11888 12146 12070 11680 11927 11801 11879 12009 11456 11854 12023 12131 11314 11590 10973 11108 11654 11632 11316 11772 11814 11753 11913 12307 12023 11722 11674 12305 11749 12114 11293 11756 11235 12288 11844 12010 12362 11338 11668 11830 11729 12032 11350 11425 11822 10954 10896 11874 12112 11954 11904 11426 12287 12018 12286 11533 12145 11744 11526 11468 11423 12057 11244 11495 12251 11498 11363 12183 11986 11517 11203 12293 11903 12354 12189 11894 11483 11728 12436 11638 11777 11258 12161 11561 11575 11625 11868 11684 11725 11410 11560 11878 11840 11686 11645 11579 11178 11812 11427 10905 12282 12183 11412 11925 11508 12171 11719 11800 11670 12427 11130 11291 12151 11534 11080 11574 11720 11376 12597 11596 12265 12033 11611 12116 12141 11619 12158 11387 12032 12161 11520 12009 11812 11733 11435 11375 12293 12077 11738 11368 11383 11829 11832 12062 11779 11355 12249 12309 11854 12070 11932 11562 11981 11246 11710 11984 11791 10982 11229 11290 11544 11473 11583 11665 11743 11347 11165 11725 11461 11570 11616 11410 11932 11705 11764 11624 12262 12034 12391 11798 11729 11609 11698 12467 11787 12161 12227 12073 11847 11518 11279 11782 11742 11849 11307 11318 11628 11902 12329 11397 11771 11817 11570 12161 11436 11368 11989 11710 12342 11585 12001 10921 11669 11704 12219 11555 11471 11968 11576 11621 11935 11745 11213 11702 11651 11267 11714 11771 11283 11786 11822 12370 11781 12151 12141 11285 11159 12009 11755 12059 12070 11966 11238 11845 11890 11996 11352 11673 12183 11869 11418 11696 12022 11549 12066 12204 11600 11691 12015 11988 11965 12200 11557 11487 11791 11335 11960 11746 11959 11823 11299 11762 11531 11733 11480 11890 12222 11337 11395 12461 11546 12445 11759 12194 12366 11926 11880 11663 11819 11321 11910 12282 11623 11837 11542 11318 12348 12135 12027 11442 11918 12309 11851 12202 11856 11325 11868 12190 11627 11871 11048 11232 11791 12322 11629 11920 12123 11314 11872 11751 11754 11729 11811 11581 12265 12447 11710 11762 11959 12257 12070 11776 12641 12246 11808 11413 11628 11912 11840 11707 11516 11874 11533 11636 11603 11533 11315 12469 12020 11884 11396 11655 12146 11239 11147 11784 11171 11057 11322 11664 11519 11522 12217 11995 11200 12130 12262 12129 11567 12453 11915 11937 11658 11283 11490 11281 12026 12808 11680
12101 12201 12018 12291 11710 11793 11903 12394 11976 11597 11740 11764 11766 11866 12187 12267 11986 11828 11999 11468 12364 12191 12150 12712 12272 12281 11916 12088 12507 11788 12253 12032 12624 11901 11772 11066 11698 12114 12734 11583 12037 11994 11912 12117 12462 12448 11776 11405 12612 11863 12462 11826 12042 11775 12263 12072 12298 12702 11780 12418 12007 12151 12201 11737 12165 12217 11366 11436 12466 12284 12200 11828 12006 12272 12599 12820 11575 12067 11935 12039 12233 11859 12394 11775 11522 12249 11548 12034 12286 11930 11950 11638 12539 12602 12729 12235 12043 12072 12288 12408 12261 12217 11106 12871 11768 12414 12156 12045 12225 12076 11383 11897 11863 12463 11986 11933 11867 11435 12193 11657 11518 12626 12056 12197 12272 12025 12102 11921 11921 11661 12749 11440 11946 12110 12094 11141 11889 11927 11579 12754 12098 12499 12242 12125 12168 12477 12015 12584 11660 12376 12170 11761 12016 12095 11922 11817 11904 12329 12472 12005 11568 11765 12096 12299 12345 12304 12112 12267 12357 12240 12255 12155 11817 12175 11446 11928 12004 11884 11832 11605 11251 11992 11889 11851 11894 11741 11491 11711 11866 11908 12029 12004 11829 12208 12125 12078 11766 12603 12260 12771 12286 12550 11518 12000 12274 11977 12676 12209 12338 11888 11374 11687 12264 11863 12059 11501 11598 12079 12205 12201 12045 12098 12169 12038 12389 12009 11743 12349 11987 12477 12000 12395 11305 12211 12065 12795 12070 12185 11957 12137 11694 12683 12126 11679 12099 11927 11365 11930 12173 11788 12197 12221 12408 12085 12515 12623 11494 11572 12190 11659 11840 12640 12229 11780 11509 12523 12302 11843 12008 12467 12346 11634 12219 11951 11863 12102 12594 11919 12072 12572 11988 12279 12453 12031 12070 12384 11800 12057 12451 12635 12138 11412 12042 11714 12021 11587 12050 12481 11795 11645 12362 11859 12699 12349 12313 12243 11937 12174 11875 11723 11888 12263 12183 11990 12207 12186 11669 12360 12625 11974 11745 12282 12260 12138 12358 12453 11377 12675 12420 12126 12142 11524 12090 12031 12552 11889 12166 12304 11895 12213 12330 12181 11954 12236 12051 12489 12474 12030 12230 11969 12607 12301 12544 12743 12617 12004 11969 11558 12185 12245 12005 11858 12321 12227 12296 11816 11659 11584 12381 12528 12181 11629 12035 11918 11781 11599 12067 11594 11538 11845 12107 12021 12405 12276 12691 11328 12247 12709 12456 11871 12892 12096 12734 12114 12051 11372 11785 12568 12949 12144
12269 12178 12321 12364 11505 11819 12062 12350 12094 11956 11847 11690 12045 11583 12161 12081 12300 11643 11952 11367 12140 12549 12252 12593 12386 12370 11965 11891 12060 11745 12074 12117 12595 11896 11698 11060 11446 11918 12318 11399 12222 11923 11771 12337 12944 11821 11915 11404 12570 11791 12304 11831 11543 11704 12318 12239 11780 12416 11456 11753 12059 12308 11854 11717 12182 12146 11511 11468 12404 12192 11860 11948 11581 12221 12327 12592 11841 12457 11993 12030 12467 11743 12450 11704 11605 12377 11555 11851 12514 12090 11596 11854 12445 12499 12626 12114 12175 12082 12113 12376 12101 12344 11559 12680 11546 11878 12186 12251 12072 11981 11686 11764 11796 12531 12103 11727 11904 11573 12209 11672 11440 12222 12109 11899 12303 11341 12321 11807 11832 11751 11868 11456 11585 12215 12138 11241 11762 11965 11646 12732 11832 12546 12327 12461 11813 12291 12458 12406 11652 12583 12291 11831 12247 12180 12238 11435 11979 12256 12110 11961 11820 11665 11979 12118 12278 11850 12191 12613 12444 12024 12139 12161 11915 12305 11549 12033 12222 12015 11432 11728 11627 12168 12028 11752 12168 11632 11634 11292 11870 11419 11752 11595 11633 12472 12032 11899 11951 12427 12600 12453 11787 11926 11795 11633 12618 12032 12294 12289 12653 12116 11615 11451 12360 12180 11936 11455 11494 11812 12089 12255 12032 11917 12228 11682 12096 11798 11633 12109 11925 12480 12056 12211 11437 12257 12097 12661 11731 11757 12321 11937 11649 12282 11960 11739 11652 11848 11701 11575 12115 11703 12033 12331 12226 12160 12692 12459 11204 11178 11862 11946 12303 12523 12326 11812 11517 12471 12084 11600 11634 12315 12194 11492 12012 12210 12128 12128 12378 11788 11905 12667 12062 11957 12407 11825 12292 12359 11785 11938 12109 11924 12454 11509 12136 11714 12077 11665 12557 12443 11786 11854 12221 11957 12608 12059 12337 12303 11633 12216 11775 11819 11853 12099 12324 12118 12274 11754 11641 12663 12470 12347 11752 12062 12509 12053 12116 11905 11657 12156 12243 12014 12268 11622 11901 12425 12216 11559 12051 12212 11727 12204 12001 12200 11997 12673 12036 12599 12539 12083 12291 12109 12627 12501 12329 13015 12404 11656 11963 11891 11825 11767 11751 11678 12250 11931 11928 12053 11609 11787 12235 12138 12231 11975 11666 12229 11475 11644 12027 11660 11532 11896 11739 11929 11876 12499 12326 11764 12310 12665 12061 12054 12575 12133 12148 11704 11899 11481 11900 12571 13040 12181
11336 11718 11628 11952 11305 11151 11608 11808 11576 11259 11018 11067 11468 11383 11896 11908 11669 11471 11584 10932 11440 11695 11860 11880 11651 11929 11406 11328 11774 10766 11315 11529 11641 11314 10970 10742 11139 11497 11527 11066 11535 11523 11232 11827 12480 11701 11282 11132 12207 11162 11823 11223 11063 10833 11840 11692 11368 11869 11157 11482 11293 11749 11804 11058 11390 11679 10906 10726 12174 11885 11337 11549 11176 11993 11857 11873 11630 11807 11313 11172 11559 11027 11481 11358 10997 11883 11314 11113 12040 12074 11224 11080 11798 12118 12155 11661 11730 11491 11761 11868 11691 11481 10909 11849 11046 11465 11638 11500 11583 11313 11189 11422 11268 12040 11777 11269 11253 11101 11763 10731 10810 11966 11822 11668 11864 11134 11800 11287 11669 10928 11611 10842 11108 11360 11431 11050 11411 11576 11262 12351 11681 12089 11392 11600 11759 11895 11558 12084 10999 11973 12090 11188 12001 11639 11943 11032 11386 11771 11815 11395 11251 11136 11497 11533 12023 11457 11463 11899 11951 11526 11716 11700 11310 11768 11137 11626 11654 11607 10928 11317 11164 11535 11491 11372 11660 11401 11192 11134 11381 11166 11616 11086 11272 11914 11688 11526 11290 12158 11768 12215 11314 11743 11218 11147 12134 11293 11810 11933 11898 11644 10935 10726 11902 11279 11388 11162 10991 11602 11823 11937 11165 11532 11830 11010 11442 11678 11121 11857 11864 11828 11582 11970 11001 11863 11257 12418 11332 11320 11643 11523 11042 11872 11828 11204 11466 11479 11098 11313 11334 11275 11841 11956 11777 11680 12152 11834 10832 11120 11682 11648 11523 11967 11637 11485 11195 11835 11656 11092 11520 11783 11376 11043 11694 11351 11739 11896 12012 11460 11557 11860 11415 11731 11728 11348 11338 11729 11159 11679 11559 11434 11775 10879 11541 11014 11447 11182 11712 11809 11187 10906 11954 11255 11770 11704 11904 11588 11303 11460 11682 11226 11132 11704 11691 11632 11541 11736 11490 12008 12034 11831 11353 11534 11593 11662 12163 11490 11353 11987 11665 11284 11678 10897 11462 11684 11851 11231 11529 11816 11332 11558 11393 11532 11669 11665 11678 12068 11838 11393 11624 11673 11912 11707 11650 12419 11862 11354 11777 11187 11156 11606 11342 11317 11787 11650 11886 11099 11469 11067 11747 11717 11491 11265 11955 11369 11195 11175 11740 11243 11202 11004 11064 11470 11877 11990 12111 10934 11765 12267 11712 11377 12587 11703 11675 11333 10989 11224 11200 11822 12504 11958
12084 12358 11767 12291 11535 11907 12243 12374 11910 11671 11590 11540 12201 11876 12068 12133 12028 11824 11953 11518 12115 12465 12471 12179 12193 12337 11785 12056 12326 11706 12053 11927 12521 12253 11832 11030 11839 11738 12478 11371 12177 12028 11879 11993 12878 12213 11872 11541 12794 11779 12206 11624 11893 11632 12412 11740 12363 12274 11983 12061 12186 11994 11977 11912 12215 11993 11543 11595 12467 12336 11967 12203 11679 12334 12485 12669 11632 12083 11897 11807 12079 11898 12003 11902 11649 12255 11917 11559 12421 12307 11963 11430 12510 12424 12801 12092 11831 11866 12320 12277 12109 12055 11373 12554 11616 11879 11854 11761 11855 12000 11363 11926 11924 12249 12217 11999 11771 11157 12442 11393 11427 12351 12276 12049 12388 11825 12345 11840 12330 11903 11952 11333 11710 12140 12122 11478 12027 11938 11281 12847 12284 12170 12593 12317 12010 12392 12043 12354 11436 12592 12681 11803 12504 12248 12279 11577 11755 12352 12370 11846 11766 11609 11991 12165 12501 12119 11717 12506 12448 12243 12243 12056 11950 12004 11685 12142 12081 12089 11735 11725 11826 12010 11872 11767 11727 11433 11713 11598 12025 11576 12045 11618 11910 12344 12117 12022 11641 12828 12411 12652 11995 12624 11551 11633 12032 11809 12405 12386 12453 12203 11585 11334 12054 11547 11831 11722 11578 12124 11862 12482 11978 11949 12058 11438 12140 12081 11488 12282 12158 12364 12112 12453 11400 12188 12123 12416 11881 12109 12115 11959 11582 12276 12068 11720 12090 11922 11407 11966 12286 11792 12383 12587 12364 12120 12735 12148 11469 11186 12245 11605 12014 12499 12618 11972 11986 12266 12403 11898 11856 12244 12034 11448 12572 12045 12208 12281 12586 11583 12264 12546 11948 12136 12095 11798 12025 12298 11676 12106 12354 12124 11921 11523 11836 11679 12288 11780 12541 12161 11970 11660 12644 11811 12568 12150 12557 12099 11969 12297 11810 11751 11663 12212 12018 12253 12028 11942 11843 12699 12474 12272 11866 12101 12235 11971 12418 12389 11555 12229 12145 11732 11980 11349 12100 12302 12319 11806 11970 12509 11425 12113 12153 11919 12154 12483 12051 12385 12243 12126 12338 12211 12430 12902 12167 12590 12509 11977 11952 11859 11927 12156 11958 11974 12309 11885 12041 12115 11705 11750 12348 12255 12415 11833 12317 12136 11792 11689 12139 11720 11620 11968 11797 11713 12059 12631 12270 11803 12464 12819 12471 11864 12531 12179 12415 11685 11876 11587 12000 12506 13234 11887
12446 12311 12073 12392 12014 12142 12144 12258 12415 11946 12068 11680 12036 11844 12415 12477 12547 11882 12006 11442 12110 12508 12188 12927 12310 12553 12147 12264 12368 11739 12250 12218 12671 12035 11900 11242 11666 12468 12639 11414 12301 11995 12142 12225 13292 12367 12121 11728 12817 11794 12651 12289 11935 11722 12713 12597 11891 12427 11901 12274 12297 12364 12084 12200 12268 12487 11568 11643 12529 12370 12112 12089 11360 12577 12758 12617 12159 12244 12350 11915 12139 11903 12537 12125 11815 12607 11901 11805 12197 12435 12017 11541 12496 12676 12685 12272 12103 11994 12529 12515 12076 12202 11372 12645 11884 12290 12039 12307 12034 11904 11277 12183 12106 12333 11743 11914 11947 11558 12638 11938 11524 12743 12459 12200 12486 11738 12510 11832 12122 11922 12022 11656 12067 11925 12377 11899 12006 12099 11989 12698 12374 12423 12435 12449 12238 12659 12161 12679 11764 12564 12402 11916 12448 12026 11894 11841 11788 12514 12527 12374 12268 11615 12255 12291 12385 12234 12351 12616 12651 12432 12298 12122 11958 12525 11963 12370 12334 12303 11744 11944 11767 11912 12042 11998 12471 11951 12084 11657 12409 11557 11992 12061 11680 12371 12520 12427 12040 12602 12559 13028 12269 12192 11647 12134 12806 12104 12456 12776 12513 12302 11755 11624 12100 12125 11998 11853 11798 12131 12173 12513 11783 12116 12126 11852 12290 12093 11940 12286 12068 12638 12269 12581 12022 12524 12254 12843 12460 12233 12417 12030 11984 12828 12004 12203 12214 12200 11565 12162 12194 11954 12077 12341 12287 12244 12712 12757 11705 11597 12437 12106 12353 12850 12282 12267 12149 12645 12319 11957 12110 12685 12435 11506 12280 12288 12136 12338 12620 12225 12384 12801 11866 12491 12427 11826 12054 12324 11582 12283 12539 12456 12250 11476 12234 11642 12177 11958 12626 12195 11767 11760 12478 12027 12791 12466 12541 12509 12028 12188 11787 11989 11928 12305 12361 12291 12020 12056 12093 12660 12552 12388 12140 12147 12432 12496 12396 12256 11817 12499 12473 12251 12271 11360 11932 12547 12764 11905 11954 12643 11626 11886 12143 12268 12135 12625 12292 12762 12713 11989 12487 12197 12652 12715 12510 12951 12983 12017 12211 12268 12223 12425 12244 12118 12700 12190 12108 11945 11948 11876 12531 12556 12184 11961 12303 12245 11737 11605 12212 11918 11832 12221 11835 11980 12248 12717 12800 11702 12357 12618 12336 12030 12894 12373 12310 11784 12222 11817 11918 12760 13088 12215
11821 12179 11850 12699 11481 11732 12447 12042 12403 11859 11850 11535 12048 11928 12087 11999 12219 11562 12019 11551 12124 12352 12304 12317 11816 12335 11945 12125 12152 11468 11766 11829 12593 11667 11963 10759 11257 11741 12345 11130 12055 12258 11652 11967 12334 11851 12037 11255 12802 11899 12467 11560 11715 11427 12075 11977 12122 12396 11601 11874 11933 12209 11815 11553 11846 11946 11073 11249 12129 12322 11562 12348 11700 12299 12245 12595 11546 12145 11844 11654 12023 12007 11938 11581 11438 12226 11701 11431 12507 11886 11754 11507 12583 12304 12491 12034 12038 11528 12362 12251 12054 11862 11435 12430 11556 11893 12029 11975 12287 11733 11282 12054 11834 12397 11926 11730 11411 11258 12369 11339 11124 12200 12046 11960 12071 11588 12223 11639 12011 11850 11815 11384 11741 12146 12241 11406 11757 11968 11426 12684 12127 12410 12129 12477 11753 12420 12272 12496 11308 12331 12480 11799 12425 12042 12213 11577 11685 12041 12441 12401 11848 11591 12049 11891 12435 11804 12157 12384 12471 12082 12239 11863 11517 12023 11779 12078 12367 12319 11569 11614 11797 12110 11921 11728 11813 11553 11256 11704 11838 11443 11750 11688 11883 12397 12155 11645 11984 12566 12263 12348 11592 12136 11137 11768 12269 11455 12270 12203 12557 11910 11321 11561 11924 12170 11811 11316 11737 11833 12040 12117 11846 12196 12113 11284 11844 11845 11755 12069 11962 12771 11741 11955 11290 12257 12057 12406 11846 11767 11933 11710 11486 12341 11955 11541 11908 11852 11621 12087 12050 11878 12168 12132 12111 12196 12601 12229 11185 11843 12131 12092 12266 12601 11855 11613 11782 12303 12188 11891 12127 12141 12057 11345 12084 12105 12107 12083 12249 11687 11972 12199 11910 12221 12256 12014 11979 12189 11685 11901 12152 11947 12017 11907 12020 11279 11726 11773 12501 12197 11634 11676 12452 12000 12413 12156 12209 11889 11484 11789 11795 11517 11869 11999 12266 12002 11742 11843 11776 12314 12329 12266 11864 12111 11908 12063 12274 12152 11977 12076 12104 11748 11938 11126 11884 12439 12248 11720 11933 12146 11633 11797 11877 11967 12211 12229 12345 12551 12539 11796 12052 11657 12365 12303 12025 12621 12241 11745 11726 11707 11811 12089 11706 11995 12397 11802 11975 11687 11486 11802 12051 12079 11790 11632 12001 11758 11397 11497 12263 11520 11499 11486 11571 12027 11949 12436 12286 11518 11963 12279 12398 11943 12603 12492 12074 12189 11709 11748 11607 12390 12769 12055
11613 11292 11117 11996 10874 11304 11156 11785 11508 11286 11189 11169 11524 11185 11601 11621 11523 11077 11427 10541 11435 11555 11738 11858 11687 11855 11547 11404 11487 11018 11345 11440 11579 11212 10765 10790 10721 11134 11424 11355 11721 11165 11162 11636 12581 11675 10962 11096 11674 10802 11631 11091 11167 11120 12044 11494 11092 11683 11332 11689 11293 11280 11806 11097 11455 11654 10716 10785 11960 11611 11231 11558 11389 11479 11752 11617 11329 11543 11534 11025 11667 11193 11531 11103 11131 11531 10807 11194 11860 11440 11259 11020 11889 11599 11698 11582 11349 11246 11449 11532 11422 11580 10436 12089 11002 11501 11426 11207 11612 11309 10760 11353 11276 11479 11272 11071 10930 10784 11681 11058 10714 11808 11576 11148 11777 11192 11682 11195 11287 11292 11405 11091 11226 11576 11233 11154 11568 11346 10896 12148 11370 11851 11508 11507 11474 11679 11377 11974 10771 11664 11675 11080 11938 11316 11480 11242 11232 11915 11623 11227 11462 10852 11266 11111 11786 11541 11161 11918 11898 11343 11453 11817 11193 11698 11101 11629 11714 11812 10975 11284 10848 11422 11369 10897 10946 11450 10967 10995 11329 10904 11428 11132 11142 11635 11565 11543 11036 11957 11599 12011 11783 11470 11003 11448 12159 11183 12035 11554 12009 11498 11075 10888 11448 11151 11187 11053 10779 11312 11571 11736 11404 11528 11501 11004 11485 11488 10723 11774 11529 12071 11411 11848 11111 11690 11325 12005 11299 11086 11708 11553 11081 11576 11412 11263 11603 11194 10959 11132 11482 11218 11472 11462 11430 11356 11912 11880 10980 10874 11321 11325 11516 11905 11548 11345 11082 11771 11427 11115 11002 11551 11373 11247 11846 11457 11731 11555 11892 11537 11381 11920 11240 11726 11919 11271 11697 11548 11119 11378 11608 11565 11754 10894 11469 10910 11488 10725 11507 11913 10939 10948 12017 11645 12247 11731 11553 11912 11286 11494 11271 11357 11086 11252 11373 11396 11384 11625 11262 11978 12101 11754 11217 11448 11761 11473 11778 11427 11000 11477 11376 11265 11895 10951 11255 11660 11955 11269 11717 11391 11000 11333 11154 11598 11375 11653 11688 11919 11975 11510 11562 11698 11724 11515 11494 12296 11954 11508 11231 11247 11345 11549 11331 11106 11538 11515 11455 11469 11175 11040 12065 11488 11943 11323 11569 11318 11334 10768 11431 11025 10851 10963 11161 11171 11397 11808 11689 10745 11202 11782 11828 11444 12083 11502 11501 11226 11064 11173 11132 11750 12356 11646
12213 12296 12011 12102 11533 11850 11985 12102 12375 11889 11410 11586 12151 11858 12093 11916 12254 11811 12152 11169 12239 12113 12175 12585 11962 12413 11946 11876 12155 11843 11901 12003 12270 11691 11963 10940 11428 12059 12403 11725 12532 12185 11648 11915 12534 12145 11938 11948 12408 11784 12264 11512 11787 12192 12400 12085 12061 12361 11891 12017 12024 11775 12185 11678 12122 12318 11507 11544 12342 12174 11715 11996 11908 12446 12311 12281 11648 11982 11944 11665 12153 11986 12028 11928 11819 12108 11644 11890 12214 11974 11466 11864 12284 12327 12599 11639 11966 11708 12209 12250 12147 12029 11100 12364 12123 11968 12057 11993 12039 11526 11567 12237 11661 12600 12164 11777 11937 11316 12046 11566 11625 12655 12134 11975 12015 11439 12261 11931 11957 11777 12150 11382 11849 11796 12225 11692 11621 11896 11577 12800 12050 12737 12550 12260 12082 12369 12189 12553 11691 12616 12436 11506 12551 12252 11950 11799 11989 12481 12383 11968 11842 11734 12131 12019 12545 11968 11547 12025 12622 12152 12347 12378 11886 11942 11230 11895 11931 12355 11333 11694 11666 11980 11778 11670 11797 11629 11365 11897 11794 11496 11884 11826 11761 12289 12001 11564 11763 12769 12272 12623 11898 12299 11361 11700 12211 11931 12163 12459 12368 11844 11578 11617 12238 11825 12010 11402 11856 12103 12367 12375 11903 11882 11940 11642 12097 11765 11702 12356 12128 12619 11863 12361 11754 12367 11960 12495 12032 11889 12033 12112 11809 12294 11829 11978 12022 11982 11081 12362 12286 11170 12515 12216 11987 11746 12745 12385 11601 11360 12241 11804 12324 12337 12327 11843 11958 12225 12501 11429 11564 12314 11956 11855 12448 12254 11921 12342 12494 11616 12137 12347 11968 12316 12352 12065 11746 12559 11561 12131 12239 12229 12410 11460 12115 11411 12095 11822 12384 12394 11951 11485 12337 12006 12240 12355 12384 12212 11757 12138 11780 11833 11505 12111 12110 11982 12105 12060 11608 12613 12227 12123 11824 12036 12679 11943 12327 12366 11576 11902 12170 11687 11998 11031 11796 12520 12555 11703 11941 12197 11917 12253 11924 12229 11899 12500 12095 12425 12577 11839 11945 12261 12523 12381 12176 12857 12631 11701 11680 11578 12000 12190 11965 11738 12276 11864 12221 11818 11473 11922 12451 12455 12386 11864 12185 12129 11382 11615 11881 11447 11668 12124 11760 11967 11980 12455 12510 11734 12321 12690 12266 11812 12627 12364 12341 11883 11937 11955 11721 12291 12728 12301
13119 12720 12598 12876 12365 12523 13034 12953 12777 12460 12430 12237 12446 12348 12793 12583 12880 12352 12626 11593 12542 12707 13218 13167 12666 12904 12585 12637 12769 12080 12705 12530 13180 12903 12308 11625 12064 12439 12718 12085 12611 12835 12683 12905 13310 12827 12535 12348 13216 12186 12978 12312 12661 12392 13330 12647 12594 13161 12316 12693 12518 12873 12949 12381 12463 12683 12343 11745 12870 12747 12226 12744 12207 13247 12882 13149 12552 12902 12851 12748 12776 12596 12843 12084 12292 12889 12187 12386 13096 12880 12459 12289 12988 13100 13028 13072 12881 12760 12824 12864 12365 13119 11939 13200 12297 12653 12530 12912 12668 12385 11717 12749 12274 13125 12712 12431 12380 12290 12704 12310 12219 12976 12627 12828 12715 12139 12960 12216 12854 12670 12763 12206 12560 12907 12770 11986 12329 12462 12329 13215 12526 12972 12793 12797 12617 13201 12678 13228 12188 13181 12800 12151 12757 12830 12480 12228 12099 12729 12910 12717 12417 12421 12629 12475 12751 12739 12620 12958 13007 12729 12796 12810 12496 12630 12562 12385 12844 12346 12152 12465 12228 12480 12407 12364 12661 12358 12325 12224 12767 12100 12740 12552 12017 13087 12866 12579 12789 13212 12765 13075 12552 12803 12501 12354 13270 12689 13011 12951 13163 12491 12148 12157 12990 12983 12543 12015 12187 12636 12761 13229 12167 12513 12658 12086 12810 12662 11859 12491 12712 13377 12214 12906 12105 12929 12382 13134 12166 12374 12968 12449 11971 12895 12640 12437 13046 12592 12205 12235 12550 12202 12856 13197 12918 12660 13388 12928 12118 11641 12771 12328 12736 13236 12510 12368 12281 13033 13349 12427 12356 12855 12665 12140 12639 12923 12657 12492 13348 12424 12742 13346 12710 12876 13020 12288 12531 12577 12182 12542 12864 12816 12681 12040 12860 12151 12507 12175 12954 12882 12237 12100 13231 12372 13365 12739 13048 12958 12529 12464 12516 12357 12307 12443 12801 12331 12950 12605 12468 13103 13002 12946 12346 12857 13065 12505 13069 12994 12112 12658 12585 12279 13044 12003 12242 12871 13091 12251 12699 12951 12304 12708 12647 12437 12875 13103 12712 13191 13217 12477 12416 12901 12895 12874 12706 13598 13006 12324 12596 12485 12612 12867 12615 12184 12898 12458 12937 12485 12352 12315 12737 13006 12358 12685 12389 12304 11817 11899 12556 12123 12125 12415 12130 12520 12562 13034 13109 12060 12943 13227 12962 12097 13489 12938 12862 12609 12453 12399 12521 12989 13236 12574
12165 12155 11246 11898 11480 11880 11910 11762 11735 11431 11288 11484 11652 11898 11753 11843 12275 11614 11653 10939 11774 12273 12097 12511 12005 12303 11815 11663 12014 11288 11549 11623 12313 11753 11931 10746 11375 11771 12213 11687 12142 11590 11475 12051 12181 12106 11656 11330 12205 11663 12238 11371 11811 11570 11948 11790 12199 12308 11797 11978 11790 11873 11973 11887 12128 11812 11043 11304 12249 12157 12126 11904 11654 12136 11681 12085 11415 12070 11957 11656 11842 11661 11939 11503 11329 12152 11269 11375 12291 11843 11610 11643 11998 12427 12225 12092 11975 11934 12128 11934 11828 11927 11271 12262 11569 11882 11942 11545 11809 11259 11152 11819 11495 12182 11945 11635 11418 10922 12019 11440 11079 12484 12064 12015 12073 11571 12263 11691 11568 11528 12025 11107 11798 11592 11584 11546 11633 11832 11490 12437 12047 12150 12417 11876 11648 11923 11659 12275 11247 12141 12081 11588 11998 11604 11604 11489 11497 12026 12047 11699 11683 11633 12009 11665 12014 11734 11884 12023 12279 11930 12024 12154 11410 11998 11639 11829 11967 12174 11546 11457 11509 11843 11694 11573 11794 11609 11354 11224 11339 11541 11943 11556 11834 12320 12159 11871 11579 12338 12153 12305 11766 11848 11364 11590 12508 11906 12182 11665 12435 11551 11226 11226 12163 11511 11684 11338 11448 11735 12173 12177 11634 11964 11969 11320 11792 11524 11451 11904 11831 12386 11865 12229 11325 12020 11571 12399 11499 11909 12323 11768 11687 11983 11567 11608 12110 11724 11190 11990 11895 11326 12123 12249 12065 11824 12333 12194 11336 11424 11915 11465 11754 12877 11955 11430 11377 11939 12104 11712 11536 12318 11953 11350 11970 12092 11942 11791 12399 11605 11679 12291 11999 12062 11947 11588 12145 12244 11468 11974 12146 12101 11834 11299 12078 11308 12268 11654 11846 12253 11741 11740 11912 11932 12448 12155 12062 11896 11743 11867 11509 11177 11314 11834 11770 11708 11933 11874 11510 12366 12373 11996 11580 11738 12376 11769 11938 11957 12024 11960 12250 11716 12041 11034 11553 12163 12160 11653 11510 12146 11559 11682 11286 11965 11822 12345 11763 12158 12263 11719 11769 12064 12159 12141 11934 12644 12245 11844 11769 11908 11788 12066 11875 11646 12302 11891 11880 11587 11443 11742 12353 11936 12186 11334 11957 11797 11528 11227 11752 11449 11319 11593 11776 11687 11832 12079 12307 11322 12263 12231 12102 11665 12494 12119 12111 11666 11660 11482 11762 12100 12460 12054
12087 12040 11914 12434 11597 11763 12220 12321 12068 11696 11743 11435 11737 11508 12372 12130 12076 11451 11936 11364 11697 12423 12249 12396 11853 12148 11970 12160 12015 11423 11985 12126 12313 11629 11704 11127 11320 12270 12203 11554 12301 11923 11578 12249 12522 12055 11929 11308 12258 11527 12515 11584 11680 11389 12374 11670 11868 12460 11606 11922 11877 12072 12036 11222 12310 12165 10829 11215 12463 11615 11515 12059 11439 12488 12407 12442 11873 12121 11805 11918 12284 11594 12136 11900 11377 12076 11399 11301 12284 12134 11772 11473 12434 12476 12353 12086 11945 12157 12232 12121 11925 12277 11052 12329 11694 11819 11756 11756 12277 11865 11235 12228 11675 12111 11789 11722 11391 11362 12090 11717 11206 12167 12005 12035 12056 11486 12338 11516 11808 11771 11949 11427 11625 11883 11807 11414 11421 11754 11403 12642 12098 12741 12048 12227 11915 12096 11893 12450 11459 12304 11943 11903 12200 12183 12009 11556 11870 12116 11941 12028 11702 11587 11792 11705 11762 11969 11990 12314 12431 12018 12368 11862 11792 12010 11550 12232 12421 11920 11827 11465 11757 11904 11863 11569 11673 11589 11628 11409 11724 11433 11706 11542 11980 12223 12116 11940 11756 12495 11967 12445 11524 12002 11667 11652 12731 11863 12191 12030 12078 11962 11017 11457 12124 11777 11713 11419 11523 11797 12133 11944 11888 11854 11737 11297 11882 11778 11520 11852 11836 12391 11971 12300 11264 12173 12032 12493 11763 11589 11751 11979 11636 11961 12139 11762 12124 11734 11242 11755 12078 11420 11884 12068 12089 11931 12442 12438 11318 11510 11939 11956 11780 12549 12055 11921 11699 12462 12562 11605 11909 12124 12180 11743 12049 11863 12101 12392 12175 11870 11958 12361 11729 11726 11590 11562 11775 12393 11255 11962 12172 12107 11893 11889 11971 11159 11824 11501 12156 12115 12047 11713 12285 12097 12304 12082 12001 12290 11966 11821 11789 11881 11545 11813 11720 12115 11944 11877 11464 12395 12504 12134 11791 11618 12113 12029 12339 11823 11620 12177 12149 11613 12078 11096 11715 12175 12077 11693 11939 11837 11687 11676 11807 11962 11943 12368 12003 12152 12449 11758 12110 12016 12124 12246 12139 12616 12193 11881 12275 11673 11809 12072 11745 11322 12528 11897 12129 11611 11564 11721 12300 11854 12229 11637 12154 11900 11527 11241 11954 11768 11368 11698 11576 11877 12156 12430 12341 11739 12202 12125 11867 11419 12746 12095 12229 11972 11941 11519 11794 12461 12838 12047
12735 12695 12449 13107 12328 12199 12734 12817 12664 12584 12622 12274 12634 12426 12738 12855 12532 12327 12578 12149 12689 12778 13057 13507 12682 13020 12737 12570 12498 12196 12888 12859 13088 12339 12548 11899 11956 12606 12480 12344 12835 12901 12514 12950 13369 12819 12552 12496 13252 12453 13184 12486 12582 12368 13416 12523 12735 13204 12449 13011 12698 12867 13126 12482 12765 12788 11938 12003 12998 12784 12250 13110 12211 13205 12890 13416 12436 12739 12897 12546 12649 12399 13019 12517 12518 12746 12189 12278 12740 12980 12758 12285 12957 13208 12845 12638 12867 12840 12733 12782 12668 13038 11644 13054 12546 12392 12423 12531 12585 12447 12624 12766 12628 13042 12937 12452 12100 12148 12800 12082 11962 13054 12936 12615 12886 12024 13039 11892 12620 12619 12710 12317 12332 12550 12445 12228 12109 12793 12570 13787 12726 13178 12768 12534 12839 13259 12826 13128 12279 13092 12764 12197 13073 12959 12463 12279 12553 13025 12676 12770 12671 12068 12635 12613 12937 12374 12242 12906 13176 12642 12887 13000 12413 12660 12403 12923 12871 13144 12073 12109 12106 12450 12578 12470 12472 12352 12189 12217 12639 12367 12794 12188 12184 12910 12773 12643 12840 13368 13047 13266 12664 12563 12480 12426 13025 12632 13042 12738 13224 12934 12199 12271 12643 12528 12301 12044 12045 12678 12687 13145 12534 12711 12700 12018 13185 12486 12073 12701 12792 13187 12502 13121 11913 12706 12669 13411 12277 12867 12818 12753 12257 13062 12630 12752 12885 12392 12432 12648 12540 12088 12559 12960 13264 12264 13052 13236 12055 12398 12918 12770 12656 13430 13088 12758 12360 13288 13277 12551 12426 13089 12813 12436 12826 13051 12805 12838 13194 12562 12622 13163 12644 12675 12886 12370 12810 12845 12259 12830 12768 12616 12707 11977 12920 12165 12830 12357 13168 13189 12460 12163 12896 12997 13181 12819 13191 12974 12610 12571 12505 12291 12299 12868 12741 12339 12813 12627 12492 13523 12958 13267 12478 12795 13219 12872 12685 12649 12041 12594 12656 12276 12985 12163 12256 13031 12923 12616 12623 12937 12391 12587 12953 12624 12742 13004 13076 13452 13037 12567 12703 12795 12805 13438 12953 13664 13275 12615 12640 12488 12885 13112 12750 12091 12960 12751 13108 12327 12672 12426 12949 13036 13185 12422 13054 12596 12171 11736 12476 12336 12293 12338 12514 12547 12683 13264 13255 12140 13061 13527 12873 12288 13312 12927 13070 12476 12381 12558 12502 13072 13682 12770
12525 12455 12067 12953 12278 12244 12456 12770 12617 12299 12018 12150 12405 12074 12434 12452 12583 12009 12501 11672 12500 12503 13010 12876 12324 12330 12485 12257 12322 11822 12138 12414 12852 12105 12279 11670 11842 12329 12782 11972 12575 12760 11916 12702 12767 12506 12334 12140 12916 11986 12729 12066 12457 12048 12841 11974 12440 13166 12092 12497 12285 12308 12593 12251 12412 12267 11726 11351 12601 12599 12326 12295 12120 12893 12695 12742 12088 12460 12355 12090 12290 12277 12275 11873 11879 12664 12053 11890 12739 12425 12149 11934 12759 12649 12629 12627 12545 12033 12506 12584 12062 12712 11469 12719 11900 12187 12289 12139 12514 12314 11754 12252 12619 12504 12152 12324 12435 11599 12358 11951 11817 12942 12824 12339 12448 11894 12605 12005 12274 12091 12543 11656 11739 12541 12368 11839 12120 12094 11908 13551 12258 13104 12615 12450 12369 12850 12292 13069 11917 12610 12766 11893 12486 12311 12317 11835 12304 12466 12625 12232 12166 12252 12482 11902 12830 12517 12106 12568 13098 12495 12774 12756 11603 12370 12132 12552 12363 12773 12038 12103 11793 12332 12118 12136 12205 12217 11847 11822 12264 11849 12446 11891 12261 12710 12511 12067 12196 12907 12748 13070 11909 12562 11902 12055 12727 12584 12725 12723 12934 12525 11962 11711 12609 12419 12464 11854 12047 12212 12391 12687 11892 12293 12670 11905 12231 12497 11868 12354 12569 13148 12052 12744 11884 12643 12418 12860 12268 12429 12463 12373 12023 12760 12067 12206 12394 11973 11566 12269 12422 11648 12654 12531 12656 12443 13326 12457 12063 11610 12277 11846 12559 12407 12550 12337 12256 12863 12960 11877 12149 12678 12294 11966 12490 12385 12477 12687 12982 12309 12532 12835 12425 12576 12359 12084 12358 12561 11705 12264 12804 12700 12644 11929 12270 12039 12710 11975 12378 12859 11859 12228 13084 12269 13083 12474 12775 12560 12280 12036 12115 12260 11932 12496 12512 12467 12443 12478 12182 12839 12716 12856 12381 12702 12741 12356 12276 12635 12187 12175 12546 12197 12629 11752 12360 12851 12846 12090 12711 12570 11987 12227 12094 12429 12585 12861 12428 12814 12834 12508 12493 12481 12867 12988 12542 13152 12695 12247 11838 12186 12559 12491 11899 11980 12782 12151 12410 12459 11923 12078 12810 12555 12255 12091 11952 12470 12009 11626 12401 11774 11841 11849 12089 12256 12331 12501 12638 11986 12805 13065 12762 12278 12774 12266 12280 12388 11863 12096 11709 12596 12972 12668
12057 12204 11986 12287 11678 11672 12122 12167 11867 11755 11737 11655 12066 11564 12033 12170 12016 11693 11892 11338 11993 12406 12169 12445 12293 12131 12108 12029 12328 11653 12183 11908 12107 11797 12087 11060 11467 11955 12318 11609 12254 11906 11855 12060 12589 12250 11860 11544 12636 11757 12646 11705 11984 11688 12342 12351 11990 12567 11969 12433 12112 12249 12241 12169 12082 11917 11527 11360 11994 12071 12169 11768 11738 11994 12637 12616 11727 12382 12467 11756 12035 12125 12209 11827 11951 12623 11834 11758 12384 12154 11831 11489 12361 12633 12695 12279 12130 11742 12239 12051 12038 11845 11393 12578 11833 12015 12043 11918 12169 12027 11267 12223 12019 12380 11760 11953 11668 11155 12118 11590 11532 12594 12346 12025 12120 11478 12008 11742 12126 11724 12018 11842 11506 11655 12183 11653 11643 12031 11572 12720 11934 12649 11966 12484 12211 12508 11947 12554 11559 12316 12284 11672 12140 11993 12046 11697 11869 12382 12059 12093 11905 11436 12266 11862 12132 12108 11901 12745 12827 12342 12145 12376 12014 12324 11883 12120 12349 12130 11686 11608 11902 11889 12323 11773 12063 12195 11431 11141 12111 11781 11885 11858 11918 12543 11794 11865 11871 12503 11952 12664 12156 12359 11531 11551 12387 11697 12543 12068 12595 12261 11470 11341 11891 12035 12037 11296 11765 11788 12129 12391 11692 12381 12172 11672 12102 12017 11633 12105 12213 12847 11960 12516 11471 12217 11787 12699 11726 12218 12252 11894 11573 12426 11800 11762 11925 11830 11266 11973 11900 11527 12094 12067 12118 12286 12716 12381 11418 11628 12180 11724 11916 12710 12166 12489 11750 12330 12499 11739 11933 12527 11884 11577 11850 12295 12499 12134 12525 11661 12181 12496 11931 12098 12296 11881 12120 12280 11698 11867 12175 12254 12428 11355 11863 11819 12031 11735 12320 12344 11591 11611 12421 11854 12605 12210 12446 12516 11469 12145 12055 11809 11809 12247 11905 12045 12303 12099 11609 12556 12649 12327 11962 12112 11903 11981 12187 12295 11427 12396 12636 11636 12102 11385 11669 12317 12639 11829 11985 12082 11656 12309 11907 11860 11917 12372 12282 12580 12276 12039 11900 12067 12460 12463 12298 12674 12347 11864 11742 11938 12149 12308 11959 11527 12506 12079 12338 11954 11871 11856 12471 12133 12304 11590 12126 12363 11429 11369 11994 11257 11548 11694 11875 12205 12052 12083 12332 11831 12180 12677 12179 11882 12516 12143 12503 12029 11553 11744 11904 12395 12894 12446
12690 12816 12628 12935 12594 12738 13293 13244 12984 12386 12264 11908 12672 12314 12938 12561 12972 12423 12759 12134 12633 12918 12790 13192 12850 13101 12740 12899 12714 12373 12651 12850 13291 12719 12594 11910 12314 12771 13424 12170 13114 12750 12568 12986 13556 12861 12602 12109 13370 12490 13171 12529 12639 12155 13063 12472 12868 13148 12442 12400 12913 12758 12940 12620 12910 12889 12342 11962 13094 12664 12478 12967 12287 13117 12898 13092 12523 13234 12699 12921 12750 12286 12834 12560 12069 12971 12327 12324 12957 13101 12631 12416 13461 13041 12994 13097 12646 12691 12846 13181 12806 13170 12053 13139 12501 13007 12191 12465 12875 12249 11939 12915 12761 13151 12734 12815 12399 11928 12868 12669 11933 13192 12905 12938 13080 12315 12969 12362 12757 12637 12832 12057 12603 12699 12699 12048 12693 12469 12401 13952 12538 13133 12865 12813 12626 13391 12537 12949 12113 13163 12955 12000 12879 12781 12593 12164 12515 13027 13101 12621 12349 12314 12643 12656 12894 12586 12877 12982 12942 12823 13389 12928 12442 12615 12450 13040 13102 12699 12284 12508 12157 12786 12059 12376 12346 12139 12533 11919 12501 12207 12594 12434 12451 13281 12736 12561 12876 13437 13085 13367 12531 12771 12343 12686 13292 12548 13025 12918 13251 12811 12011 12381 12744 12565 12600 12211 12352 12410 13149 13084 12793 12543 12956 12150 12832 12768 12255 12808 13204 13672 12644 13278 12145 12995 12957 13456 12456 12685 12855 12815 12519 12857 12457 12102 12782 12492 11807 12619 12622 12303 12815 13027 13094 12863 13637 12673 11956 12321 12748 12482 13057 13116 12966 12773 12302 13203 13335 12686 12560 12933 12937 12044 12819 13050 12957 13168 13214 12604 12825 13218 12756 12895 12633 12875 12589 12996 12224 12913 13030 12965 12828 11749 13072 12220 12859 12447 12952 12993 12514 12244 13183 12525 13233 12696 13180 12997 12475 12916 12687 12171 12556 12665 13071 12927 12633 12765 12453 13236 13111 13007 12609 12912 12806 13244 13144 12974 12350 12951 12839 12466 12749 12024 12500 12880 13003 12415 12708 12924 12413 12912 12883 12943 13221 13094 12751 12932 13369 12439 12976 13059 12774 13212 12821 13532 13123 12323 12677 12633 12508 12800 12519 12378 13289 12526 12957 12467 12545 12343 13091 12713 12521 12383 12936 12755 12525 11962 13045 12160 11938 12615 12564 12775 12712 13144 13006 12532 13123 13351 13150 12093 13293 13070 13043 12675 12332 12636 12781 13456 13684 12749
12509 12313 11995 12507 11966 12218 12637 12379 12268 11947 11747 11898 12579 12143 12329 12390 12107 11716 12089 11543 12176 12475 12689 12795 12418 12596 12248 12189 12273 11638 12239 12275 12475 11955 11951 11219 11379 12610 12455 11682 12520 12289 12100 12560 13033 12692 12020 11923 12667 12021 12552 11895 12020 11874 12456 12247 12438 12829 11634 12415 12607 12355 12528 12127 12276 12115 11484 11440 12479 12495 12204 12505 12050 12434 12582 12766 12037 12452 12558 12047 12131 12121 12161 11563 11790 12927 11999 12052 12439 12375 12185 12078 12522 12654 12710 12306 12687 11885 12466 12718 11951 12577 11213 12754 11986 12082 12369 12027 12096 12092 11507 12047 12323 12598 12051 12020 12005 11354 12503 12042 11644 12730 12615 11926 12692 11923 12647 11757 12159 12140 12215 11795 12207 12243 12326 11786 11954 12321 11683 13168 12188 12873 12314 12217 11957 12541 12284 12605 11948 12545 12320 11899 12489 12243 12130 11886 12292 12882 12710 12313 11918 11741 12172 12279 12531 12469 12107 12335 12779 12324 12421 12598 11951 12256 11859 12420 12390 12516 11851 11523 11654 12384 11830 11864 12296 12123 11651 11873 12122 11634 12310 12171 11961 12500 12134 12376 12268 13180 12242 13009 11892 12580 11666 12244 13004 12229 12545 12627 12768 12297 11685 11727 12191 12325 11810 11631 12080 11920 12761 12619 12022 12233 12312 11626 12460 12302 11642 12273 12123 12813 12260 12582 11708 12501 12083 12883 12268 12190 12217 12105 11938 12384 12064 12004 12173 12001 11761 12063 12342 11897 12115 12344 12803 11900 13044 12535 11509 11427 12685 11962 12229 12705 12621 12135 11878 12603 12811 12142 12201 12748 12441 11539 12197 12569 12020 12322 12972 12520 12254 12796 12506 12281 12751 11741 12310 12549 11680 12247 12808 12359 12394 11974 12556 11847 12429 11880 12666 12757 11742 11727 12515 12369 12851 12365 12416 12814 12429 12298 12129 11628 11923 12531 12305 12455 12306 12097 12144 12914 12639 12468 12159 12455 12559 12259 12461 12744 11864 12568 12264 12358 12474 11530 12165 12081 12746 12002 12126 12485 11876 12577 12155 12506 12250 12574 12016 12595 13014 12200 12220 12449 12677 12508 12543 13078 12919 11864 12053 12040 12317 12407 12297 11896 12686 12084 12471 11814 11863 12050 12800 12306 12520 12143 12580 12426 11730 11349 12306 11939 11495 12089 12230 11976 12278 12942 12681 11759 12501 12823 12529 11814 12663 12470 12381 12311 11578 11923 12002 12806 13455 12468
12068 12023 11973 12272 11847 12024 12379 12523 11962 11517 11283 11723 11810 11790 11977 12218 12007 11643 11793 11407 11812 12398 12270 12435 11909 12175 11984 12005 11941 11137 11843 12083 12388 11979 11741 11306 11700 11779 12090 11502 12188 12088 11824 12162 12617 12259 11606 11564 12498 11627 12257 11890 11827 11284 12456 11972 11964 12136 11792 12064 12232 12130 11904 11727 11991 11941 11580 11438 12447 11779 11891 12084 11623 12383 12496 12257 11971 12171 12271 11530 11900 11931 12146 11273 11365 12056 11505 11441 12274 12298 11833 11619 12434 12730 12536 12111 11853 11811 12342 12037 11841 12123 11461 12316 11892 12058 11829 12279 11739 11755 11227 12146 11657 12565 12165 11695 11975 11367 12033 11453 11352 12430 12156 11933 12521 11576 12240 11749 11586 11857 12202 11579 11553 12074 11898 11648 11836 11679 11538 12838 11830 12234 12243 12164 12125 12321 11989 12378 11391 12640 12340 11807 12119 12245 12100 11401 11553 11952 11960 11711 11678 11940 12050 11870 12026 11799 11716 12293 12215 12201 12043 12050 11675 12181 11664 12138 12387 11945 11523 11794 11651 11762 11937 11905 11769 11611 11732 11559 11936 11426 11892 11895 11782 12160 11892 12196 11800 12581 12146 12713 11825 12345 11585 11983 12422 12381 12280 12062 12513 12024 11476 11557 12425 11809 11829 11340 11840 11703 12159 12683 11610 12021 11932 11499 12004 12029 11781 12186 11858 12550 11993 12363 11138 12129 12057 12296 11722 11548 12007 12037 11792 12265 11844 11428 12177 12128 11295 11824 11983 11652 12335 12260 12323 11728 12456 12170 11470 11032 12256 11687 12032 12254 12254 11728 11341 12448 12439 11597 11384 12130 11740 11636 12217 12335 12217 12310 12331 11905 11929 12476 12173 12170 12141 11759 11966 12363 11486 12026 12226 12153 12105 11143 12247 11253 11978 11526 12510 12029 11668 11617 12656 11549 12682 11983 12342 12583 12076 12196 11987 11673 11784 11760 12277 12178 12026 11750 11740 12334 12602 12477 11769 12200 12423 11915 12246 12080 11663 12364 12183 11769 11900 11330 11770 12423 12532 11695 12002 12315 11537 12069 11949 12157 11654 12613 11825 12352 12505 12071 12073 12078 12429 12414 12220 12866 12518 11766 11855 11722 11846 12025 11910 11537 12275 11686 11971 11484 11777 11935 12214 12062 12087 11601 12168 12046 11576 11439 11839 11304 11030 11720 11708 11809 11911 12326 12430 11601 12453 12143 11994 11774 12429 12088 12435 11839 11851 11687 12197 12232 12658 11925
12896 12805 12631 13025 12456 12303 12822 12905 12583 12275 12153 11868 12634 12496 12891 12715 12732 12433 12552 11877 12595 13037 13032 13035 12925 12684 12559 12650 12906 12112 12279 12629 13097 12383 12438 11860 12247 12208 13181 12092 13175 12672 12390 13154 13253 12696 12391 12364 13251 12312 12675 12329 12363 12352 12793 12675 12606 12887 12609 12894 12830 12534 13038 12729 12827 13185 11881 11953 12915 13012 12538 12843 12150 13304 12999 13195 12225 12957 13117 12517 12823 12532 12900 12176 12453 12995 12580 12454 13134 13135 12516 12502 13306 12774 13010 12609 12465 12623 12927 13175 12512 12868 11569 13139 12347 12812 12522 12388 12873 12618 12389 12468 12451 12996 12594 12195 12474 11952 12883 12183 12346 13547 13025 12687 13090 12274 13286 12463 12511 12265 12719 11963 12704 12512 12670 11901 12643 12815 12027 13512 12514 13291 12826 12556 12438 13274 12773 12961 11892 13141 13119 12598 13225 12728 12628 12415 12300 13148 12655 12822 12334 12374 12670 12513 12924 12414 12342 13052 12903 12698 12995 12986 12502 12363 12337 12756 12767 13072 12281 12635 11946 12468 12183 12360 12314 12452 12234 12058 12558 12129 12627 12284 12387 12801 12959 12181 12344 13428 13165 13352 12625 13048 12225 12538 13015 12897 12997 12667 13351 12645 12244 11834 12840 12391 12788 12086 12104 12696 12889 13393 12770 12437 13135 12191 12637 12945 12589 12780 12996 13431 12281 12994 12585 12646 12482 13309 12682 12696 12685 12825 12323 12850 12625 12438 12865 12329 11882 12757 12632 11932 12849 13053 12966 12426 13401 13033 11782 12144 12897 12279 12651 12997 12830 12186 12081 13069 12998 12500 12350 13161 12718 12135 12955 12598 12618 12980 13223 12589 12762 13096 12987 12611 13167 12366 12826 13144 12331 12795 12864 13019 12833 12045 12456 12219 12406 12261 12905 13162 12483 12438 13032 12636 13334 12929 13113 12709 12753 12616 12385 12368 12042 12922 12943 12706 12727 12944 12200 13311 13452 12793 12430 12680 13017 12617 12985 13018 12664 12951 12960 12371 12890 11953 12536 13109 13013 12799 12700 12818 12129 12929 12453 12695 12841 12953 12804 12746 13158 12681 12946 12755 13035 12997 12817 13360 13180 12525 12387 12358 12810 13055 12592 12696 12539 12469 12388 12346 12472 12740 13075 12782 12768 12344 12906 12729 12226 11748 12869 12294 12005 12523 12229 12641 12864 13040 13048 12266 12847 13407 13151 12510 12995 12838 12971 12831 12694 12471 12545 13137 13542 12828
12564 12497 12205 12289 12127 12112 12698 12784 12385 11971 12036 11899 12351 12141 12225 12220 12440 11994 12227 11837 11984 12566 12486 12517 12733 12357 12270 12043 12318 11631 12235 12519 12617 12090 12178 11148 11738 11898 12601 11856 12535 12330 11819 12674 12998 12724 12019 11932 12811 11956 12778 11922 12024 12035 12287 12215 12304 12568 11939 12257 12205 12400 12501 12443 12335 12189 11874 11536 12572 12614 12205 12312 12036 12558 12536 12909 12231 12739 12525 12196 12367 12039 12700 11965 12018 12867 11746 12079 12403 12442 12189 12049 12624 12747 12906 12593 12345 12083 12756 12372 12039 12359 11572 12957 12029 12410 12105 12155 12232 12140 11727 12398 12208 12794 12357 11582 12183 11735 12364 12168 11645 12934 12506 12066 12334 12189 12746 12045 12280 12043 12487 12108 11605 12133 12428 11840 12177 12369 11766 13191 12208 12908 12475 12370 12544 12606 12336 12805 11482 12597 12329 12163 12381 12405 12199 11794 12002 13028 12624 12018 12085 11756 12494 12340 12603 12309 12174 12897 12796 12282 12828 12471 12087 12387 11985 12333 12902 12760 11913 12160 12070 12145 11986 12079 12313 12248 11739 11654 12496 11836 12157 11826 12345 12728 12510 12198 11968 12945 12645 12855 12350 12486 11996 12236 13028 12335 13042 12458 12655 12378 11911 11403 12124 12265 12237 11621 11657 12231 12765 12489 12131 12397 12461 12096 12397 12468 11782 12311 12213 13062 12163 12800 11685 12541 12055 12710 12027 12439 12311 12032 12047 12379 12298 11711 11937 11935 11703 12517 12285 11957 12657 12734 12245 12394 13242 12799 11384 11897 12553 11851 12327 12752 12764 11967 12198 12807 12479 12040 12198 12572 12211 11873 12564 12261 12486 12769 12815 12162 12266 12828 12292 12495 12526 11949 12365 12351 11864 12254 12180 12409 12235 11842 12130 12135 12239 12178 12594 12737 12031 11844 12998 12522 13005 12202 12457 12875 12299 12638 12076 11982 11867 12212 12390 12329 12510 12344 12243 12870 12646 12736 12303 12531 12609 12401 12580 12494 12166 12331 12638 12116 12226 11537 12040 12686 12788 12145 12198 12547 11946 12389 12285 12472 12517 12551 12530 12629 12863 12242 12338 12459 12224 12720 12626 13243 12412 12295 12243 11970 12159 12247 12301 12183 12592 12002 12335 11988 12140 11721 12677 12460 12670 11979 12273 12461 11932 11581 12167 12131 11703 12026 11829 11959 12210 12922 12665 11849 12531 13101 12489 11990 12891 12378 12516 12190 11760 12004 11897 12593 13717 12420
12405 12106 11808 12629 11685 11911 12178 12424 12186 11980 11768 11704 12245 12022 12170 12394 12142 11529 12142 11054 12062 12203 12587 12580 12559 12720 12389 12144 12407 11835 12229 12171 12735 12330 11958 11100 11615 12232 12513 11763 12460 12218 11981 12239 12844 12444 12176 11663 12520 11775 12415 11922 12163 11780 12334 12044 12017 12718 12007 12163 12223 12081 12480 11757 12096 12298 11592 11353 12347 12519 12146 12304 11650 12386 12182 12770 12059 12513 12237 11942 12075 11969 12014 11841 11881 12484 12048 11769 12477 12186 12186 11691 12521 12645 12490 12386 12525 11880 12212 12417 12084 12171 11715 12915 12091 12207 12359 11941 12311 11934 11703 12436 12302 12371 12407 11997 12225 11566 12454 11623 11513 12663 12416 12363 12218 11633 12510 11701 12113 11951 12468 11395 11897 12359 12141 11650 11871 11921 11948 12963 12109 12803 12191 12072 12487 12741 12407 12623 11857 12540 12411 11879 12546 12438 12104 11919 12000 12469 12399 12137 12144 11826 12232 12149 12445 11930 11839 12521 12405 12259 12281 12617 11945 12308 11799 12005 12263 12241 11724 11932 11732 11963 12050 12080 12119 11820 11692 11727 12245 11805 12292 11918 11747 12656 12449 12018 12290 12579 12412 12908 11803 12498 11720 12023 12658 12057 12548 12595 12617 12221 11493 11495 12188 12223 12099 11614 12158 12090 12213 12778 11966 12193 12203 11897 12086 11926 11710 12299 12359 13175 12222 12735 11363 12632 12212 12672 12184 12339 12242 12269 11964 12434 12073 11856 12201 12112 11838 12200 11964 12100 12093 12611 12615 11846 13013 12599 11865 11537 12335 11952 12374 12656 12476 12270 11565 12477 12641 12061 11997 12633 12281 11570 12453 12266 11912 12423 12805 12039 12149 12434 12209 12662 12336 12076 11828 12286 11787 12074 12245 12417 12615 11664 12160 11904 12054 11938 12149 12624 11919 11866 12702 12505 13041 12415 12457 12349 12112 12091 11984 11657 11792 12187 12355 12296 12017 12220 11730 12723 12627 12298 12121 12250 12421 12343 12634 12783 12092 12268 12261 12099 12257 11325 11936 12398 12637 12092 12234 12523 11926 12227 12028 11976 12470 12648 12073 12856 12861 11977 12243 12470 12558 12535 12263 13191 12819 11717 12028 12015 12438 12161 12071 12014 12834 12206 12378 12058 11747 11959 12668 12462 12368 12005 11992 12196 11763 11766 12140 11625 11433 11801 11563 12102 12257 12737 12530 11726 12673 12824 12570 12202 12849 12281 12522 12449 11674 12202 11926 12630 13107 12569
12462 12717 12249 12682 12141 12434 12665 12623 12489 11967 12017 11909 12216 12267 12724 12461 12553 12221 12267 11701 12609 12475 12688 13028 12669 12532 12300 12589 12621 12087 12498 12674 13063 12406 12244 11814 11833 12637 13022 11823 12694 12782 11970 12727 13048 12397 12204 12265 13214 12204 12712 12052 12334 12232 13080 12191 12441 13411 12109 12526 12853 12508 12562 12419 12469 12639 11805 11674 12837 12578 12568 12246 12124 12976 12951 12954 12381 12682 12594 12511 12565 12088 13128 12067 11932 12732 12124 12349 13019 12391 12427 12036 12978 12858 13199 12166 12456 12321 12694 12850 12546 12421 11498 13005 12091 12345 12312 12638 12329 12384 12126 12194 12536 12817 12587 12355 12396 11896 12612 12031 12099 13119 12606 12301 12840 12060 12686 12240 12435 12333 12406 12098 12450 12543 12348 11817 12156 12492 11971 13396 12159 12943 12684 12528 12572 12598 12392 12465 11931 12917 12695 12353 12527 12486 12229 12347 12459 12728 12691 12689 12155 12113 12220 12506 12643 12355 12125 12560 13038 12717 12948 12715 12408 12634 12249 12782 12628 12700 12201 12162 11982 12467 12258 12084 12367 12575 12105 12091 12211 11663 12371 12213 12328 12866 12412 12386 12237 13070 12655 13054 12351 12310 12093 12257 13097 12044 13018 12631 13261 12666 11984 11950 12397 12274 12170 12177 12098 12392 12503 12550 12262 12508 12691 11594 12683 12527 12176 12850 12361 13288 12226 12776 11876 12660 12592 13512 12540 12305 12511 12369 12063 12814 12167 12130 12275 12193 11666 12519 12578 11868 12881 12610 13063 12496 13338 12833 11924 11971 12605 12127 12546 12826 12932 12241 12204 12768 12874 12065 12083 13009 12526 12072 12589 12591 12585 12805 13189 12422 12356 12593 12612 12321 13144 12072 12548 12474 12023 12534 12664 12705 12671 11647 12349 12245 12548 12024 12909 12763 12244 12310 12798 12453 13251 12731 12931 13082 12431 12689 12526 12251 12008 12915 12975 12550 12750 12541 11969 12964 13284 12582 12264 12558 12829 12748 12778 12583 12285 12726 12500 12210 12862 11869 12507 12640 12948 12257 12898 12958 12079 12553 12431 12415 12626 12522 12585 12770 12840 12593 12402 12426 12797 13000 13029 13203 13211 12046 12165 12207 12514 12724 12488 12285 12644 12379 12411 12218 11970 12061 13162 12558 12589 12126 12380 12503 12131 11525 12397 12127 12007 12132 12232 12402 12590 12883 12768 11778 12961 12982 12893 12095 12844 12809 12807 12655 12277 12176 12000 12825 13429 12719
12349 12433 12163 12575 11916 11721 12684 12430 12319 12169 11923 11667 12277 11997 12521 12413 12347 11778 12383 11426 11977 12544 12479 12903 12661 12677 12098 12545 12553 11702 12489 12398 12487 12055 12045 11890 11592 12413 12416 12237 12641 12596 12174 12717 13074 12251 11975 11750 12891 11847 12699 12423 11886 11908 12647 12193 12257 12742 12069 12321 12126 12606 12390 12189 12142 12504 11531 11461 12350 12626 12419 12605 11750 12893 12819 12799 12128 12787 12366 11921 12100 12193 12430 12159 12136 12515 11767 12160 12609 12478 11966 11970 12742 12705 12530 12553 12322 11933 12490 12697 11991 12411 11454 12555 12048 12248 12263 12201 12171 12184 11914 12098 12319 12494 12262 12030 12118 11707 12469 11955 11549 12786 12497 12143 12195 11920 12736 11838 12237 11978 12625 11627 12064 12322 12373 11545 12070 12174 11996 13062 12216 12916 12296 12275 12689 12977 12480 12575 11459 12800 12409 11852 12754 12171 12327 11704 11950 12620 12381 12154 12142 11637 12330 12114 12270 12421 12228 12854 12695 12302 12552 12766 12215 12345 11980 12192 12388 12345 11965 11902 11509 11710 12200 12123 12362 12154 12116 11785 12263 11798 12247 11840 12156 12718 12367 12129 12124 12933 12209 13052 12008 12500 11941 11703 12980 12203 12454 12737 12674 12325 11987 11613 12276 12331 12391 11240 11684 11917 12670 12979 12275 12223 12299 11836 12072 12594 11914 12113 12781 12845 12358 12501 11939 12480 12369 12847 11821 12354 12431 12165 12207 12546 12384 11901 12414 12401 11533 12100 12252 11794 12448 12558 12368 12110 12978 13074 11684 11510 12347 12274 12506 12531 12642 12285 11817 12684 12627 11829 12185 12723 12063 11824 12552 12021 12194 12467 12726 11845 12219 12535 12696 12405 12765 11964 12055 12553 11728 12486 12454 12461 12429 11552 12434 11809 12046 11905 12611 12404 12074 11707 12394 12016 12607 12199 12691 12567 12226 12292 12079 11887 11980 12169 12481 12421 11927 12174 11994 12647 12867 12250 11847 12449 12401 12306 12588 12620 12032 12302 12500 12353 12342 11656 12007 12596 12655 11908 12146 12400 11923 12259 11994 12269 12495 12856 12471 12479 13009 12485 12340 12588 12485 12412 12355 13050 12532 11965 12028 11747 12235 12688 12281 11912 12689 12320 12362 12107 12058 12115 12594 12456 12422 11792 12506 12255 11779 11768 12232 11731 11454 11874 11707 12241 12288 12758 12609 11887 12720 12637 12537 12057 13022 12449 12432 12401 11709 12016 11948 12679 13093 12321
12175 12778 12176 12690 12156 12285 12494 12839 12646 12130 12468 11987 12488 12073 12684 12588 12515 12042 12501 11697 12338 12642 12772 12995 12430 12871 12160 12075 12607 12024 12321 12379 12905 12386 12024 11356 12021 12255 12560 12346 12522 12444 12362 12569 13204 12333 12103 11844 13014 12167 13007 11898 12204 12174 12828 12511 12249 12810 12134 12399 12282 12453 12513 12166 12264 12689 11710 11788 12823 12592 12388 12547 11947 12932 12884 12742 11915 12609 12388 12348 12281 12154 12400 12259 12061 12433 12028 11970 13022 12438 12214 12181 12726 12568 12828 12408 12381 12352 12520 12576 12307 12657 11564 12983 12125 12303 12388 12614 12641 12363 11940 12179 12432 12712 12234 12393 12207 11883 12556 12020 11998 13114 12573 12315 12462 12403 12522 11926 12188 12437 12467 11829 12112 12412 12300 12016 12044 12322 11903 12862 12570 12831 12687 12614 12357 12695 12320 12940 12063 12839 12743 12029 12559 12291 12444 12212 12452 12610 12719 12275 12228 12018 12256 12451 12745 12460 12242 13065 12754 12546 12726 12325 12284 12865 12066 12368 12782 12452 12042 11975 11868 12386 11848 12092 12311 12302 11830 11830 12012 11666 12399 11953 12332 12823 12576 12472 11976 12887 12727 13024 12188 12260 11999 12144 12962 12289 12856 12671 12970 12352 11792 12028 12651 12648 12577 11971 11882 12447 13073 12527 12284 12549 12680 12042 12405 12063 11752 12519 12411 13032 12612 12612 11843 12690 12482 13013 12308 12476 12732 12438 12421 12788 12457 11791 12503 12142 12185 12330 12589 12003 12494 12647 12706 12410 13014 12565 11932 12177 12321 12406 12413 12924 12624 12339 12065 12934 12649 11909 11982 12483 12515 11755 12613 12500 12479 12425 12769 12281 12351 12949 12424 12530 12808 12227 12545 12769 11880 12414 12422 12399 12642 11933 12416 11989 12443 12112 12459 12798 12017 12094 12519 12435 13088 12648 12683 12443 12270 12467 12400 12364 12227 12573 12610 12323 12316 12557 12028 12854 12885 12988 12026 12329 12803 12617 12655 12352 12081 12622 12940 12025 12592 11611 12152 12697 12520 12275 12761 12765 12346 12423 12129 12373 12406 12841 12569 12986 13009 12212 12322 12438 12761 12331 12407 13020 12894 12275 12332 12051 12538 12596 12316 12244 12632 12463 12701 12220 11982 12223 12690 12491 12870 12046 12465 12725 11967 11850 12814 11752 11856 12076 12121 12331 12513 12514 12680 12130 12481 13086 12853 12064 13308 12544 12466 12231 11699 12336 12327 12979 13183 12818
11773 11831 11609 11951 11615 11570 11941 11753 11745 11543 11043 11390 11830 11634 11881 12060 11976 11447 11397 11040 11678 11721 11873 12160 11805 12244 11885 11577 11951 11213 11621 11874 12447 11355 11337 10946 11445 11551 12144 11590 11841 11699 11222 11739 12497 11749 11301 11338 12285 11288 11563 11410 11390 11415 12208 11691 11655 12025 11522 11745 11574 11451 12040 11499 11920 11665 11047 11049 12076 11603 11357 12041 11167 12013 11842 12366 11389 12089 11807 11645 11872 11224 11895 11473 11476 12184 11651 11358 11983 11893 11516 11261 11980 12020 12117 11746 11853 11727 12177 12287 11550 12055 11472 12539 11764 11990 11720 11559 11901 11382 11408 11608 11401 12043 11783 11625 11643 11291 11820 11205 11102 12146 12123 11682 12226 11383 12042 11255 11614 11468 11939 11079 11320 11459 11415 11119 11826 11627 11525 12571 11752 11839 11795 11976 11363 12146 11897 12183 11218 12404 12055 11401 11871 11641 11731 11385 11636 11994 12278 11600 11436 11404 11624 11998 11847 11834 11605 12047 11928 11551 12068 12023 11600 11664 11348 11979 11804 11818 11156 11612 11290 11611 11478 11295 11265 11410 11443 11145 11458 11285 11871 11521 11595 12007 11519 11557 11793 12122 12065 12404 11570 12023 11469 11403 12153 11632 11889 11934 11802 11536 11136 11022 11806 11910 11820 11053 11400 11736 12052 11910 11544 11708 11611 11466 11825 11650 11332 11913 11713 12176 11851 12192 11251 11663 11638 12659 11595 11784 12031 11889 11250 11887 11723 11168 11555 11626 11432 11249 11819 11336 11893 11789 12011 11784 12341 12178 10980 11196 12166 11621 11802 12128 11764 11580 11332 11990 12061 11280 11880 12243 11744 11199 12014 11879 11756 11873 12358 11678 11426 12353 11548 11816 12314 11469 11585 11991 11245 11801 11550 11915 12057 11013 11957 11328 12022 11392 11925 11963 11586 11226 12026 11731 12290 11833 12081 11811 11508 11632 11605 11693 11460 12032 11817 11569 11984 11651 11416 12160 12428 12203 11641 11947 11669 12038 12339 11953 11350 11912 11710 11658 11767 10938 11547 12146 12219 11676 11588 11743 11077 11878 11841 11814 11834 12309 12070 11930 12232 11718 11933 11740 12166 11750 11975 12611 12236 11592 11725 11507 11617 11813 12057 11120 11935 11633 11870 11713 11527 11728 11980 11949 11604 11102 11856 11626 11660 11240 11807 11348 11124 11337 11663 11691 11939 12069 12263 11353 11709 12467 11908 11261 12392 11786 11981 11742 11448 11603 11520 12162 12587 11828
11911 11865 11506 12018 11247 11840 12215 11925 11904 11848 11795 11338 11903 11576 12138 12173 11869 11684 11842 11086 12188 12190 12062 12292 12361 12033 11563 11870 12105 11494 12061 11889 12314 11823 11714 10959 11585 12005 12109 11664 12267 11831 11596 12253 12577 12243 11505 11336 12633 11520 12200 11618 11418 11464 12080 11921 11849 12265 11523 12100 11894 12254 11877 11909 11869 12329 11105 11040 12037 11939 11880 11832 11428 12065 12297 12311 11847 12009 12007 11521 11561 11373 12098 11858 11527 12001 11326 11575 12419 12032 11656 11601 12568 12288 12253 12027 11615 11843 12208 12211 11701 12085 10910 12060 11386 11871 11925 11887 11926 11909 11436 11592 11541 12043 11596 11528 11503 11326 11856 11540 11116 12330 12343 12107 11762 11629 12472 11559 11761 11618 12011 11050 11474 11586 12202 11299 11718 11750 11553 12634 11913 12312 12005 11678 11687 12335 12194 12191 11449 12677 12157 11692 12389 11998 11911 11342 11755 12148 12039 11860 11419 11843 11726 11923 12169 11656 11961 12196 12203 11958 12193 12382 11776 11927 11727 11950 11924 12385 11331 11327 11132 11774 12202 11546 11619 11762 11428 11348 11891 11554 11908 11633 11628 12068 12059 11781 11514 12561 12157 12439 11557 12140 11318 11601 12146 11755 12139 11966 12370 12144 11261 11402 12136 11892 11976 11495 11479 11907 12167 12315 11718 11886 11736 11407 11994 11548 11375 12122 11985 12326 11546 12316 11402 12284 11724 12569 11677 11681 11965 12048 11667 12274 11787 11644 11827 11829 11103 12010 11915 11536 12293 11960 12328 11687 12613 11822 11403 11677 12078 11794 11984 12186 11923 11529 11506 12305 11832 11433 11754 12439 11774 11361 12213 12109 11756 12057 12438 11706 12106 12462 11757 11953 11983 11629 11723 12203 11611 11663 12048 11910 12116 11039 11805 11514 11784 11501 12332 12440 11784 11633 12075 11798 12423 12230 12109 12308 11883 11813 11858 11591 11481 11923 12150 11887 11607 11544 11695 12394 12147 12573 11654 11741 12169 11861 12310 12024 11486 12113 12110 12056 12335 11151 11552 12216 12111 11589 12021 12065 11596 12006 11754 12073 12084 12267 12102 12517 12603 11653 11826 12172 12155 12075 12137 12807 12293 11612 11853 11528 11701 11990 11974 11604 12202 12237 11975 11645 11901 11558 12362 12362 12197 11587 11935 11524 11345 11171 11768 11434 11305 11446 11389 11458 12137 12312 12292 11338 12020 12201 12068 11764 12699 11729 11674 11705 11601 11437 11660 12385 12700 12057
12707 12296 11967 12580 12182 12202 12388 12329 12265 12003 11866 11997 12128 12056 12576 12881 12237 11763 12158 11454 12410 12582 12447 12758 12239 12478 12288 12452 12365 11804 12630 12564 12615 12068 12222 11658 11661 12411 12595 12158 12665 12290 11895 12403 12979 12401 11827 11869 12941 11868 12851 12077 11984 11920 12967 12389 12185 12670 12009 12643 12480 12246 12446 11866 12399 12282 11706 11779 12717 12261 12116 12573 12146 12873 12467 12797 11917 12737 12421 12075 12474 12144 12169 11777 11630 12693 12134 11863 12760 12486 12095 11887 12923 12444 12875 12506 12340 12392 12500 12693 12113 12342 11550 12733 11858 12361 12797 12295 12231 12051 11971 12266 12232 12723 12478 12013 12105 11689 12352 11898 11474 12774 12519 12346 12386 11966 12701 12098 12055 12084 12438 11487 11868 12500 12040 11621 11956 12000 11638 12950 12253 12633 12497 12749 12441 12839 12473 12873 12042 12697 12574 12160 12461 12336 12523 11912 11975 12710 12304 12337 11917 11820 12335 12106 12429 12122 12177 12720 12898 12163 12310 12452 12154 12468 12053 12400 12640 12247 11825 12025 11903 12023 12185 11920 12121 12157 11970 11529 12099 11857 12171 11778 12203 12849 12137 12236 12340 12700 12540 12764 12071 12507 11645 12142 13204 12002 12706 12644 13017 12122 11637 11945 12298 12201 12492 11911 11745 11899 12478 12805 11691 12472 12468 11632 12321 12294 11891 12331 12693 12812 12174 12664 11819 12610 12595 13058 11914 12033 12278 12398 12196 12427 12213 11764 12201 12044 11481 12206 12332 11671 12356 12191 12411 12235 12788 12419 11939 11694 12373 12168 12167 12636 12591 11967 11877 12920 12832 12027 12172 12699 12384 11995 12230 12372 12149 12640 13012 12029 12400 12645 12388 12848 12463 12114 12203 12758 12031 12485 12425 12310 12538 11773 12513 11968 12058 11886 12411 12718 11938 11833 12737 12365 12859 12468 12521 12545 12057 12343 12032 12057 11817 12347 12387 12364 12412 12227 11942 12899 12496 12526 11963 12271 12779 12425 12718 12377 11895 12242 12572 11840 12248 11536 12023 12319 12861 11836 12358 12418 12115 12415 12366 12281 12142 12906 12178 12614 12818 12400 12374 12593 12616 12461 12549 13144 13026 12021 12105 11936 12214 12203 12152 11793 12534 12284 12281 12406 12262 11827 12852 12319 12493 12264 12362 12352 11614 11851 12102 12004 11672 11924 12046 11988 12047 12625 12644 11945 12343 12911 12337 11960 13138 12470 12527 12328 12008 11938 11814 12809 13192 12602
11479 11484 11333 11967 11034 11762 11728 11695 11665 11253 11233 11312 11720 11387 11658 11782 11533 11608 11488 10924 11492 11955 11944 11926 11915 11543 11557 11516 11617 11194 11876 11603 11533 11494 11086 10917 11230 11587 11783 11424 11948 11768 11394 11767 12388 11876 11513 11395 12068 11609 12024 11344 11156 11111 12130 11253 11630 12335 11404 12017 11543 11328 12055 11443 11919 11652 10905 10837 11736 11817 11538 11723 11450 12128 12265 12005 11064 11947 11718 11347 11560 11417 11982 11100 11306 11643 11210 11267 11833 11987 11377 11425 12039 11940 12031 11665 11822 11751 11834 11751 11230 11657 10788 11940 11511 11517 11802 11643 11601 11284 11056 11216 11743 11911 11719 11255 11394 10966 11924 11247 11353 12312 11763 11736 11780 11553 11831 11643 11443 11173 11714 10881 11452 11595 11635 10967 11523 11123 10917 12279 11314 12170 11583 11569 11814 11871 11825 11704 11262 11994 12010 11373 11900 11785 11474 11119 11358 11757 11969 11622 11432 11123 11487 11668 11930 11454 11581 11887 12025 11584 12078 12179 11379 11725 11133 11712 11786 11913 11221 11394 11207 11622 11487 11413 11223 11424 11287 11212 11573 11196 11758 11448 11279 11900 11726 11662 11215 12297 11975 12030 11575 11969 11065 11615 12327 11500 12006 11710 11764 12014 11274 11261 11705 11536 11674 11049 11349 11568 11724 12327 11557 11709 11684 11478 11732 11609 11177 11858 11753 12051 11461 12161 11006 11754 11599 12222 11694 11411 11783 11777 11480 11896 11691 11067 11504 11447 11015 11613 11915 11044 11785 11824 11630 11885 12205 12126 10984 10985 11749 11350 11909 11814 12002 11473 11266 12009 12190 11287 11373 11854 11374 10967 11865 11759 11912 12166 11914 11628 11470 12169 11607 11741 11909 11510 11687 11751 11439 11779 11762 11903 11635 10956 11426 11017 11475 11412 11959 11915 11189 11149 12057 11927 12478 11812 12003 11744 11370 11643 11425 11551 11122 11746 11915 11908 11636 12013 11561 12272 12196 11966 11496 11693 11904 11599 12211 11800 11482 11524 11892 11428 11706 10757 11063 11983 12041 11496 11620 11896 11116 11919 11229 11736 11636 12036 11911 11673 12477 12112 11818 11840 11986 11950 11553 12313 11927 11475 11360 11702 11546 11826 11625 11340 12137 11357 11899 11644 11375 11336 12173 11816 11826 11061 11649 11601 11234 10866 11762 11381 11016 11425 11404 11293 11868 12274 11862 11217 12069 12277 12037 11523 12053 11901 11655 11478 10878 11330 11502 11909 12736 11970
12714 12717 12222 12765 12221 12161 12533 12626 12189 11966 12124 12113 12371 12096 12480 12553 12393 12218 12198 11633 12398 12759 12811 12882 12658 12625 12350 12369 12184 11842 12374 12568 12747 12322 11955 11608 11784 12340 12681 11928 12635 12418 11990 12732 13225 12517 12196 11874 12861 12308 12811 12091 12144 11885 13036 12300 12401 13142 12200 12364 12297 12657 12425 12191 12389 12243 11674 11412 12716 12343 12470 12461 11820 12845 12905 12744 12283 12444 12281 12159 12523 11885 12386 12064 12148 12896 12266 11987 12748 12270 12196 11980 12910 13040 13062 12688 12105 12500 12537 12593 12160 12502 11673 12927 11860 12465 12048 12555 12020 12369 11613 12133 11969 12725 12715 11981 11932 11417 12588 11844 11847 12852 12562 12521 12725 12181 12461 12047 11971 12288 12656 11811 11901 12523 12140 11569 11982 12294 12182 13338 12422 13034 12391 12496 12383 12856 12398 12931 12064 12624 12716 11882 12812 12627 12181 11770 12213 12511 12561 12275 12005 12295 12421 12373 12676 12359 12226 12831 12782 12687 12651 12855 12291 12355 12139 12550 12448 12314 12127 11996 11908 12446 12275 12138 12028 12355 11944 11400 12085 11800 12456 12030 12188 12800 12728 12257 12110 13013 12612 13154 12344 12691 12106 12133 12907 12492 12637 12555 12778 12562 12118 11624 12563 12008 12469 11763 12025 12453 12751 12825 12204 12180 12582 11968 12807 12383 11838 12564 12154 12811 12359 12675 11705 12463 12391 12721 11786 12332 12475 12373 12002 12635 12343 12198 12523 11894 11749 12186 12301 11962 12290 12485 12729 12207 13219 12684 11858 11896 12101 11985 12272 12882 12706 12263 11741 12852 12742 12033 11822 12462 12547 11835 12585 12565 12384 12486 12905 12177 12536 13050 12392 12563 12718 11967 12283 12475 12045 12366 12763 12585 12530 11883 12428 12129 12174 12113 12447 12707 12049 11807 12536 12433 12589 12416 12766 12607 12418 12520 12173 12126 12037 12259 12343 12273 12694 12082 12296 12877 12722 12795 11878 12244 12435 12617 12529 12456 11688 12675 12783 12111 12465 11874 12204 12663 12683 12401 12418 12680 12120 12414 12354 12217 12326 12838 12306 13026 12558 12381 12501 12352 12576 12810 12819 13158 12653 12206 12362 12297 12396 12625 12257 11840 13082 12669 12416 12290 12518 12185 12462 12456 12549 12305 12607 12433 11944 11715 12464 12008 11845 11970 12205 12248 12343 12939 12698 12156 12449 12808 12605 12148 12968 12515 12449 12301 12327 12246 12136 12800 13349 12740
11774 11825 11986 12308 11584 12207 12200 11889 12107 11674 11647 11532 11890 11561 12076 12175 11999 11533 11750 11116 12312 12395 12287 12675 12285 12096 11799 12054 12516 11276 12136 11991 12483 11631 12010 11157 11589 11828 12247 11329 12333 11735 11817 12053 12617 12412 12054 11810 12285 11454 12492 11504 11716 11688 12332 12486 11807 12628 11551 12279 11989 11982 12306 12076 12121 11945 11618 11143 12070 12184 12095 12143 11448 12523 12487 12286 11866 11948 11926 11900 11840 11588 12015 11694 11596 12208 11660 11784 12329 11948 11807 11711 12734 12297 12346 11826 12018 11764 12076 12312 11945 11955 11201 12172 11663 11897 12228 12254 11994 11701 11400 11955 11909 12314 12071 12060 11771 11404 12128 11584 11351 12668 12495 11959 12296 11506 12173 11695 11765 12083 12217 11698 11854 12181 12080 11306 11380 11837 11708 12803 11985 12500 12042 12280 12153 12547 11610 12474 11773 12455 12365 12060 11817 12032 11945 11919 11563 12389 11975 12280 11948 11583 12050 12166 11866 12193 11891 12464 12606 12147 12128 12408 11602 11776 12068 12446 12082 12507 11610 11625 11542 11878 11778 11531 11556 11891 11609 11591 11597 11744 12053 11517 11767 12078 11957 12156 11648 12697 12143 12563 12073 12187 11178 11799 12549 12037 12356 12474 12268 11999 11251 11539 12076 11928 12157 11531 11925 11640 12113 12411 11888 12170 11978 11566 12069 12010 11802 12183 12166 12582 11886 12218 11428 11993 12019 12940 12010 11916 12145 11646 11780 12294 11764 11696 12028 11780 11599 11828 12064 11827 12379 12193 11789 11947 12199 12128 11509 11293 11945 11679 12370 12782 12504 11561 12039 12581 12164 12024 11799 12396 11761 11358 11988 12318 12117 11991 12298 12068 11891 12634 11826 12361 12565 11842 11975 12185 11705 11818 12183 12184 12187 11317 12016 11446 12513 11769 12377 12503 11527 11469 12170 11974 12866 11979 12385 11974 11806 11975 11747 11876 11763 12152 11945 11984 12176 11996 11596 12592 12170 12429 11708 11973 12186 12023 12369 12414 11902 12086 12110 11830 12019 11165 11948 12320 12284 11698 12159 11760 11475 12058 11955 12104 11796 12233 12228 12593 12524 11880 11759 12093 12312 12241 12090 12794 12509 11927 11836 11770 12204 12344 12043 11608 12236 12013 12336 11701 12164 11888 12134 12358 11896 11857 12176 12032 11552 11469 12066 11469 11576 11728 11853 11520 11972 12634 12188 11332 12113 12592 11973 11585 12796 12139 12396 12048 11931 11819 12074 12339 12853 12090
12009 11617 11469 12401 11652 11562 12229 12231 11820 11658 11816 11772 11856 11547 12243 12196 11941 11716 11789 11217 11534 12421 12480 12303 12109 12431 12059 11954 12573 11615 11657 11825 12461 11781 11556 10856 11463 12053 12238 11764 12401 11895 11716 12132 12883 12291 11543 11551 12569 11686 12568 11797 11660 11668 12307 11921 11896 12572 11769 12039 12107 11905 11968 11781 11980 12138 11346 10972 12208 11583 11534 12111 11506 12341 12379 12303 11693 12095 12235 11655 11927 11652 12032 11659 11562 12292 11617 11827 12656 11613 11633 11313 12340 12302 12312 12110 12039 11725 12082 12358 11395 11957 11153 12421 11550 11788 11719 12167 12117 11846 11218 11737 11934 12092 11945 11700 11655 11164 12378 11396 11499 12581 12503 11925 12170 11837 12464 11474 11735 11871 12079 11489 11661 11911 11878 11579 11482 11983 11781 12749 11896 12397 12169 12228 11927 12269 11967 12312 11392 12365 12013 11562 12109 11736 11749 11594 11762 12357 12258 11846 11536 11650 11825 11901 12392 12002 11775 12432 12222 11931 12050 12291 11517 12127 11910 12101 12038 12251 11756 11365 11516 11940 11768 11573 12174 11827 11583 11010 11838 11694 11680 11649 11651 12339 11958 11718 11908 12477 12396 12531 12040 12019 11763 11681 12562 11748 12403 12077 12437 12193 11529 11521 12143 11895 11933 11348 11398 11827 11913 12246 11747 11894 11975 11602 12243 11958 11548 12177 11969 12606 12216 12029 11493 11816 11453 12299 12051 11823 11998 11902 11654 11947 11574 11630 12060 11604 11339 11744 12035 11539 12155 12419 12224 11911 12531 12141 11362 11428 12034 11628 12079 12312 11873 11724 11602 12168 12386 11592 11748 12320 11905 11599 11978 11946 11999 12098 12654 11855 11854 12135 12101 12001 12191 11580 11943 12262 11332 12278 12304 12190 12168 11164 11856 11420 11867 11625 12537 12225 11618 11534 12330 12090 12861 12169 12540 12328 11487 12198 11677 11414 11735 11929 12279 11822 11911 12073 11604 12378 12417 12240 11906 12037 12251 12076 12303 11862 11779 12193 12017 11898 12203 10988 11484 12508 12240 11677 11992 12021 11552 11807 11962 11883 11923 12175 12060 12329 12288 11655 11904 11999 12609 12276 12116 12882 12310 11891 11915 11681 11784 12337 11896 11871 12284 11785 12067 11873 11884 11774 12217 12016 12112 11672 11989 11747 11655 11355 11656 11194 11424 11479 11647 11593 11784 12425 12230 11204 12444 12513 12204 11350 12636 12226 11975 11906 11694 11589 11720 12111 12824 11909
11831 11658 11559 12026 11519 11759 11943 12026 11817 11368 11313 11352 11989 11397 11666 11744 11521 11198 11903 10996 11602 11945 11975 12090 11983 12050 11860 11722 11739 11122 11677 11838 12072 11557 11645 10499 11428 11823 11906 11360 11962 11855 11626 11762 12508 11936 11616 11371 11774 11347 12042 11515 11335 11321 11860 11710 11530 12211 11631 11508 11551 11744 11926 11500 11605 11790 11143 11317 11955 11728 11587 11864 11290 11859 12011 12320 11566 11815 11886 11505 11752 11575 11890 11420 11468 12180 11331 11563 11695 11901 11414 11297 11961 12037 12075 11739 11784 11467 11779 12102 11424 11933 10950 12351 11402 11574 11752 11687 11563 11692 10879 11926 11485 12055 11692 11546 11437 10969 11811 11436 10888 12123 12096 11690 11773 11117 12176 11419 11725 11310 11829 11039 11372 11656 11966 11245 11514 11773 11547 12304 11522 12197 11728 11907 11804 12243 11631 12212 10902 12069 12016 11522 11949 11856 11432 11161 11499 12058 11597 12055 11464 11479 11601 11625 11702 11895 11483 12124 12117 11797 12105 11822 11368 11938 11331 11849 12093 12146 11706 11180 11403 11704 11571 11679 11584 11724 11405 10962 11613 11193 11726 11418 11906 12025 11877 11579 11586 12457 12007 12271 11183 11745 11405 11363 12606 11849 12039 12013 12199 11852 11013 11232 11776 11803 11658 10993 11192 11546 11898 12118 11838 11878 11756 11118 11762 11650 11412 11960 11968 12286 11859 12009 11016 12024 11610 12346 11310 11817 11844 11642 11512 11864 11816 11520 11853 11368 11350 11682 11828 11355 11809 11713 12049 11677 12132 12324 11152 11043 11840 11568 12086 12183 12001 11773 11555 11936 11826 11464 11690 11983 11785 11187 11969 11587 12119 12106 12540 11624 11340 12058 11534 11771 12170 11397 12001 11895 11138 11847 11926 12063 12012 11113 11991 11120 11737 11455 11845 12290 11489 11356 11920 11640 12464 12035 12369 12049 11919 11739 11805 11337 11276 12114 12098 11884 11686 11464 11162 12112 12192 11946 11637 11986 12165 11867 12051 12046 11577 12019 11962 11599 11913 11047 11532 11698 12452 11566 11983 11804 11074 11657 11496 11670 11884 12118 11754 12235 12547 11554 11923 12005 11840 11791 11968 12618 12289 11555 11509 11600 11881 12115 11626 11813 12172 11600 12059 11482 11648 11654 12121 11832 12179 11469 11603 11636 11310 11052 11851 11459 11108 11193 11567 11683 11605 12313 11915 11280 11995 12232 11918 11502 12235 11889 11957 11884 11321 11459 11437 11888 12852 12236
12305 12366 12251 12820 12054 12356 12682 12167 12577 12107 11849 11765 12019 12030 12655 12441 12653 12298 12227 11817 12323 12470 12742 12890 12540 12586 12404 12385 12503 11900 12302 12209 12907 12191 12038 11572 12049 12004 12534 12070 12584 12472 12054 12657 12893 12497 12270 12293 12688 12071 12530 12052 12211 11780 12734 12300 11999 12646 11935 12433 12502 12566 12553 12190 12649 12500 11820 11629 12646 12680 12078 12318 11843 12719 12723 12726 12114 12461 12312 12044 12424 12211 12932 11968 11850 12674 11964 12039 12588 12675 12222 11919 12894 13006 12960 12373 12300 12361 12402 12593 12344 12697 11425 12864 12288 12650 12404 12258 12357 12151 11598 12244 11901 12862 12436 12022 12169 11710 12637 11753 11612 12874 12725 12097 12343 11680 12674 11971 11896 12001 12444 11751 12199 12341 12293 11658 12039 12452 12186 13199 12374 13032 12502 12565 12564 12656 12438 12552 12136 13058 12539 12042 12651 12505 12278 12006 12334 12829 12673 12510 12297 12185 12138 12349 12463 12671 11941 12761 12931 12468 12855 12513 12133 12542 12283 12796 12329 12653 11876 11939 11922 12097 12148 12276 12139 12283 12356 11946 12274 11850 12211 12038 12110 12396 12504 12219 12147 12844 12560 13025 12187 12399 12141 11847 13007 12379 12437 12613 12960 12525 11880 11821 12614 12046 12274 11865 11805 12333 12790 12969 12004 12413 12480 11931 12629 12230 11732 12352 12592 12673 12310 12667 11671 12349 11956 13136 12373 12351 12326 12584 11734 12658 12508 12321 12319 12110 11986 12140 12443 12112 12383 12445 12644 12310 12817 12926 11867 11784 12439 11938 12653 12793 12852 11987 11970 12946 12496 11914 12112 12702 12151 11882 12575 12398 12387 12607 12570 12129 12442 12840 12642 12663 12602 12015 12121 12460 11746 12404 12473 12527 12803 11821 12476 12038 12349 12443 12571 12409 12262 11967 12573 12501 13013 12336 12949 13058 12538 12135 12308 12174 12249 12496 12284 12243 12616 12594 12223 13026 12989 12614 12559 12278 12808 12374 12805 12450 11869 12551 12374 11905 12688 11745 12209 12417 12836 12474 12491 12630 11977 12662 12424 12452 12504 12857 12626 12591 12978 12671 12239 12446 12610 12517 12471 13338 12968 12292 12024 12169 12335 12512 12620 11877 12481 12247 12218 11847 12387 11725 12785 12342 12684 12430 12057 12484 11801 11460 12314 11939 11812 11999 12194 12380 12383 12815 12858 11968 12906 13188 12456 12006 13065 12334 12649 12262 12300 12102 12234 12997 13185 12519
12284 12479 11872 12542 11942 12044 12304 12585 12117 12130 11807 11706 12420 12147 12390 12656 12451 12247 12097 11524 12339 12406 12452 12859 12438 12541 12027 12240 12198 11503 12354 12134 12883 12078 11930 11527 11253 11939 12640 11830 12178 12178 11679 12363 13004 12252 12013 11876 12891 12117 12389 11779 12023 11977 12697 12133 12153 12540 11890 12316 12339 12348 12452 11808 12302 12234 11523 11719 12961 12409 12060 12312 11852 12479 12484 12656 11910 12450 12466 12140 12396 11920 12300 11851 11679 12575 11802 12003 12244 12523 11763 12031 12325 12688 12754 12653 12107 11960 12093 12509 12153 12214 11304 12737 11921 12225 12401 12381 12074 12250 11508 12199 12346 12511 12241 12147 11744 11391 12540 11879 11423 12680 12177 12243 12476 11635 12756 11986 12191 12081 12237 11390 12097 12406 12427 11494 12030 12388 11727 12858 12263 12647 12366 12359 12299 12883 12342 12733 11568 12666 12596 11871 12177 12034 12269 11785 12071 12428 12075 12227 12058 11858 12083 12180 12373 12252 11910 12574 12699 12559 12461 12438 11843 12292 12170 12373 12314 12271 12028 11911 11668 12420 11797 11918 11951 11991 11653 11704 12002 11516 12292 12033 12278 12380 12108 12367 11928 12804 12557 13225 12021 12365 11791 12069 12864 12477 12279 12254 13107 12295 11882 11909 12190 12066 12107 11758 11844 12285 12560 12717 12101 12173 12506 11934 12366 12206 11611 12493 12325 12763 12277 12294 11659 12267 12173 12713 11695 12101 12249 12063 12060 12496 12099 11836 12379 11916 11491 11805 12506 11905 12288 12362 12677 12406 12728 12537 11745 11648 12324 11857 12168 12658 12609 12131 11705 12739 12316 12267 12004 12614 12476 11899 12169 12384 11933 12011 12844 11828 12050 12625 11980 12677 12581 11827 12589 12408 11960 12621 12649 12794 12238 11509 12279 11759 12101 11704 12545 12376 11835 12008 12798 12466 12664 12335 12259 12607 12191 12177 11809 11826 11812 12513 12704 12209 12300 11861 11953 12356 12447 12414 11886 12211 12507 12752 12606 12393 11851 12431 12413 12105 12349 11339 11909 12268 12735 11919 12650 12182 11862 12203 11858 12272 12169 12262 11925 12801 12417 12419 12332 12729 12681 12379 12880 13155 12969 11788 12011 12204 12095 12474 11952 11999 12488 12110 12374 12098 11922 12099 12372 12289 12256 12108 12350 12128 11881 11719 12149 12012 11517 11998 11778 12379 12237 12756 12508 11851 12540 12910 12483 12108 12805 12596 12224 12153 12019 11581 12120 12838 12927 12620
11909 12196 11962 12176 11452 11828 12119 12153 11817 11927 11500 11457 12135 11602 11975 12195 12157 11784 12087 11064 11869 12479 12673 12194 12346 12371 12142 11824 12348 11730 11847 12106 12416 11975 11867 11145 11393 12032 12168 11454 12182 12028 11814 12125 12501 12091 11668 11464 12577 11876 12249 11846 11888 11951 12325 11908 11974 12404 11867 12032 11994 11762 12243 11911 12085 12355 11484 11207 12395 12145 11929 11963 11583 12309 12372 12586 11696 12241 12134 11873 11917 11876 12581 11743 11625 11926 11580 11867 12375 12071 11740 11837 12416 12196 12800 12207 12062 12178 12158 12381 12047 12050 11214 12807 11536 12056 12028 11786 11982 11667 11313 11765 11917 12359 12072 12017 11681 11151 12421 11835 11760 12484 12389 12008 11979 11422 12308 11545 11826 11783 12103 11232 12125 11528 12249 11466 11839 11985 11522 12835 12124 12503 12358 12405 11905 12274 11897 12095 11535 12440 12050 11732 12097 12089 11808 11733 11849 12647 11838 12137 11797 11670 11809 12037 12112 12242 11962 12350 12561 11983 12133 11871 11964 11930 11596 12118 12388 12364 11752 11777 11663 12156 11634 11777 11882 11673 11653 11649 12060 11410 11965 11887 11550 12131 12436 11979 11712 12483 12166 12485 11908 12135 11569 11829 12767 12084 12135 12513 12428 12147 11728 11411 12094 12058 12175 11486 11733 12036 12200 12359 11881 11910 12044 11537 12035 11872 11680 12227 12343 12482 12162 12177 11653 12160 12014 12794 11943 12025 12083 11979 11786 12490 12034 11967 11888 11628 11445 11652 12386 11972 12308 12346 12358 11885 12631 12552 11645 11581 12227 11907 12323 12336 12485 11844 11457 12457 12133 11703 11647 12495 11884 11735 12040 12159 11870 12082 12637 11704 11882 12356 12037 12221 12010 11513 12176 12427 11307 12052 12393 12178 12141 11437 11861 11633 12212 11657 12149 12344 11865 11740 12396 11904 12478 12214 12469 12564 12213 12009 11518 11779 11528 11770 12377 12063 12151 12179 11743 12506 12314 12224 12068 11781 12189 12194 12658 12373 11752 12114 11841 11763 12281 11631 11741 12340 12289 11614 12161 12316 11628 12342 12165 12055 12226 12299 11991 12166 12831 11720 12191 12213 12371 12107 12213 12731 12271 11755 11633 11949 11959 12320 12133 11843 12164 11751 11890 11778 11711 11807 12340 12412 12421 11841 12268 11694 11509 11529 12053 11927 11510 11891 11383 12013 12093 12854 12224 11702 12430 12564 12292 11714 12593 12120 12511 11785 11966 11906 11776 12284 13085 12183
12055 12423 12099 12411 11900 11896 11961 12426 12100 11663 12030 11702 11767 11657 12141 12014 12178 11596 11693 10900 11919 12249 12343 12331 12210 12183 11914 11822 12149 11613 12134 12078 12213 11980 11749 11156 11345 12110 12672 11749 12087 11902 11446 12243 12635 12112 11749 11623 12382 11783 12496 11740 11719 11732 12183 11807 12247 12629 11582 12197 12170 12193 12050 11590 11791 11999 11307 11511 12017 11597 11880 12030 11390 12550 12479 12454 11771 12232 11886 11944 12013 11741 12587 11629 11722 12431 11643 11776 12052 12340 11585 11738 12487 12277 12382 12043 11837 11855 12301 12287 11712 11892 11310 12626 11615 11811 11752 11739 12038 11818 11623 11614 11889 12512 12062 11880 11876 11504 12095 11770 11366 12530 12229 11587 12131 11529 12422 11877 11564 11819 12386 11576 11956 12239 11791 11240 11841 12078 11600 12693 12102 12487 12410 12158 11621 12301 11996 12750 11226 12404 12284 11766 12236 12079 12109 11619 11998 12467 12088 12052 11825 11656 11975 11768 12038 11930 11857 12002 12278 11964 12075 12109 11794 12271 11748 12233 11950 12133 11362 11601 11601 11865 11642 11872 11729 11796 11643 11450 11872 11597 11758 11712 12018 12492 11760 11879 11603 12695 12150 12386 11750 12297 11478 11891 12827 12149 12091 12061 12781 12310 11327 11410 12198 11850 11674 11248 11525 11845 12323 12585 11480 11680 12262 11284 11886 12082 11495 12156 12039 12393 12083 12403 11483 12152 11742 12371 11674 11745 12071 12004 11885 12384 12040 11677 11748 11612 11304 11789 12013 11438 12094 11954 12273 11937 12652 12439 11418 11417 12323 11661 11813 12463 12072 11869 11399 12284 12373 11523 11334 12359 12189 11480 12311 12098 12111 12359 12526 11655 12124 12095 12007 12117 12126 11752 12083 12428 11472 11898 12045 12053 12129 11471 11969 11426 11965 11522 12400 12356 11699 11504 12120 12053 12455 12047 12069 12228 11926 11896 11944 11459 11579 12027 12233 12107 12072 11920 11631 12314 12405 12277 11722 11626 12236 12266 12283 12124 11562 11992 12113 11977 12254 11398 11651 12176 12223 11907 12229 12219 11717 11845 11749 11999 11995 12392 12085 12132 12434 12102 11562 12170 12238 12154 12063 12553 12300 11715 12015 11843 11938 12119 11904 11799 12424 11855 12159 11849 11836 11727 12324 12081 12368 11776 12057 11874 11497 11505 11983 11569 11312 11738 11502 11534 11913 12296 12271 11459 12036 12449 12298 11687 12545 12256 12306 11711 11484 11800 11728 12501 12731 11961
12700 12778 12763 12691 12044 12339 12738 12826 12646 12365 11737 12003 12179 12179 12318 12620 12545 11689 12520 11466 12357 12733 13001 12995 12535 12847 12274 12708 12560 11985 12235 12447 12921 12205 12215 11508 11764 12541 12803 12111 12734 12607 12217 12547 13623 12700 12146 12244 13084 12380 13063 12169 12080 12281 12726 12575 12592 12977 12194 12454 12448 12407 12851 12485 12868 12715 12019 11589 12849 12805 12199 12559 12013 12776 12657 12950 12239 12472 12651 12389 12358 12304 12662 12205 12047 12885 12149 12313 13085 12514 12310 12180 13060 12831 12961 12775 12371 12252 12633 12754 12465 12634 11677 12873 12184 12525 12516 12504 12530 12424 11983 12309 12149 12813 12254 12201 12152 11846 12480 12410 11707 13057 12842 12499 12794 12003 12825 12191 12592 12060 12816 11740 12178 12380 12514 11716 12192 12451 12112 13283 12370 12906 12615 12577 12262 12760 12523 12624 11679 12807 12866 12149 12841 12752 12429 12157 12422 12610 12689 12328 12123 12229 12588 12598 12763 12172 12172 12802 12632 12815 12732 12923 12273 12331 12098 12553 12703 12714 12061 11851 12197 12327 12312 12115 12208 12200 12145 11922 12249 11629 12375 11978 12288 13016 12474 12291 12025 13214 12530 13206 12393 12606 11882 12161 12651 12333 12628 12670 12967 12352 11924 11513 12688 12370 12588 11889 12109 12219 12980 12887 12329 12346 12454 12064 12444 12215 12176 12783 12384 13151 12292 12877 11942 12962 12507 13235 12289 12226 12681 12293 12182 12638 12463 12112 12638 11994 11727 12402 12498 12188 12716 12753 12526 12392 13244 12600 11923 11807 12726 12499 12409 13082 12928 12377 12189 12786 12531 12162 12154 12852 12360 11873 12653 12718 12376 12570 12912 12283 12453 12890 12456 12803 12672 12013 12410 12690 11943 12251 12941 12280 12643 12228 12859 12263 12601 12304 12592 12688 12045 12167 12678 12469 13089 12782 12772 12790 12534 12566 12616 12234 12011 12461 12622 12532 12374 12372 12195 13134 12945 12663 12265 12778 12642 12597 12943 12734 11959 12749 12502 12341 12442 11907 12312 12381 12773 12332 12786 12672 12170 12543 12303 12710 12371 12793 12509 12777 13024 12442 12216 12729 12959 12806 12857 13594 12877 12082 12428 12352 12452 12627 12285 12200 12457 12439 12875 12287 12300 12342 12782 12621 12836 11984 12569 12777 11905 11864 12528 11792 11874 12266 12115 12041 12311 12832 12833 12127 12698 12971 12709 11930 13171 12708 12787 12696 12350 11986 11918 13223 13466 12741
12515 12368 11905 12758 11812 12107 12487 12433 12291 12011 11900 12111 12331 12268 12528 12340 12168 12100 12078 11540 12120 12323 12593 13009 12200 12784 11932 12034 12483 11573 12119 12188 12716 12007 11867 11523 11608 12258 12540 12057 12480 12606 11690 12660 12767 12313 11875 11697 12631 11992 12569 11944 12175 12023 12541 12138 12351 12742 11923 12538 12114 12193 12583 11722 12484 12572 11567 11558 12637 12312 12208 12420 11917 12621 12481 12581 11882 12765 12365 11870 12257 12362 12403 11742 11901 12425 11897 11881 12344 12461 12145 11937 12698 12778 12841 12321 12305 12000 12459 12522 12011 12378 11737 12797 11789 11933 12269 11966 12242 12063 11985 11809 12028 12794 12280 11839 12060 11446 12392 11671 11798 12879 12309 12218 12496 11796 12651 11832 12073 12090 12466 11740 11868 12307 12379 11737 12027 12289 11729 13096 12679 12609 12595 12230 12372 12623 12382 12795 12127 12889 12736 12159 12375 12267 12332 11706 12160 12562 12698 12094 11874 11507 12384 11981 12756 12062 12137 12607 12766 12399 12581 12569 11855 12375 11821 12477 12349 12424 12202 11930 11742 12236 12112 11925 11902 12111 11865 11678 12144 11992 12294 12013 12336 12821 12160 12379 12222 13143 12646 12663 12264 12469 11605 11860 12877 12486 12865 12579 12914 12266 12097 12056 12256 12159 12089 11665 11756 12146 12368 12450 12382 12033 12518 11983 12738 12338 12016 12682 12222 12990 12277 12377 11841 12549 12288 12659 12184 11994 12374 12329 12124 12387 12150 12058 12305 12072 12003 12266 12276 11758 12758 12770 12580 12109 12710 12668 11588 11702 12171 11550 12444 12583 12415 12071 11772 12543 12452 11836 12048 12667 12441 12132 12573 12461 12296 12572 12784 11973 12235 12710 12324 12279 12691 12345 11853 12490 11835 12456 12661 12280 12452 11720 12256 11767 12368 11667 12666 12498 11961 11814 12658 12279 12733 12641 12762 12526 11934 12375 11862 11963 11909 12513 12368 12216 12444 12287 12148 12847 12779 12894 12170 12406 12378 12231 12288 12339 12050 12227 12311 12155 12345 11559 11975 12662 12620 12304 12246 12616 11573 12097 12081 12428 12207 12780 12395 12749 12752 12223 12294 12157 12963 12504 12615 13148 12809 11940 11881 11976 12409 12323 12464 12114 12660 12463 12289 11859 11888 11845 12656 12293 12322 12083 12565 12126 11880 11866 12306 11777 11848 11819 12037 12003 12122 12558 12524 11904 12626 12725 12675 11907 12941 12208 12471 12224 11713 12057 11999 12877 12935 12534
12504 12408 12032 12547 11745 11974 12457 12627 12253 12251 12011 11884 12302 12447 12306 12251 12572 12018 11964 11825 12089 12558 12473 12548 12468 12390 12160 12359 12444 12061 12149 12129 12529 12320 12020 11271 11980 11987 12464 11872 12777 12664 12060 12572 12965 12332 11934 11934 12825 12096 12715 11939 12175 11917 12961 12261 11801 12774 12114 12358 12317 12391 12581 12073 12401 12259 11517 11276 12599 12677 12327 12350 12219 12787 12636 12560 12115 12667 12544 12079 12239 12109 12328 12031 11865 12636 11833 11976 12746 12551 12012 12111 12636 12863 12937 12369 12306 12182 12598 12549 12462 12760 11363 12756 11966 12247 11991 12304 12427 12180 11709 11808 12479 12508 12185 12188 12073 11522 12302 11890 11472 12863 12613 12320 12275 12071 12414 11903 12355 12148 12428 11846 12094 12151 12466 11425 11913 12153 11677 13141 12062 12868 12434 12495 12148 12666 12221 12716 11877 12666 12756 11930 12650 12297 12038 11765 12245 12263 12243 12303 11945 12114 12423 12482 12504 12074 12069 12972 12807 12249 12559 12862 12132 12529 11827 12366 12496 12667 11923 12002 12027 12254 12378 11813 12107 12145 11894 11597 12400 11759 12272 12088 11812 12613 12478 12265 12449 13012 12470 13098 12043 12360 12010 12091 12717 12296 12487 12641 12617 12302 11679 11580 12388 12091 12251 11805 12140 12200 12867 12722 12325 12572 12276 12043 12522 11995 11931 12231 12403 12965 12312 12704 11758 12237 11926 13219 11794 12085 12447 12262 11959 12740 12095 11714 11997 12149 11840 12067 12388 11600 12501 12293 12605 12167 13257 12589 11309 11620 12300 12348 12407 12574 12491 11898 11880 12850 12719 11875 12108 12604 12244 11760 12415 12526 12465 12380 12828 12208 12385 12749 12444 12325 12431 11917 12329 12835 11830 12610 12461 12123 12677 11845 12538 11930 12367 11755 12502 12770 12038 11954 12711 12378 12595 12843 12680 12746 12108 12404 12160 12075 12047 12713 12542 12303 12335 12437 12142 12825 12755 12736 12312 12664 12605 12496 12384 12570 11967 12502 12531 12108 12721 11658 12134 12507 12670 12123 12202 12580 12194 12480 12408 12260 12044 12674 12473 12754 12800 12203 12263 12358 12618 12661 12927 13159 12764 11884 12043 12062 12161 12429 12527 11931 12570 12010 11993 12138 12042 12134 12719 12454 12335 12081 12486 12450 11684 11633 12204 11657 11769 12083 12134 11875 12274 13031 12737 12036 12833 12799 13010 12170 13078 12230 12234 12333 12053 11861 12231 12918 13266 12567
12091 12046 11830 12204 11905 12087 12470 12507 11981 12330 11529 11710 11899 11725 12527 12316 12294 11901 11836 11515 12107 12453 12299 12768 11879 12220 11997 12457 12046 11504 12085 12220 12747 12032 11515 11231 11893 12330 12132 11467 12159 12064 12133 12299 13187 12288 11906 11772 12761 11802 12434 11755 11934 12021 12592 11904 11949 12729 11814 12232 12088 12297 12467 11847 12055 11962 11471 11386 12498 12111 12002 12275 11426 12391 12271 12226 11736 12388 12109 11991 12128 11619 12465 11854 11902 12432 11770 11876 12305 12142 12017 11592 12767 12418 12829 12150 12012 12053 12514 11913 11919 12254 11166 12565 12149 11902 11884 12004 11952 11994 11531 11945 11865 12277 12041 12077 11757 11234 12393 11923 11572 12432 12156 12021 12130 11648 12263 11643 12107 12088 11980 11605 12074 11965 11916 11732 11776 11875 12014 12932 12044 12541 12302 12516 12206 12783 12035 12686 11706 12447 12342 11813 12547 11959 12140 11724 12130 12324 12298 12406 12284 11513 12080 12072 12204 11951 11597 12773 12767 12278 12351 12121 11884 12114 11753 12394 11997 12507 11963 11511 11719 12094 12138 11870 11553 11795 11635 11812 12118 11754 11997 12108 12018 12176 12094 12476 11957 12689 12512 12801 11892 12311 11720 12132 12743 12044 12465 12524 12468 12032 11495 11506 12050 11952 11816 11418 11446 11782 12451 12391 12139 12001 12136 11661 12308 11880 11620 12205 12231 12354 12206 12310 11513 12246 12261 12644 11884 11986 12043 11794 11868 12205 11909 12024 12029 12134 11526 11843 12126 11988 12450 12277 12307 11915 12776 12359 11634 11348 12271 11927 12156 12264 12295 12116 11700 12406 12538 11775 11801 12276 12074 11597 11992 12279 12305 12249 12476 11984 11995 12623 12129 11954 12549 11884 12116 12329 11461 12247 12186 11923 12144 11506 12014 12024 12184 11931 12767 12099 11747 11823 12399 12115 12706 11842 12552 12368 12035 12453 12110 11855 11846 12109 12154 12330 11951 12011 11985 12571 12546 12542 12028 12217 12045 12291 12404 12207 11897 12283 12166 12128 12006 11542 12098 12495 12418 11928 12010 12145 11897 12131 11986 12019 12330 12589 11943 12611 12786 12101 12135 12366 12351 12515 12344 13206 12778 11770 12124 12014 12217 12246 12162 11551 12640 11791 12312 11867 11870 11661 12581 12319 12318 11455 12123 12009 12064 11338 12008 11673 11372 11889 11662 12104 11882 12911 11962 11821 12269 12524 12288 11852 12728 12251 12633 11875 11632 11871 12084 12387 13060 12309
11935 11713 11485 11872 11591 11328 11726 11511 12012 11451 11245 10965 11634 11183 11875 11868 11931 11255 11475 10815 11860 11848 11975 12262 11844 11928 11554 11644 11979 10863 11539 11850 12065 11469 11307 10637 10994 11708 11919 11305 12039 11543 11402 11893 12621 11516 11645 11122 12287 11188 11942 11701 11595 11278 11814 11997 11873 12100 11339 11748 11565 12109 11725 11330 11471 12016 11253 11037 12281 11794 11565 11637 11057 12104 11998 12049 11673 12063 11656 11548 11411 11362 11795 11566 11237 12043 11286 11564 12161 11573 11613 11153 11957 11870 12148 11862 11586 11429 11826 11980 11534 11762 11182 12062 11277 11959 11710 11955 11339 11441 11441 11733 11420 11911 11725 11730 11381 10884 11803 11330 11150 12284 11534 11553 11954 11049 11880 11292 11258 11891 11824 10895 11241 11334 11781 11178 11536 11604 11578 12583 11647 11996 11746 11870 11677 12203 11938 12243 11074 12078 11837 11493 12185 11898 11588 11437 11488 11979 11853 11513 11581 11330 11758 11268 11912 11759 11709 12194 11681 11463 11694 11825 11676 11878 11404 11682 11897 11786 11422 11281 11287 11682 11605 11117 11688 11166 11468 11171 11487 11078 11789 11463 11350 11742 11614 11724 11590 12064 11898 12244 11362 11865 11169 11301 12307 11561 11917 11881 12241 11706 11065 11137 11528 11489 11635 11155 11205 11534 12072 11999 11297 11690 11791 11222 11790 11583 11404 11969 11853 12303 11806 12002 11525 11852 11688 12221 11792 11699 11942 11623 11137 11774 11779 11338 11721 11476 11135 11582 11656 11262 11881 12040 12104 11885 12235 11971 11217 11282 11987 11394 11838 12269 12049 11338 11434 12024 11959 11524 11498 12034 11788 11198 11740 11752 11587 11682 12544 11482 11613 11928 11450 11608 11958 11590 11606 11824 11361 11864 11925 11649 11720 11218 11488 11438 11796 11024 11674 11736 11441 11474 11996 11749 11985 11628 12148 11933 11470 11676 11449 11519 11333 11874 12196 11876 11725 11645 11481 11947 12020 11973 11551 11629 12183 11782 12121 11904 11198 12157 11819 11440 11824 11149 11619 11912 12299 11216 11512 11719 11688 11475 11831 11834 11662 12127 11955 12123 12175 11377 11836 11856 12315 12045 11932 12462 11964 11555 11537 11330 11366 11733 11672 11388 11973 11807 11780 11589 11451 11216 12005 11811 12133 11541 12024 11691 11144 11143 11687 11255 10950 11399 11115 11516 11626 12156 12006 11073 12003 12058 11871 11505 12283 11938 11775 11618 11708 11327 11766 12218 12279 11955
12929 12777 12356 13071 12439 12634 12957 12898 12413 12474 12031 12262 12673 12244 12801 12745 12925 12344 12586 11893 12824 12878 12879 13060 12732 12958 12420 12594 12688 12407 12485 12779 13034 12548 12705 11766 12164 12397 12801 12017 13216 12597 12327 12540 13470 12989 12442 12056 13372 12825 12909 12518 12547 12246 13142 12525 12773 13093 12628 12494 12660 12637 12780 12678 12801 12654 12032 12170 12689 12704 12250 12771 12328 12864 13006 13219 12551 12789 12479 12422 12598 12503 12636 12326 12432 12987 12376 12238 12958 12596 12107 12722 13110 13006 13375 12838 12389 12703 12725 12893 12511 12700 12046 13101 12204 12377 12716 12661 12431 12321 12036 12757 12340 12791 12640 12020 12347 11668 12811 12182 11746 12927 12775 12656 12700 12114 13105 12505 12357 12599 12827 11898 12191 12820 12736 11906 12521 12261 12253 13287 12540 13107 12785 12490 12302 13241 12728 12981 12239 12839 12842 12201 13119 12499 12659 12256 12440 12921 12802 12979 12309 12205 12528 12903 12425 12501 12509 12646 12920 12720 12746 12671 12523 12484 12067 12920 12946 12770 12289 12222 12115 12365 12401 12241 12736 12292 12102 12137 12520 12202 12656 12359 12336 12737 12759 12591 12604 13361 12794 13323 12734 12766 12009 12456 13629 12545 13010 13277 12989 12850 12151 12565 13149 12547 12412 12242 12407 12748 13138 12925 12495 12399 12957 12195 12740 12616 12582 12908 12716 13033 12702 12715 12267 12749 12273 13275 12304 12367 12751 12752 12497 13236 12504 12282 12345 12097 12154 12367 12639 12509 12568 12723 12981 12833 13453 13086 12230 12298 12974 12250 12703 13097 12941 12456 12418 12846 12723 12158 12401 13093 12737 11973 13031 12934 12647 13089 13215 12347 12640 13063 12755 13000 13151 12597 12520 12906 12292 12842 12804 12804 12852 12034 12928 12338 12753 12503 12870 13001 12416 12024 13050 12697 12690 12733 12837 12682 12540 12743 12142 12293 12063 12922 12676 12516 12611 12390 12170 13652 13059 12974 12704 12749 12892 12662 12889 12702 12373 13059 12539 12496 12735 12156 12205 12961 12912 12353 12753 12959 12065 12450 12463 12461 12538 12870 12843 13286 13370 12581 12614 12939 13220 13079 13198 13214 13494 12492 12589 12590 12745 12693 12799 12506 12866 12478 12381 12580 12532 12770 13096 13159 13024 12234 12653 12769 12053 12118 12471 12239 11955 12420 12648 12383 12598 13147 12948 12323 12836 13227 12660 12653 13224 12674 13033 12760 12551 12558 12363 13289 13759 13119
12640 12821 12224 13035 11998 12034 12717 12748 12832 12078 11984 12081 12507 12322 12654 12907 13062 12252 12356 11442 12206 12891 12937 12870 12569 12601 12307 12168 12567 11936 12532 12385 12765 12505 12109 11623 11951 12319 12717 12245 12683 12654 12300 12819 13386 12829 12263 12137 13299 12304 12899 11955 12228 12255 13012 12521 12625 12898 12154 12522 12390 12601 12549 12173 12335 12416 11903 11827 12959 12447 12382 12664 12197 12912 13118 13096 12398 12562 12728 12080 12531 12626 12456 12240 12040 12781 12114 12065 13146 12682 12232 12112 12914 13097 13254 12636 12787 12377 12655 13026 12076 12572 11627 13247 12227 12358 12666 12642 12257 12329 11783 12229 12575 12785 12576 12292 12492 11658 12847 11685 11792 13033 12496 12598 13046 12107 12901 12047 12449 12353 12317 12036 12193 12466 12720 12049 11879 12225 12446 13099 12547 13241 12534 12595 12633 13129 12699 12939 12061 13070 12904 12276 12880 12534 12226 12176 12449 12696 12795 12425 12359 12320 12831 12652 12943 12168 12433 12890 13070 12541 12602 12826 12207 12535 12086 12641 12783 12902 11872 12200 12022 12399 12174 12242 12664 12390 12047 12190 12230 11857 12456 12438 12212 13063 12244 12435 12442 13004 12603 13145 12261 12644 12116 12393 13092 12407 13147 12861 13032 12526 12121 11762 12740 12340 12456 11988 12252 12553 12645 12900 12406 12398 12609 12128 12638 11902 11741 12587 12712 13039 12430 12928 12136 12697 12469 13075 12243 12172 12319 12166 12211 12947 12298 12294 12788 12186 11886 12022 12428 12052 12859 12609 12745 12609 13511 12909 11734 12080 12729 12195 12529 13087 12795 12416 12212 12972 13052 12197 12333 12913 12212 12091 12641 12603 12636 12889 13312 12291 12409 12814 12600 12799 12928 12222 12569 12731 12051 12361 12874 12843 12729 11940 12204 12093 12587 12228 13038 12948 12282 11895 12939 12549 13216 12512 12850 12911 12647 12646 12241 12370 12166 12167 12587 12654 12358 12496 12299 12979 12956 12826 12071 12701 12667 12562 12936 12530 12239 12914 12692 12319 12590 11919 12429 13141 13022 12651 12556 12684 12436 12649 12475 12569 12822 13009 12911 13008 13151 12485 12380 12683 13244 12779 12965 13674 12867 12361 12390 12509 12428 12408 12467 12223 12975 12404 12313 12715 12307 12093 12928 12968 12707 12274 12491 12619 12193 11776 12556 11965 12028 12339 12571 12311 12284 13098 12536 12235 12940 12963 12719 11920 13137 12721 12739 12456 12208 12385 12111 12803 13433 12968
12747 12504 12170 12587 12066 12254 12768 12868 12360 12169 11929 11968 12319 12328 12540 12569 12604 12142 12267 11408 12281 12751 12684 12988 12533 12907 12476 12588 12881 12101 12560 12177 12716 12235 12053 11844 11540 12182 12733 11955 12463 12393 12061 12491 12927 12715 12288 11972 12939 11996 12850 12221 12191 11807 12542 12465 12388 12859 11901 12456 12741 12587 12521 12367 12530 12369 11594 11831 12644 12687 12497 12635 11874 12802 12619 13174 12119 12763 12665 12254 12090 12057 12729 11928 11856 12518 12165 11992 12703 12684 12332 12246 13085 12741 12927 12394 12499 12369 12137 12838 12156 12747 11731 12759 12450 12382 12467 12519 12527 12154 12071 12271 12633 12738 12422 12288 12768 11913 12736 12125 11775 12926 12526 12282 12639 11879 12894 11830 12533 12447 12218 12112 12340 12621 12458 11728 11938 12546 12426 13376 12778 12799 12736 12745 12529 13032 12278 12852 12002 12910 12875 12243 12553 12659 12218 12114 12417 13004 12605 12335 12078 11959 12622 12420 12361 12343 12321 12803 12899 12740 12892 12624 11893 12638 11852 12330 12408 12559 11961 12189 11856 12218 12338 12298 12293 12179 12108 11806 12268 12059 12330 12347 12187 12870 12561 12183 12741 12851 12559 12961 12426 12624 12181 12178 13030 12323 12850 12394 12957 12373 11976 11751 12598 12666 12671 11612 11923 12241 12723 12964 11986 12694 12646 11922 12589 12435 11705 12286 12646 12875 12624 12871 11869 12654 12296 13228 12190 12262 12085 12446 12275 12356 12212 12199 12365 12230 12263 12324 12189 12060 12510 12707 12552 12229 13141 12838 11834 11825 12769 12187 12372 13076 12823 12288 11900 13059 12986 12144 12203 12873 12413 11902 12362 12606 12371 12418 13210 12377 12275 12887 12632 12536 12921 12117 12187 12710 11871 12553 12480 12507 12600 12020 12593 11917 12640 12198 12682 13066 12326 11864 12708 12355 13421 12451 12889 12845 12256 12654 12320 11946 12211 12445 12558 12289 12259 12088 12186 12888 13062 12670 12282 12444 12381 12536 12668 12874 12108 12558 12577 12365 12404 11850 12158 12705 12541 12268 12461 12578 11754 12721 11971 12413 12278 12933 12430 12804 13091 12661 12166 12217 12705 12344 12508 13408 12920 12047 12290 12476 12718 12609 12525 12022 12586 12803 12341 11868 12132 12136 12533 12531 12288 12176 12546 12604 11687 11835 12570 11956 11918 12204 12373 12239 12445 13236 12624 12284 12684 13013 12902 12081 12993 12839 12909 12503 12207 12414 12101 12823 13169 12757
12502 12096 12019 12434 12039 12188 12197 12459 12304 12217 11901 11527 12081 12011 12377 12403 12333 11646 11943 11532 12001 12315 12172 12660 12123 12381 12079 12173 12507 11754 12128 12140 12372 11722 12066 11396 11534 12287 12527 11789 12592 12355 12025 12556 12813 12253 12053 11577 12722 11897 12447 11820 12223 11862 12425 12147 12261 12648 11887 12098 11917 12030 12475 11821 12178 12434 11288 11028 12336 12155 12124 12578 11756 12719 12497 12341 12300 12465 12117 11907 12367 11835 12257 12126 11986 12622 11705 11639 12768 12205 12040 11798 12810 12491 12309 12614 12486 12498 12412 12546 12311 12685 11517 12823 11809 12340 11983 11773 12099 11741 11599 11870 11919 12234 11961 11726 11998 11449 12407 11895 11531 12624 12382 12171 12413 11841 12581 11875 12055 11780 12245 11673 12248 12125 12266 11289 12206 12256 11813 13098 12217 12885 12014 12313 11993 12859 11959 12596 11835 12657 12478 11675 12615 12182 12127 11621 12011 12323 12180 12184 11725 11833 12202 11968 12513 12210 12384 12334 12472 12029 12585 12460 11930 12192 11565 12214 12525 12483 11797 12123 11654 12168 11758 12012 12049 11987 12040 11788 12482 11454 11679 11936 11813 12825 12262 12325 12351 12564 12406 12874 11963 12368 11795 11866 12817 12124 12474 12613 12437 12291 11430 11456 12020 12378 12045 11931 11604 12280 12397 12502 11965 11850 12288 11729 12395 12281 11619 12567 12209 12906 12082 12237 11876 12277 12022 12683 11926 11895 12191 12141 11703 12444 12101 11736 11970 12049 11669 11949 12386 11884 12546 12503 12359 12064 13128 12511 11591 11669 12388 11954 12281 12739 12236 11923 11976 12574 12484 11662 11921 12639 12189 11589 12545 12577 12458 12361 12874 11969 11933 12597 12126 12170 12516 12035 12007 12426 11494 12305 12437 12584 12107 11496 12275 11635 12401 11706 12379 12662 11850 11841 12205 12037 12696 12586 12444 12449 12050 12101 12242 12052 11945 12064 12199 12153 12529 12464 11967 12618 12414 12361 12231 12207 12447 12334 12497 12494 11905 12313 12179 12440 12493 11438 11972 12339 12481 11632 12160 12305 11580 11838 12009 12286 12628 12564 12144 12440 12760 11849 12282 12066 12441 12329 12523 12923 12431 11918 12022 11933 12020 12230 12483 12014 12451 11989 12222 11794 11797 11763 12719 12504 12419 12014 12204 11884 11710 11656 12162 11776 11868 12111 12221 11985 12295 12470 12773 11693 12281 12675 12371 11612 12635 12331 12080 12296 11898 11903 12033 12585 13008 12204
12120 12167 11522 12008 11834 11987 12171 12229 12184 11655 11450 11312 11915 11939 11849 12250 12316 11764 11927 11171 11932 12196 12241 12394 12177 12271 12051 11616 12267 11605 11707 11882 12121 12149 11661 11139 11440 11956 12107 11595 12207 11915 11786 12011 12936 12169 12023 11695 12400 11784 12106 11569 11763 11489 12524 12030 12286 12351 11618 12004 12098 11993 12360 11608 12091 12054 11364 11242 12128 12245 11725 11983 11598 12502 12199 12415 11730 12204 11913 11670 11828 12127 12310 11654 11498 12523 11894 11530 12373 12101 11593 11576 12342 12370 12469 12183 12184 11915 12040 12244 11774 12103 11309 12640 11948 12109 11974 12045 11864 11776 11052 12218 11957 12056 12044 12076 11756 11316 12037 11438 11459 12661 12240 12037 12207 11424 12329 11958 11932 11734 12185 11453 11711 11863 11872 11329 11682 11936 11482 12733 11901 12244 12243 11909 11714 12404 12018 12367 11382 12605 12478 11935 11803 11926 12153 11543 11932 12240 12383 12131 11733 11486 12297 12013 12246 12063 11761 12227 12390 11960 12172 12078 11455 12216 11513 12113 11993 12167 11529 11599 11594 11779 11749 11710 11965 11912 11561 11407 11798 11577 11877 11706 11981 12027 11906 11839 11793 12526 12519 12757 11940 11973 11422 11709 12733 12091 12440 12242 12628 12071 11204 11548 12184 11916 11923 11389 11272 11693 12416 12335 11765 11926 12009 11475 11797 11910 11667 11900 11900 12409 11873 12494 11476 12173 11689 12670 11762 12060 12038 12091 11764 12177 11789 11437 12359 11721 11144 11758 12223 11707 11974 12239 12533 12045 12485 12296 11324 11152 12684 11743 12013 12419 12412 11941 11912 12361 12210 11869 11832 12506 11823 11342 11856 12142 11722 12190 12553 11950 12102 12621 12060 12015 12367 11908 11791 11908 11262 12267 12378 11949 12238 11473 11818 11577 12031 11466 12296 12463 11749 11517 12267 12141 12862 12476 12437 12359 12098 11878 11801 11937 11665 11962 11987 12069 11958 11887 11721 12696 12523 12180 11940 11877 12378 11995 12201 12241 11822 12563 12072 11921 12107 11117 11963 12053 12177 11922 12140 12289 11414 11850 12021 12232 11952 12478 12097 12281 12467 12004 12239 11917 12099 12371 12210 12722 12535 11765 11949 11850 11997 12288 11660 11585 12444 11828 11854 11866 11818 11737 12250 12056 12172 11780 12099 11911 11409 11334 11896 11596 11543 11654 11744 11844 11987 12264 12254 11396 12271 12571 12201 11859 12505 11953 12215 12122 11691 11928 11763 12440 12888 12006
12912 12708 12945 13297 12682 12443 13187 12907 12964 12726 12527 12390 12917 12713 12829 13182 13080 12542 12534 11813 12772 12919 13127 13635 12887 13315 13190 12746 12710 12543 12804 12968 13176 12754 12477 11838 12261 13233 12819 12380 13036 12769 12767 13170 13451 12944 12476 12507 13314 12710 13204 12857 12729 12355 13383 12644 12579 13156 12698 12618 12730 13031 13059 12589 12503 13189 11898 12062 13163 13261 12784 13117 12354 12863 13096 13567 12575 13116 12770 12540 12692 12541 13037 12515 12106 13121 12137 12383 13239 12927 12796 12759 13137 13109 13215 13211 12898 12782 13076 12961 12617 13269 12014 13513 12670 12655 12854 12907 12860 12578 12213 12770 12771 13203 12879 12701 12853 12107 12948 12465 12165 13483 12974 12727 12962 12050 13340 12607 12565 12731 12603 12051 12614 12983 12945 12063 12613 12749 12409 13618 12902 13667 12714 13095 13042 13453 12952 13485 12137 13403 13189 12309 13294 13007 12678 12600 12928 13077 13079 12900 12592 12237 12980 12859 13082 12432 12569 13266 13333 12869 13445 13381 12585 12635 12405 13132 13216 12999 12575 12340 12336 12563 12634 12218 12318 13108 12360 12242 12722 12659 12733 12272 12662 12982 13193 12547 12546 13308 12973 13733 12419 12751 12399 12360 13441 12810 13171 12868 13352 12695 12269 12244 12961 12688 12785 12422 12345 13066 13126 13066 12867 12795 12959 12490 12887 12804 12500 12672 13044 13558 13023 13058 12082 12988 12988 13566 12771 12838 13019 12925 12625 13217 12732 12426 13189 12953 12345 12701 13010 12651 12921 12793 13596 12764 13506 13506 12146 12264 12832 12923 13024 13308 12950 12898 12323 13391 13276 12664 12721 13098 12978 12274 12991 12852 12674 13284 13589 12668 12755 13198 13056 12829 13192 12605 12716 13076 12394 12930 13088 12836 13298 12363 12840 12449 12853 12453 13166 13377 12657 12402 13005 12643 13419 13104 13594 12903 13021 12863 12624 12633 12337 12793 13220 12717 12844 12701 12829 13462 13435 13060 12545 12890 13190 12920 13354 13089 12560 13108 12967 12390 13148 12238 12672 13316 13295 12698 12892 12987 12209 12595 12844 12924 13180 13340 13126 13255 13466 12733 12694 12961 12965 13280 13013 13913 13384 12537 12806 12712 12808 13195 12529 12431 13334 13154 13096 12549 12616 12622 13214 12932 13138 12284 13255 12844 12289 12351 12902 12357 12030 12696 13002 13075 12702 13298 13165 12023 13305 13169 13167 12814 13465 13207 13211 12655 12618 12651 12552 13472 13607 13066
12176 12321 12076 12561 11478 11903 12407 12384 11979 11831 11607 11948 12138 12021 12083 12033 12099 11778 11844 11637 12208 12447 12466 12681 12266 12287 11770 11908 12083 11833 12198 12065 12252 12189 11901 11201 11743 11870 12412 11502 12587 12083 11868 12301 12606 12458 11950 11681 12484 11628 12488 11335 11671 11717 12319 11900 12189 12219 12196 11986 11883 12031 12328 11924 12209 11994 11436 11492 12448 12150 12077 12226 12238 12089 12102 12376 11953 12371 12007 11726 12232 11668 12060 11776 11811 12480 11841 11662 12160 12110 11950 11904 12439 12452 12900 12148 12011 11967 12354 12263 11920 12323 10970 12316 11854 11835 12362 11878 11960 11360 11457 11915 11891 12759 11962 11826 11675 11377 12127 11817 11692 12716 12294 12197 12373 11897 12325 11913 12031 11514 12072 11482 11776 11861 12124 11668 11569 11667 11611 12892 11912 12474 12316 11994 12065 12703 12023 12322 12149 12435 12319 11832 12555 11968 12193 11516 11899 12359 12245 11812 11896 11713 12349 12107 12401 11844 11965 12454 12419 12265 12603 12465 11643 11772 11353 11983 12390 12189 11786 11871 11511 11981 11971 11696 11866 11644 11232 11659 11824 12018 11977 11729 11636 12431 12007 11889 12078 12642 12215 12423 11749 11904 11938 11882 12199 11889 12263 12540 12395 12149 11324 11714 12205 11749 12033 11755 11847 12017 12141 12512 12127 12158 12725 11784 12242 11921 11579 12184 11876 12816 11778 12390 11307 12025 12168 12858 12022 11958 12069 12110 12211 12589 11728 11931 12034 12225 11317 12102 12194 11537 12322 12491 12139 11959 12650 12087 11268 11350 11869 11889 12153 12658 12309 11626 11982 12768 12874 11648 11897 12072 12109 11317 12578 12446 12038 12292 12273 12083 12105 12700 12067 12107 12321 11741 12218 12468 11506 12134 12484 12416 12302 11302 11872 11482 12297 11884 12569 12651 11746 11465 12356 12163 12604 12204 12451 12084 11706 12637 12018 11869 11577 12295 12204 12253 12083 11836 11879 12795 12210 12145 12040 12068 12382 11950 12537 11762 11897 12708 12466 11772 12019 11113 11596 12465 12599 11875 12056 12522 11835 12325 11896 12350 12218 12360 12209 12501 12750 11670 11898 12399 12138 12320 12367 12784 12499 11751 11616 11766 12073 12310 12196 11664 12392 12183 12356 11952 11380 11822 12455 12290 12416 12139 11980 12203 11229 11383 11770 11712 11479 11776 12200 11682 12197 12566 12549 11948 12341 12560 12218 11844 12730 12050 12273 12313 11748 11821 11823 12518 12823 12429
11694 11889 11554 11703 11476 11401 11961 11966 11716 11356 11238 11332 11768 11576 11991 11905 11512 11686 11493 11089 11768 12004 11985 11975 11711 12350 11365 11297 11983 11423 11533 11793 11997 11397 11466 10671 11028 11710 11953 11486 11648 11696 11600 12042 12420 11533 11555 11389 12023 11415 12069 11315 11388 11263 12057 11535 11631 12103 11615 11798 11760 11723 11784 11185 11819 11737 10991 11020 12117 11776 11476 11792 11545 11871 11708 12299 11334 12062 12024 11488 11755 11201 12003 11573 11330 11828 11083 11358 11808 11777 11653 11540 11993 12107 12259 11709 11788 11677 11762 11526 11700 11689 11001 12088 11497 11659 11439 11917 11702 11609 11426 11473 11373 12045 11866 11801 11409 10911 11781 11120 10836 12147 11794 11800 11958 11389 11777 11597 11675 11575 11668 11039 11523 11644 11738 11423 11361 11646 11050 12395 11381 12188 12259 11702 11353 11861 11925 11961 11119 12038 11755 11707 11856 11607 11670 11429 11426 11819 11887 11757 11679 11035 11624 11657 11930 11834 11263 11753 12204 11818 12039 11638 11857 11875 11496 11845 11917 12147 11551 11301 11385 11791 11415 11310 11829 11497 11097 10999 11546 11138 11498 11169 11717 11964 11684 11671 11753 12356 11955 12281 11153 11764 11279 11289 12427 11384 11736 12029 12094 11702 11394 11128 11777 11575 11714 11723 11192 11531 11889 12049 11447 11530 11764 11224 11618 11519 11151 11606 11671 12173 11575 12096 11201 12002 11465 12276 11403 11638 11956 11449 11265 11754 11687 11143 11641 11630 11358 11816 11841 11233 12189 12142 11938 11793 12335 12349 11087 11124 11720 11662 11860 12325 12085 11799 11588 11995 12049 11408 11341 12219 11874 11493 12004 11736 11750 11494 12095 11712 11547 12484 11924 11837 11922 11650 11774 12097 11153 11732 11861 11877 11885 11349 11671 11173 11738 11485 12180 11974 11416 11413 12000 11591 12256 11936 11679 11962 11505 11951 11497 11716 11255 11728 11774 11675 12151 11650 11480 12018 11706 11923 11489 11509 11912 11700 11925 11309 11434 11649 11805 11318 12017 10754 11575 12137 12207 11259 11761 12047 11362 11891 11359 11843 11602 11725 11833 12091 12225 11502 11792 11774 11993 11940 11733 12527 12230 11244 11634 11534 11480 12051 12064 11491 12261 11518 11833 11306 11571 11554 12135 11870 11877 11719 11695 11730 11336 10984 11555 11452 11479 11358 11490 11467 11840 12117 12097 11173 12343 12374 11822 11525 12350 11790 11743 11368 11130 11349 11123 12111 12398 11963
12014 12378 12016 12341 11622 12109 12122 12263 12108 11748 11739 11680 11960 11750 12031 12064 12055 11826 11607 11443 12021 12498 12044 12426 12167 12097 11825 11705 11827 11134 11876 12093 12550 11779 11944 10777 11497 11620 12341 11505 12405 11815 11593 12030 12536 12107 11981 11493 12278 11655 12373 11953 11658 11538 12272 12060 12042 12325 11618 11930 12012 12006 11818 11743 12472 11927 11567 11259 12445 12300 11674 12057 11554 12135 12088 12459 11953 12409 11842 11980 11815 11712 12224 11406 11887 12348 11804 11637 12423 11967 11810 11685 12369 12558 12744 12327 12040 11949 12001 12035 11893 12001 11393 12630 11657 12022 12044 12287 11895 11880 11199 12250 11888 12600 12300 11740 11780 11364 12364 11816 11080 12334 12098 11892 12043 11501 12143 11562 11792 11652 12106 11420 11508 11908 12326 11386 11520 11845 11507 12565 12045 12419 11994 12467 11871 12364 12085 12658 11707 12476 12081 11600 12269 12177 11801 11661 11709 12253 11873 11830 11825 11938 12284 11834 12148 12033 11992 12399 12523 12188 12415 11878 11699 12118 11605 12008 12446 12185 11806 11724 11628 11787 11859 12085 12106 11415 11514 11555 11653 11524 11723 11661 11734 12291 11789 11906 11897 12465 12335 12578 11839 12015 11471 11616 12599 11801 12131 12344 12488 11949 11619 11453 12076 11428 11951 11510 11581 11873 12278 12377 11506 11970 12311 11569 12096 11653 11517 12421 11994 12613 12002 12168 11435 12357 12065 12720 11657 12259 11988 11715 11524 12284 11898 11360 12037 11752 11549 12078 12087 11709 12056 12110 12203 12081 12401 12324 11346 11721 12080 11766 12091 12277 12204 11971 11822 12471 12069 11827 11822 12622 12029 11559 11975 12158 12054 12106 12572 11817 11737 12112 11982 12275 12329 11646 12124 11982 11352 12028 12382 12121 12167 11560 12267 11698 11884 11777 12330 12090 11953 11681 12067 12113 12573 11904 12207 12355 11754 12174 11846 11759 11773 12358 12186 11855 12063 11759 11483 12596 12551 12056 11922 12076 12226 12031 12256 11985 11703 12012 12142 11827 12131 11224 11621 12405 12440 11910 12096 12286 11567 12079 11858 11834 12077 12334 12205 12355 12527 11907 12039 12172 12554 12367 12118 12827 12524 11714 11709 11601 11757 12187 12196 11581 12302 11716 11901 11963 11714 12083 12519 12349 11912 11535 12222 12035 11375 11345 12170 11782 11479 11874 11778 11906 12135 12523 12302 11562 12212 12652 12018 11747 12704 12333 12282 12158 11971 11566 11808 12532 12873 12232
11612 11869 11679 11941 11278 11832 11996 11568 11615 11322 11304 10975 11545 11460 11536 11889 11872 11344 11408 10886 11380 11973 11894 12068 11737 11705 11529 11798 11897 11219 11756 11348 12043 11372 11474 10947 11028 11163 11821 10713 11991 11319 11477 11913 12310 11811 11587 11171 12144 11150 11785 11613 11530 11565 12085 11604 11444 12109 11216 11470 11425 11663 11860 11471 11581 11802 10988 10945 11915 11545 11233 11877 11298 12015 11905 12080 11712 12138 11842 11546 11584 11292 12199 11513 11086 12003 11053 11419 12116 11656 11450 11460 12063 12012 12048 11818 11887 11619 11870 11687 11576 11634 10912 12179 11263 11608 11212 11470 11592 11673 10910 11693 11510 11873 11460 11439 11540 11196 12046 11387 11250 12361 11731 11451 11957 11213 11806 11122 11330 11358 11601 11132 11585 11607 11434 10815 11410 11805 11473 12114 11424 12036 12106 11761 11309 11879 11587 12054 11520 12028 11917 11414 12060 11873 11612 11601 11312 12070 11739 11582 11518 11316 11936 11532 11877 11620 11275 12325 12197 11441 12050 11903 11487 11584 11225 11554 11912 11604 11302 11382 11041 11416 11510 11221 11495 11442 11094 11529 11576 11328 11513 11763 11436 11908 11481 11436 11490 12157 11805 12495 11640 11803 11145 11483 12201 11531 11986 11945 12324 11576 11220 11066 11675 11827 11641 11098 11346 11759 11971 11975 11474 11518 11658 11072 11993 11418 11170 11743 11941 12128 11537 12148 11189 11765 11678 11953 11660 11747 11531 11286 11419 11766 11756 11320 11498 11533 10990 11618 11821 11233 11815 11850 11910 11586 12428 11993 11114 10902 11564 11452 11638 11952 11933 11280 11400 11971 12208 11579 11388 12077 11759 11236 11609 11909 11563 11801 12265 11425 11595 11965 11778 11835 11727 11437 11499 11987 11078 11647 11680 11450 11813 11114 11840 11366 11712 11390 11915 11932 11622 11398 12054 11351 11876 11848 11726 12090 11857 11558 11424 11399 11285 11688 11764 11739 11583 11670 11241 12183 11982 11975 11524 11381 11845 12043 12319 11713 11341 11641 11710 11476 11824 11418 11600 11754 12284 11467 11570 11868 11404 11542 11783 11631 11674 11629 11347 12124 12458 11426 11519 11852 12089 11904 11662 12367 12104 11355 11298 11664 11689 11346 11776 11350 11934 11706 11654 11335 11200 11621 12006 11893 11691 11361 11970 11835 11420 11243 11609 11162 10993 11340 11300 11676 11320 12083 11740 11166 12229 11760 11850 11541 11964 11864 12070 11569 11140 11298 11158 12166 12595 11677
12226 12567 12136 12639 11712 12288 12198 12461 12373 12004 11702 11588 12283 11974 12358 12341 12386 11894 12117 11182 12032 12576 12658 12824 12406 12343 11906 12188 12351 11551 12116 12152 12726 12000 11919 11602 11446 12200 12493 11465 12403 11948 12393 12433 12688 12198 11856 11449 12951 12012 12316 11926 12028 11679 12535 12223 12335 12480 11838 11997 12191 12378 12115 12003 12143 12560 11476 11367 12661 12326 11842 12568 11738 12715 12837 12721 12137 12275 12304 11869 12350 11874 12367 12194 11754 12606 11577 12056 12506 12353 11781 11889 12874 12469 12511 12546 11998 11981 12325 12400 11987 12260 11363 12792 11568 12183 12536 12376 12365 12297 11494 12297 11862 12471 12135 11927 12109 11244 12159 11742 11811 12632 12399 12329 12505 11902 12181 11960 12071 11947 11916 11908 12110 11900 12134 11486 12129 11950 11685 12882 11852 12683 12243 12177 12296 12633 12189 12580 11891 12644 12444 11950 12318 12399 12242 11766 11961 12263 12600 12291 11910 11769 12352 12415 12596 12248 12022 12444 12523 12249 12058 12239 12140 12035 11920 12428 12344 12303 11977 11875 11555 12081 12072 11871 11818 11925 11919 11592 12238 11840 12305 11892 11629 12539 12185 12290 12113 12586 12282 12740 12179 12448 11609 12005 12598 12036 12558 12584 12461 12169 11660 11959 12347 12445 11991 11569 11854 12229 12134 12470 12125 12423 12419 11798 12222 12167 11501 12256 12383 12938 11888 12431 11548 12055 12115 12823 12225 11936 12236 12056 11758 12686 11942 11927 12331 12109 11711 12237 11691 11904 12222 12474 12441 12014 12891 12147 11479 11508 12093 12213 12377 12591 12416 11907 11766 12781 12564 12189 11772 12391 12007 11569 12218 12530 12360 12281 12673 12071 12109 12711 12247 12444 12410 11965 12042 12658 11692 12038 12243 12254 11931 11476 12024 11845 12068 12056 12370 12324 11883 11838 12382 12270 12743 12288 12607 12194 11762 12084 12143 11985 11895 11977 12328 12321 12158 12000 11646 12587 12647 12422 11956 12204 12388 12051 12768 12605 11750 12688 12305 11865 12488 11681 12179 12504 12558 12080 12595 12288 12063 12158 11823 11866 12160 12411 12398 12643 12656 12221 12406 12425 12339 12537 12222 12970 12860 12142 12099 11756 12374 12452 12065 11998 12640 11963 12600 11829 12057 11970 12417 12307 12428 12014 12352 12009 11669 11737 12063 11594 11461 11821 12052 11965 12405 12414 12564 11889 12249 12516 12461 12129 13026 12223 12314 12006 12144 11829 12005 12480 13185 12434
12700 12181 12017 12781 12052 12161 12744 12483 12681 12074 12231 12029 12433 12091 12556 12460 12321 12201 12431 11630 12272 12555 12818 13143 12572 12615 12625 12616 12566 12090 12696 12408 12688 12394 12131 11441 11996 12288 12796 12166 12657 12541 12346 12733 12952 12456 12141 12274 12991 12127 12947 12279 12191 11987 12847 12258 12527 13319 12450 12594 12523 12876 12565 12133 12528 12520 11795 11794 12795 12890 12491 12792 11783 12719 12692 13166 12323 13015 12640 12447 12696 12203 12429 11796 11992 12702 12140 11876 12902 12623 12229 12024 12859 12656 12737 12611 12601 12607 12575 12698 12130 12547 12078 12914 12332 12489 12429 12171 12542 12426 12145 12116 12340 12408 12534 12319 12239 11584 12814 11850 11794 13241 12504 12217 12796 11952 12715 11743 12179 12137 12398 11671 12091 12701 12661 11837 12346 12120 12005 13266 12768 12888 12632 12278 12502 12781 12443 12609 11941 12704 12928 12192 12817 12464 12381 11869 12074 12446 12596 12102 12121 12133 12516 12373 12889 12153 12197 13066 12780 12406 12737 12852 12377 12590 12024 12586 12565 12346 11898 12083 11816 12297 12383 12114 12302 12237 12102 11860 12191 11818 12549 11963 12209 12824 12380 12369 12155 12997 12921 13035 11967 12768 11759 12112 13235 12678 12633 12909 12892 12611 11961 11425 12272 12289 12301 12092 12057 12264 12579 12777 12425 12537 12456 11953 12514 12460 11838 12659 12356 13324 12590 12756 11879 12445 12434 12954 12393 12264 12591 12190 12057 12667 12374 12240 12506 12197 11629 12239 12595 12076 12436 12919 12677 12622 13049 12760 11725 11680 12291 12355 12332 13191 13145 12198 12124 13202 12675 12362 12270 12865 12615 12342 12618 12436 12529 12488 13011 12382 12841 12868 12762 12325 12782 12017 12294 12809 12126 12670 12690 12512 12747 11956 12441 12056 12285 12064 12962 12923 12205 12275 12821 12449 13059 12379 12642 12768 12197 12572 11983 12008 12065 12831 12554 12691 12348 12615 12390 13065 12896 12702 12365 12608 12384 12414 12913 12711 12134 12620 12887 11957 12536 11725 12215 12284 13047 12280 12357 12594 12340 12437 12219 12455 12618 13143 12437 12841 12940 12619 12575 12595 12973 13125 12548 13345 13061 12208 12342 12116 12321 12621 12291 12230 12717 12612 12369 12504 12132 12164 12613 12602 12674 12295 12453 12453 12076 11654 12372 12093 11851 12173 12216 12130 12316 12961 12788 11955 12632 12866 12916 12155 13252 12775 12654 12694 11932 12057 12302 12916 13328 12913
12146 12396 11936 12478 11730 11618 11981 12304 12209 11993 11464 11353 11902 11792 11959 12157 12046 11830 11751 11287 11878 12068 12496 12415 12105 12321 11719 11959 12243 11330 11987 12010 12833 11802 11884 11345 11354 12030 12281 11358 12204 11740 11890 12253 12512 12052 12058 11590 12574 11977 12468 11986 11797 11651 12363 11905 12116 12649 11402 12173 11878 12512 12172 11672 12136 11927 11388 11242 12190 12125 11857 12297 11681 12573 12405 12426 11730 12371 12026 12236 11901 11949 12457 11656 11649 12122 11606 11757 12455 12074 11949 11848 12365 12538 12571 12096 12012 11884 12125 12049 11581 12230 11406 12555 11825 11956 11894 11953 11854 11858 11494 11592 12088 12529 12048 11837 11782 11513 12243 11372 11421 12256 12470 11976 12249 11640 12321 11846 12013 11682 12002 11386 11827 11968 12177 11468 11493 12066 11534 12721 12020 12458 12136 12444 12137 12746 12212 12238 11920 12429 12571 11531 12041 11806 12026 11426 11981 11991 12196 11929 11959 11851 12584 11942 12520 11773 11850 12401 12365 12125 12253 12273 11862 12093 11816 12211 12117 12166 11983 11505 11537 12033 11694 11933 11947 11755 11276 11552 11710 11588 11968 11813 11885 12355 12279 12327 12375 12359 12712 13019 11888 12025 11608 11810 12642 12022 12284 12467 12407 11911 11554 12057 12607 11837 11873 11380 11702 11548 12312 12094 11870 11989 12181 11480 12212 11752 11481 12278 12137 12389 11684 12068 11554 12060 12014 12544 11932 11682 12107 12174 11685 12394 11964 11547 12043 11859 11866 11975 12237 11936 12227 12378 12381 11927 12558 12181 11465 11577 12119 11622 12157 12224 12500 11753 11914 12323 12482 11583 11533 12146 11879 11346 11892 12098 11945 11898 12622 11827 12128 12585 12283 12279 12215 11744 11710 12223 11765 12176 12233 12035 12050 11412 12039 11544 11903 11728 12413 12315 11545 11675 12238 11871 12466 11916 12409 12194 11718 12061 11902 11637 12017 12064 11986 11965 11957 12006 11839 12757 12477 12424 11696 11833 12255 12611 12313 12316 11778 12300 12042 12009 12063 11397 11948 12407 12432 11671 11791 12310 11908 12368 12007 11678 12215 12573 12396 12234 12471 11996 12026 11978 12465 12188 12483 13292 12466 11530 11944 11590 12040 12236 12174 11904 12364 11669 12179 12078 11642 11870 12074 12114 12173 12179 12014 12191 11442 11527 11894 11321 11487 11784 11843 12120 12266 12561 12366 11351 12221 12646 12396 11890 12755 12225 12244 11951 11590 11668 11771 12505 12890 12169
12403 12451 12372 12546 11736 11836 12357 12379 12455 12093 11790 11825 12226 11880 12213 12164 12590 11881 12015 11500 12236 12176 12568 12679 12115 12491 12126 12201 12214 11478 11982 12292 12497 12062 11808 11557 11589 11990 12539 11631 12617 12356 11930 12360 13058 12102 11905 11860 12551 11526 12471 11948 11946 11748 12635 12119 12188 12419 11988 12619 12090 12272 12197 11818 11965 12267 11482 11513 12450 12434 11824 12604 11766 12470 12614 12707 12239 12541 12119 11737 12043 12097 12453 11917 11706 12350 11907 11925 12212 12536 11808 11772 12324 12347 12799 12176 12172 11686 12477 12202 12210 12343 11444 12673 12043 12045 12423 11973 12235 12170 11786 12109 12089 12429 12469 11854 12231 11391 12231 11883 11435 12664 12318 11946 12391 11523 12506 11781 11961 11990 12106 11555 11935 11999 12080 11532 11767 12037 11793 12919 12121 12471 12182 12137 12259 12637 12216 12616 11762 12458 12502 11486 12451 12264 12259 11835 12361 12644 12381 12115 11760 11818 12127 12050 12619 12075 11976 12359 12378 12162 12426 12228 11646 12141 12029 11992 12467 12460 11957 12171 11993 11967 12098 12025 12034 12149 11662 11401 11807 11651 12149 11324 12042 12395 12213 12026 11981 12747 12476 12727 11775 12429 11923 12042 12801 11955 12628 12151 12361 12297 11616 11494 12317 11943 12174 11328 12065 11871 12175 12392 12101 12057 12186 11541 11918 12196 11680 12176 11885 12454 12204 12700 11749 12196 12406 12659 12251 11802 12007 12292 12093 12492 11685 11500 12399 11910 11956 11941 12054 11962 12474 12375 12359 12199 12658 12532 11540 11634 12401 12048 12334 12570 12426 12014 11693 12326 12585 11784 11984 12484 12083 11543 12130 12366 12125 12366 12639 12224 12236 12573 12096 11987 12369 11495 11844 12554 11711 12129 12336 12010 12558 11942 11954 11560 12342 11672 12701 12557 11791 11690 12571 12020 12808 12365 12631 12093 12164 12267 11727 12038 11918 11969 12264 12137 12172 12217 11737 12465 12638 12426 12131 12464 12132 12057 12606 12145 11618 12415 12270 12254 12253 11628 11862 12655 12644 12188 12327 12177 11876 12026 11892 12212 12256 12584 12511 12857 12593 12247 12203 12417 12695 12366 12492 12927 12366 12125 11891 11779 12230 12503 12180 11872 12335 12433 12055 11916 11816 11864 12609 12519 12003 11792 11943 11983 11980 11421 12171 11775 11837 11768 11791 11964 12302 12289 12643 11806 12263 12603 12344 12013 12655 12283 12452 12327 12020 11818 11968 12341 13020 12594
12498 12301 11746 12822 11942 12175 12571 12483 12367 11884 12103 12047 12590 11988 12308 12311 12488 12067 12189 11157 12225 12600 12554 12886 12455 12529 11976 12221 12356 11911 12286 12267 13359 12097 12306 11426 11530 11896 12609 11657 12383 12204 12021 12523 12820 12409 11873 11751 12526 12066 12472 12042 12228 12025 12822 12449 12252 12748 12094 12007 12159 12158 12204 12144 12474 12175 11624 11934 12616 12376 11971 12151 11863 12643 12492 12576 11668 12456 12392 11821 11918 12121 12373 11972 11835 12561 12128 12249 12430 12297 11959 12001 12397 12493 12866 12491 12328 12069 12635 12486 11999 12451 11553 12748 11813 12160 12368 12303 12342 12160 11453 12006 11887 12630 12070 11613 11800 11584 12539 11664 11715 12847 12308 12231 12397 11781 12542 11954 11926 12214 11899 11880 11841 12199 12064 11444 12125 12009 11582 12600 11990 12506 12456 12441 12325 12529 12333 12756 11954 12682 12352 12258 12437 12412 12159 11749 11859 12321 12134 12217 11979 11916 11994 12082 12591 12138 12109 12680 12450 12155 12368 11865 11794 12495 12076 12442 12440 12213 11861 11657 11540 12180 11986 11969 12324 11497 12152 11683 11995 11879 12207 12026 11927 12664 12385 12491 11877 12837 12599 12727 12109 12601 11984 12092 12955 12502 12469 12589 13008 12256 11933 11719 12408 12397 12255 11631 12027 12083 12432 12350 12027 12151 12324 11794 12212 12169 11927 12442 12340 12803 12099 12360 11330 12394 12141 12773 12241 12231 12292 12211 12100 12914 11842 11856 12233 11999 11619 11962 12324 11868 12322 12667 12392 12420 12484 12498 11572 11663 12340 11709 12178 12812 12426 12032 12201 12764 12330 11960 11700 12618 12304 11844 12702 12636 12055 12432 12325 11826 12277 12615 12412 12315 12570 11801 12485 12720 11894 12351 12450 12689 12462 11564 12330 11777 12088 11847 12622 12545 11769 11865 12725 12322 12798 12407 12359 12749 11853 12319 11982 11839 12014 12315 12261 12357 12402 12141 11776 12540 12753 12546 12040 12406 12518 12022 12439 12208 12025 12577 12251 12107 12173 11326 12134 12646 12383 12111 12563 12699 11828 12351 12208 12241 12228 12787 12228 12495 12671 12165 12479 12522 12528 12587 12703 12621 12630 12026 11927 11678 12050 12396 12177 12134 12448 11966 12237 12079 12184 11745 12380 12192 12394 12223 12113 12257 11870 11724 12105 11962 11713 11827 12012 12085 12436 12674 12882 11988 12289 12773 12619 12340 13102 12561 12570 12101 12067 11674 12399 12606 12993 12203
12182 11901 12039 12152 11379 12017 11999 12132 12166 11819 11491 11572 11828 11762 11946 11924 12041 11906 11904 11377 12121 12039 12403 12504 12277 12416 12030 11936 11983 11481 11906 12178 12369 11796 11787 11264 11483 12141 12373 11583 12314 12088 11837 12294 12792 11965 11720 11716 12592 12034 12296 11508 11868 11813 12052 12119 12232 12888 11750 12010 12045 11886 12282 11798 11908 12037 11390 11186 12577 12085 11891 12317 11811 12391 12486 12516 11684 12193 11999 11901 11944 11938 12375 11759 11714 12142 11450 11696 12306 11993 11690 11746 12645 12407 12515 12066 12116 11909 12149 12287 12210 11963 11188 12461 12057 11998 11814 12170 11981 11516 11366 11814 11713 12525 12065 11814 11823 11273 12192 11857 11674 12527 12406 11860 12069 11447 12520 11828 11877 11843 12070 11582 11973 12044 11817 11394 11585 11911 11867 12859 12139 12463 12329 11844 11863 12431 12010 12559 11507 12473 12240 11988 12416 11934 12125 11734 12134 12104 12277 11919 11864 11407 11981 12196 12125 11921 11989 11903 12372 12018 12331 12448 11493 12208 11741 12258 12164 12404 11668 11548 11726 12097 11930 11657 11513 11871 11472 11411 11908 11418 11856 11712 11824 12429 12133 12029 11434 12519 12165 12368 11727 12046 11581 11897 12781 11978 12217 12266 12525 12111 11530 11466 12115 11811 11941 11318 11401 11673 12452 12363 11748 11641 12290 11649 12167 12000 11707 12034 11955 12583 11836 12517 11460 12090 11524 12853 11808 12219 11958 12018 11554 12063 11728 11601 11750 11689 11184 11870 11870 11688 12207 12433 12132 11798 12511 12530 11196 11344 12005 11446 12031 12300 12203 11985 11785 12216 12252 11840 11889 11935 12061 11736 12010 12115 12422 12388 12703 11454 12128 12319 12091 11850 12267 11785 12107 12263 11171 11989 12184 11792 12249 11366 11736 11793 12134 11975 12486 12412 11555 11725 12014 11897 12494 12339 12175 12034 11792 12393 11699 11206 11330 11871 12158 12121 12051 11955 11651 12499 12408 12248 12020 12189 12369 12002 12457 11949 11789 12304 12167 11984 12138 11435 11661 12331 12398 11813 11769 12010 11763 12030 11875 12017 12209 12098 12488 12236 12635 11745 11949 12247 12131 12104 12330 12885 12310 11881 11736 11768 12059 12305 12048 11613 12296 12094 12127 11526 11630 11203 12251 12142 12133 11783 12067 11963 11524 11443 11705 11370 11340 11682 11823 11980 11964 12600 12305 11406 12120 12635 12240 11573 12712 12187 12347 11836 11469 11641 11796 12267 12916 12352
12052 12200 11793 12248 11423 11557 11935 12257 11888 11515 11686 11449 11685 11784 11900 11860 11899 11595 11767 11106 11833 12188 12186 12041 12094 12111 11754 11919 12133 11420 11675 11865 12401 11826 11455 11126 11324 11820 12698 11426 12280 11948 11737 11825 12480 11967 11708 10952 12414 11421 12193 11571 11473 11718 11919 11692 11691 12432 11756 12097 11854 11990 11711 11804 11815 11817 11213 11198 12175 11786 11784 11967 11329 12485 12370 12217 11532 11974 11952 11807 11922 11706 12154 11643 11689 12103 11436 11575 12346 11918 11710 11334 12066 12567 12324 11944 11714 11778 12034 12079 11874 12302 11088 12467 11390 11835 12036 11536 11717 11806 11184 11925 12003 12447 11803 11567 11651 11274 12054 11490 11404 12441 12325 11866 12092 11502 12276 11469 11958 11484 11877 11406 11532 11577 12234 11510 11631 11775 11361 12617 12052 12270 12185 12155 12033 12188 11889 12221 11182 12299 12106 11558 11983 11560 11644 11359 11633 12274 12390 11766 11269 11300 11842 11973 12300 11814 12009 12014 12096 11722 11990 12048 11675 12031 11633 12104 12145 12040 11398 11352 11743 11865 11727 11577 11803 11595 11578 11198 11739 11236 11977 11641 11699 12434 11860 11686 11958 12301 12026 12411 11761 11929 11272 11615 12170 11440 12286 11969 12409 12033 11340 11617 11763 12063 11888 11408 11409 11699 12174 12093 11704 12149 12019 11264 11638 11978 11164 11877 11550 12430 11913 12293 11469 11990 11712 12581 11633 11651 12026 11956 11624 12202 11415 11891 11877 11644 11205 11695 11991 11560 11986 12197 12178 11523 12445 12096 11347 11230 11804 11697 12094 12538 12124 11578 11650 12296 12522 11562 11641 12047 12011 11472 12018 12022 12170 11855 12638 11460 11816 12492 11850 12174 11897 11630 11849 12179 11446 12015 11852 12132 12102 11305 11768 11486 11943 11818 12134 11978 11344 11487 12535 11590 12329 12007 12278 11769 11761 11790 11614 11555 11372 11912 11905 11978 11872 11822 11568 12231 12086 12039 11676 11672 12050 11904 12180 11875 12073 12134 11886 11701 11736 11052 11682 12105 12338 11755 12034 12370 11334 12060 11511 11835 11715 12400 11960 12275 12123 11813 12237 11989 12214 12136 12091 12967 12522 11773 11660 11556 11796 12209 11650 11712 12507 11989 11848 11805 11399 11369 12141 11939 11873 11701 12155 11845 11322 11316 11963 11493 11359 11746 11683 11712 11893 12232 12160 11829 12054 12345 11911 11440 12294 11845 12041 11736 11669 11364 11565 12173 12764 11834
12290 11935 11949 12212 11916 11529 12225 12286 12149 11468 11615 11974 12002 11961 12116 12021 12220 11827 11607 11350 11936 12100 12505 12285 12304 12306 11399 11854 12381 11443 12007 12489 12507 11806 11713 11290 11694 11984 12521 11940 12414 12115 11902 11999 13145 12115 11950 11671 12674 11545 12393 11486 11600 11847 12311 11761 12268 12503 11917 12268 12058 12007 12187 11736 11979 12177 11489 11116 12356 11978 12244 12122 11646 12253 12348 12542 11620 12202 12114 11969 12049 11931 12455 11803 12005 12345 11633 11771 12537 12040 12058 11609 12301 12276 12492 12150 12056 12104 11964 12314 12049 12150 11341 12350 11848 12164 12276 11905 11935 11822 11379 12099 11864 12530 12267 11815 12025 11227 12098 11749 11511 12436 12190 11990 12238 11811 12221 11781 11966 11795 12438 11655 11560 11901 12226 11493 11848 11915 11700 12546 12021 12407 12346 12451 12159 12352 12051 12384 11845 12546 12382 11803 12230 12111 12321 11536 11847 12314 12120 12016 12005 11829 12091 12111 12333 12001 11691 12399 12375 12239 12212 12059 11414 12164 11810 12513 12280 12216 11987 11608 11599 12112 11768 11931 11849 11645 11651 11352 11773 11496 12015 11477 12052 12438 12297 11741 11824 12552 12325 12480 12188 12220 11552 11823 12443 11789 12254 12195 12749 12350 11550 11495 12217 11784 11771 11298 11709 12081 12330 12350 12114 11988 12241 11630 11959 12227 11675 12133 11918 12572 12472 12051 11671 12493 12044 12671 11903 12033 12039 12086 11495 12219 11980 12059 11826 11808 11482 11641 11905 11798 12045 12587 12512 12163 12788 12176 11333 11211 12166 12063 12146 12523 11932 12214 11795 12237 12293 11657 11828 12390 11953 11515 12331 12150 12258 12152 12335 11707 12192 12632 12212 12007 12387 12099 12257 12253 11396 12168 12448 12420 12193 11475 12109 12015 12045 11821 11999 12224 11881 11720 12406 11894 12733 12631 12412 12381 11947 11973 11875 11656 11828 12516 12102 12251 12239 11845 11786 12385 12615 12554 12073 12345 12157 11952 12493 12009 11756 12289 11873 11895 12069 11343 11823 12476 12517 11612 12268 12454 12043 11802 11755 12008 12062 12473 12180 12188 12400 11915 12031 12266 12703 12217 12250 12856 12525 11618 12096 11452 12139 12304 12123 11867 12137 11892 12409 12090 11533 11825 12551 12313 12268 11471 11904 12107 11471 11409 12095 11455 11396 11714 11698 11897 12073 12635 12313 11343 12430 12792 12322 11861 12324 12392 12333 12165 11743 11559 11837 12504 12823 12453
12586 12642 12570 13063 11984 12371 12526 13386 12484 12306 12029 12083 12717 12191 12775 12867 12634 12358 12407 11623 12223 12543 12867 13376 12873 12760 12779 12670 12580 12170 12460 12327 12778 12582 12348 11617 11852 12505 12957 12240 12788 12567 12124 12697 13173 12896 12411 12391 13080 12355 13057 12417 12601 12070 13001 12405 12567 12951 12380 12880 12686 12553 12403 12305 12333 12417 12320 12253 12923 12344 12551 12725 12234 12964 13091 13081 12302 13023 12664 12252 12168 12293 12879 12236 12199 12709 12104 12332 12838 12628 12474 12558 12719 12767 12828 12377 12524 12480 13020 12870 12635 12868 11657 12863 12664 12332 12201 12648 12535 12194 12027 12485 12659 12683 12718 12430 13002 11648 12942 12048 12045 13276 12728 12495 12974 12118 12806 12258 12290 12694 12490 12277 12458 12604 12756 11868 12492 12441 12338 13514 12505 13204 12837 12962 12492 13041 12398 13311 12281 12787 12946 12149 12313 12654 12264 12256 12407 13088 12968 12423 12635 12215 12454 12442 13124 12163 12563 12955 13120 12757 12873 12493 12188 12484 12008 12809 12703 13040 11935 12321 12039 12544 12647 12366 12087 12314 12171 12199 12562 11961 12386 12256 12387 13035 12872 12108 12784 13336 13054 12888 12357 12843 12413 12374 13286 12677 13471 12933 13000 12869 12213 11931 12552 12660 12651 11756 12300 12782 12548 12940 12247 12740 12924 12097 12934 12685 12233 12484 12698 13175 12343 12852 11924 13071 12544 13023 12460 12761 12584 12487 12552 12756 12580 12460 12520 12370 11952 12847 12624 11799 12776 12695 12783 12594 13230 13004 11843 12036 12395 12274 12671 12797 13076 12539 12028 12922 13082 11977 12141 12803 12617 12163 12613 12729 12563 12882 12989 12167 12459 12774 12803 12801 12971 12325 12588 13014 12098 12423 12405 12765 12737 11881 12412 11925 12783 12200 12821 12830 12211 11989 13006 12442 13287 12533 13064 13032 12551 12597 12204 12221 12322 12413 12693 12587 12494 12434 12416 13091 12749 13058 12371 12535 12410 12807 12775 12791 12238 12814 12807 12235 12718 11681 12233 12961 12860 12410 12601 12736 12317 12624 12493 12532 12365 13067 12430 13073 12935 12452 12628 12629 12747 12789 12887 13728 12837 12564 12696 12507 12629 12451 12393 12266 13061 12530 12431 12148 12417 12449 12578 12624 12571 12238 12502 12671 12246 11933 12499 12029 11768 12184 12330 12389 12483 13156 12781 12266 12728 13050 13049 12654 13044 12858 12924 12349 12017 12407 12209 12601 13419 12789
12325 12047 12313 12737 11798 12044 12232 12388 12239 12294 11502 11663 12058 11867 12204 11957 12247 11989 11949 11302 12073 12514 12180 12633 12112 12372 11925 12487 12338 11887 11925 12437 12528 11883 12053 11230 11614 12069 12278 11734 12221 12380 11652 12354 12876 12247 11880 11615 12487 11936 12746 11929 11939 11647 12524 12028 12037 12151 11541 12130 12146 11743 12503 12237 12075 12355 11475 11444 12318 12214 12018 11935 11955 12371 12343 12494 11994 12593 12130 11869 12097 11809 12334 11730 11649 11996 11771 11897 12342 12287 11876 11766 12439 12341 12706 12005 12277 12008 12244 12105 11918 12050 11371 12780 11896 12157 11970 12156 12121 11910 11651 12118 12046 12243 12123 11690 11963 11598 12522 12232 11382 12149 12254 12098 12034 11496 12649 11686 12265 11632 12200 11615 12387 11918 12190 11570 11629 11952 11665 13098 12079 12469 12156 12052 12018 12354 12262 12371 11723 12585 12424 11598 12433 12052 12209 11600 11843 12338 12593 12215 11676 11717 12011 11980 12277 11778 12043 12491 12417 12125 12408 12617 11561 12230 11673 11953 12292 12199 11714 11646 11674 11795 11817 11946 11856 12033 11419 11343 12351 11474 11843 11930 11764 12474 12049 11841 12041 12863 12311 12969 11695 12020 11969 11809 12455 12039 12555 12467 12560 12470 11519 11784 12123 12088 12166 11772 11609 11904 12333 12538 11888 12358 12057 11789 12071 12160 11481 12307 12045 12782 11761 12350 11497 12022 12094 12466 12142 11942 12324 12206 11424 12568 12096 11752 12203 11944 11839 11811 11795 12003 12229 12441 12500 11746 12949 12366 11498 11453 12378 11807 12225 12489 12219 11997 11656 12642 12452 12058 11974 12479 12034 11607 12046 12177 11961 12074 12649 11872 12057 12569 12106 12353 12297 11676 12095 12229 11879 12066 12332 12158 12133 11369 12184 11496 12026 11653 12477 12733 11657 11762 12518 11712 12262 12330 12566 12362 11559 12228 12103 11495 11802 11872 12323 12133 11862 12072 11835 12692 12518 12285 11887 12399 12216 12126 12413 12149 11632 12331 12365 12160 12040 11428 11413 12244 12668 11819 11933 12494 11551 12119 11730 11957 12356 12273 12418 12884 12643 11929 11963 12266 12384 12401 12389 13060 12763 11968 12077 12084 12035 12311 12164 11739 12453 12164 12289 11786 11477 11723 12249 12328 12300 12008 11850 11792 11558 11360 11929 11543 11508 11987 11922 11766 12058 12517 12556 11500 12324 12577 12519 11638 12970 12272 12136 12169 11749 11677 12074 12777 13072 12425
11609 11389 11106 11666 10904 11412 11459 11584 11280 11288 11030 10809 11216 11165 11190 11397 11234 10869 11175 10666 11289 11559 11577 11428 11495 11589 11113 11070 11470 10912 11090 11455 11403 11342 10838 10216 10691 11047 11614 10843 11474 11400 11136 11507 11650 11501 10974 10696 11800 11003 11515 10991 11148 10769 11489 11143 11396 11817 11107 11208 11401 11119 11354 11083 11319 11511 10693 10603 11527 11620 11039 11292 11011 11300 11539 12155 11321 11861 11337 11236 11377 11049 11419 10975 11036 11768 10701 11120 11589 11486 11057 11152 11686 11528 11645 11454 11440 11220 11553 11563 11163 11421 10586 11839 11167 11311 11438 11317 11383 11267 10702 11249 11412 11739 11499 10910 11045 10599 11358 10951 10820 11643 11493 11146 11330 10967 11659 10905 11279 11117 11508 10559 11123 11096 11520 10622 11248 11085 10772 11952 11300 11738 11410 11430 11264 11524 11500 11581 10777 11730 11360 10998 11550 11310 11270 10856 11340 11425 11550 11501 11279 11148 11105 11353 11493 11131 10872 11683 11806 11435 11508 11647 11281 11318 11127 11729 11526 11484 11042 11020 10851 11205 11070 11384 11187 11212 10772 10865 11262 11009 11304 10860 11145 11463 11491 11339 11066 11345 11494 11959 11061 11199 11007 10636 12060 11118 11461 11458 11603 11453 10934 10990 11515 11244 11439 10947 10936 11312 11493 11576 11052 11294 11338 11295 11320 11160 10672 11447 11421 11808 11310 11596 10666 11456 11401 12189 11190 11074 11419 11202 10875 11607 11212 11043 11059 11141 10644 11100 11125 11205 11550 11664 11601 11353 12010 11407 10903 10972 11253 11319 11562 12081 11406 11252 10721 11681 11206 11000 10963 11504 11247 10591 11568 11246 11344 11513 11942 11114 11193 11747 11323 11490 11491 10996 11329 11438 10923 11304 11614 11325 11855 10733 11111 10945 11316 11329 11624 11905 10962 10999 11519 11257 11721 11402 11492 11627 11123 11503 10913 10865 10939 11259 11673 11471 11471 11412 10893 11825 11837 11528 11099 11446 11612 11139 11747 11568 11215 11783 11179 11064 11441 10790 10891 11501 11527 10846 11499 11547 11095 11466 11133 11257 11621 11421 11640 11860 11700 10696 11049 11511 11741 11792 11679 12314 11820 11074 11289 10878 11442 11422 11324 11032 11258 11518 11449 11075 11058 10918 11704 11591 11592 11147 11426 11282 10701 10749 11409 11197 10595 11140 11306 11059 11005 11780 11684 10582 11118 11857 11530 11029 12137 11576 11747 11314 10961 11052 11049 11517 12094 11803
11875 12171 11494 12276 11361 11882 12063 12192 11786 11814 11470 11395 11612 11453 12064 12008 11963 11930 11859 11147 11637 12060 12083 12344 12287 12076 11779 11976 12015 11217 12046 11722 12209 11746 11770 10977 11128 11570 12116 11495 11793 11881 11701 12136 12178 11988 11682 11484 12087 11455 12172 11285 11450 11239 11999 11846 11654 12310 11427 12075 11515 12080 12090 11606 11830 11842 11317 11087 12134 11815 12015 11767 11602 12329 12299 12273 11764 12413 11818 11705 11984 11274 11964 11570 11410 12076 11502 11539 12155 11953 11653 11863 12180 11989 12544 11819 11982 11779 11968 12002 11620 12106 11176 12125 11855 11712 11658 11726 11969 11807 11386 11434 11651 12544 11653 11636 11815 11511 12117 11245 11248 12366 11825 11960 11967 11652 12009 11259 11718 11597 11836 11394 11642 11865 11900 11357 11290 12009 11175 12442 11919 12451 12076 11818 12121 12467 11707 12387 11520 12366 12134 11700 11978 11722 11816 11186 11677 12194 11403 11763 11507 11729 11562 11695 11922 12110 11781 12326 12235 12173 12441 12099 11583 12038 11689 12075 12249 11912 11563 11587 11430 11911 11482 11561 12008 11808 11211 11452 11672 11316 12232 11542 11694 12227 11881 11673 11728 12461 12159 12582 11659 12081 11394 11550 12535 12338 12137 12167 12434 11970 11209 11326 11852 11856 12010 11235 11320 11839 12261 12141 11656 11979 12003 11482 11633 11839 11407 11753 11962 12688 11654 12087 11314 12153 11738 12580 11910 11992 12025 11982 11657 12256 11684 11496 11636 11911 11144 11888 11874 11549 12060 11995 11839 11983 12520 12171 11354 11400 11883 11507 11917 12322 12088 11601 11528 12281 12196 11362 11772 12176 11804 11203 11620 11973 11857 11878 12482 11641 11767 12432 11929 11954 12096 11563 11925 12349 11350 12190 11833 12077 12284 11363 11991 11529 11483 11437 12316 12292 11434 11208 12250 11796 12240 11963 12103 12106 11496 11878 11749 11723 11425 12102 11877 11807 12185 11832 11651 12176 12031 12161 11637 11612 12096 12013 12021 11913 11745 12225 12126 11470 12026 11028 11252 12180 12008 11633 11704 12016 11424 11722 11486 11630 11863 12287 11703 12570 12235 12086 11645 11618 12055 12031 12010 12561 12355 11542 11770 11502 11910 12089 11668 11690 12271 12073 12111 11506 11509 11655 11874 12032 11624 12073 11912 12043 11625 11163 11726 11421 11324 11586 11423 12296 11922 12066 12290 11683 12191 12481 12318 11733 12767 11699 11928 11763 11443 11616 11666 12166 12636 12064
11995 11993 11586 11921 11572 11435 11675 11915 11518 11852 11139 11230 11621 11348 11633 11962 12150 11485 11606 10747 11479 11633 11783 11984 11567 12130 11310 11762 11638 11173 11523 11552 11998 11393 11193 10965 11248 11533 11937 11184 11571 11773 11251 11894 12233 11636 11074 11045 11870 11165 11797 11449 11300 11405 12261 11836 11319 11818 11161 11416 11578 11458 11725 11561 11671 11860 11170 11049 11762 11491 11395 11484 10827 11952 11830 12067 11572 11923 11508 11362 11635 11306 11498 11088 11367 11818 11286 11391 11789 11678 11273 11532 12084 11713 11831 11869 11548 11540 11956 11981 11593 11493 10909 11927 11439 11709 11369 11559 11822 11365 10727 11502 11177 11800 11454 11241 11507 10780 11950 11402 10953 11953 11775 11433 11920 11495 11762 11077 11441 11578 11706 11269 11585 11716 11718 11077 11572 11427 11347 12390 11719 12096 11537 11517 11619 12310 11768 11957 11087 12034 11486 11070 11850 11523 11525 11296 11469 11864 11624 11499 11628 11376 11643 11841 12046 11543 11374 11755 11888 11374 11483 11691 11411 11594 11606 11830 11786 11714 11319 11543 10967 11759 11084 11403 11468 11336 11312 11092 11390 10947 11568 11272 11365 11965 11240 11449 11291 11993 11742 12077 11416 11791 11352 11463 12198 11598 11688 11971 11895 11667 11055 11369 11707 11566 11562 11034 11432 11471 11662 11858 11492 11555 11646 11222 11793 11645 11027 11824 11627 12377 11569 12243 11097 11617 11108 12271 11415 11492 11610 11619 11523 12098 11307 11397 11621 11300 11198 11137 11649 11410 11857 11987 11838 11577 12218 12381 10998 10933 11612 11353 11707 12134 11848 11100 11302 12078 11742 10996 11211 11836 11212 11249 12115 11745 11374 11862 12241 11417 11207 11810 11594 11721 11890 11239 11585 11828 11265 11453 11616 11875 11511 10993 11691 11149 11701 11393 11732 11839 11296 11285 11661 11439 11938 11711 11910 11815 11350 11672 10902 11230 11058 11345 11659 11542 11831 11561 10984 12025 12083 11876 11569 11682 11596 11746 12278 11662 11057 11984 11794 11402 11668 11084 11531 12043 12119 11337 11918 11901 11248 11658 11412 11452 11691 11872 11897 12050 12105 11372 11577 11850 12005 11923 11717 12341 12031 11369 11699 11180 11413 12055 11759 11514 11763 11396 11727 11472 11205 11549 11909 11910 11584 11396 11584 11614 11065 11193 11524 10886 11186 11293 11372 11184 11696 11873 11951 11359 11778 12076 11870 11272 12455 12118 12065 11506 11478 11335 11322 11697 12256 12066
12096 11919 11678 12330 11572 11660 12340 12121 12298 11785 11831 11775 12338 11367 12138 12027 12018 11621 12117 11357 11933 12229 12616 12707 12060 12057 11828 11713 11887 11779 12010 11966 11868 11653 11529 11048 11624 12043 12095 11789 12196 11951 11924 12218 12563 12086 11700 11663 12393 11553 12270 11849 11779 11826 12414 12203 11902 12626 11709 11752 12395 11797 12048 11743 12179 11939 11136 11375 11774 12102 11964 11891 11561 12256 12318 12378 11876 12521 12043 11898 12088 11677 12416 11700 11396 12483 11656 11811 12310 12087 11777 11528 12619 11979 12646 12207 11837 11970 12158 12374 11588 12011 11166 12441 11915 12032 12194 12195 11953 12086 11366 11733 11936 12256 11725 11980 11865 11476 11958 11631 11456 12337 12174 11753 12179 11439 12527 11782 11851 11759 12169 11784 11523 11765 12107 11485 11588 11836 11862 12785 11879 12726 12318 11968 12089 12007 12053 12271 11661 12477 12012 11705 12088 12073 12265 11503 12057 12488 12109 12165 12023 11569 11916 12025 12026 12117 11850 12251 12521 12489 12385 12336 11789 12203 11581 12235 12047 12128 11571 11262 11484 11812 11686 11936 12001 11997 11304 11094 12028 11742 12173 11972 11768 12149 12243 12047 11941 12656 12269 12750 11708 11989 11575 11551 12628 11959 12356 12291 12678 12474 11433 11439 12285 11842 12019 11860 11371 12116 12438 12391 11800 11981 12157 11504 12096 12242 11531 12015 11990 12430 11808 12381 11482 12344 11545 12623 11838 12121 12134 12042 11488 12358 11989 11556 11741 11663 11621 11782 12061 11825 12305 12195 12461 11919 12505 12528 11525 11250 12187 11866 12146 12731 12386 12046 11977 12844 12345 11744 11802 12457 11879 11430 11942 11740 12283 12297 12339 11782 12176 12742 12134 12153 12354 11806 12029 12258 11714 12081 12340 12181 12362 11836 11699 11620 11876 11741 12288 12444 11633 11960 12084 11804 12611 12064 12272 12174 11815 11943 11950 11827 11996 12394 12120 12122 11933 12121 11723 12678 12339 12449 11886 12027 12330 12109 12159 12385 11700 12220 12157 11611 12230 11177 11775 12153 12510 11297 12074 12076 11737 12177 11759 12320 11876 12433 12021 12270 12666 11896 12024 12208 12326 12295 12099 12808 12390 11607 11848 11619 11882 12581 11924 11858 12270 11942 12160 11672 11745 11743 12433 11919 12477 11777 11784 12111 11191 11501 12059 11629 11486 11688 11946 11879 12097 12300 12102 11330 12419 12709 12068 11993 12517 12126 12150 11962 11650 11404 11923 12300 13211 12447
12163 12094 12010 12451 11383 11885 12343 12139 12115 11900 11583 11413 12045 11822 12054 12170 11962 11635 11931 11122 11848 12108 12376 12438 12225 12130 11768 11957 12201 11681 12082 12131 12130 11779 11705 11172 11451 11891 12145 11621 11980 11800 11697 12235 12649 12200 11674 11406 12397 12047 12257 11950 11933 11665 12541 11768 12025 12211 11852 11859 11863 12193 12354 11369 12276 12043 11551 11253 12133 12313 11820 12084 11838 12196 12385 12893 11826 12438 12282 11630 12163 11671 12073 11551 11595 12142 11632 11676 12319 12203 11843 11894 12324 12227 12702 12068 12017 11998 12093 12094 11978 12337 10996 12392 11728 12060 11774 11924 11985 11516 11338 12191 11808 12299 12163 11817 11737 11330 12276 11495 11112 12304 12247 11949 12320 11454 12201 11806 11947 11857 12206 11395 12180 11908 11813 11584 11654 11612 11602 12637 12019 12432 12475 11895 12052 12321 12107 12249 11382 12413 12454 11669 12210 12200 12300 11563 11870 12257 12253 11710 11473 11497 12022 11738 12370 12109 11555 12003 12192 12072 12437 12298 11483 11917 11655 12032 12370 12117 11602 11719 11785 11806 11636 11448 11956 11651 11305 11465 11948 11784 12150 11472 11692 12041 11995 11713 11931 12418 12214 12623 11897 12145 11324 11737 12401 12014 12222 12148 12713 11984 11573 11585 11986 11770 11836 11434 11462 12038 12600 12295 11870 12007 12007 11673 12061 12053 11669 12050 12461 12536 12113 12362 11472 12326 11788 12495 11907 11903 12014 12050 11413 12104 11793 11596 12163 11760 11495 11886 11929 11500 12008 12496 12330 11757 12784 12445 11074 11183 12317 12123 12045 12219 12406 11998 11692 12222 12425 11648 11838 12123 12310 11553 12342 12080 11985 12156 12098 11664 12165 12348 11985 12045 12193 11808 11912 12570 11567 11727 12113 12174 12126 11434 12100 11332 12237 11677 12363 12401 11680 11804 12522 11676 12557 12310 12520 12150 11846 12117 11694 11721 11559 11989 12253 12074 11864 11807 11959 12218 12723 12168 11597 11872 12284 12011 12228 12266 11969 12341 12168 11794 12224 11073 11720 12304 12383 11823 12090 12176 11764 12297 12026 12007 12078 12393 12190 12076 12798 11909 12152 12135 12338 12485 12262 12675 12564 11712 11818 11571 11969 12125 11832 11668 12222 11970 12451 11747 11890 11931 12115 12037 12273 11372 12180 12234 11628 11393 11946 11722 11442 11748 11610 12004 12108 12417 12414 11411 12693 12501 12528 11906 12370 12179 12400 11924 11462 11602 12191 12755 12908 12021
11895 11667 11526 11895 11260 11460 11989 11715 11824 11518 11088 11102 11804 11559 11575 11709 11964 11252 11717 10882 11507 11893 11914 12004 11719 11878 11435 11364 11626 11066 11565 11747 12079 11879 11819 10733 11181 11179 11856 11468 12063 11685 11394 11731 12551 11658 11477 11293 12121 11740 12242 11370 11274 11100 11794 11670 12004 12113 11336 11755 11506 11575 11727 11445 11584 11858 11125 10745 12026 11702 11479 11838 11012 11894 11997 12103 11647 11852 11908 11464 11709 11435 11731 11264 10806 12079 11322 11124 11751 11696 11519 11334 12010 11940 12339 11811 11900 11481 11697 11954 11544 11447 10790 12132 11270 11615 11421 11704 11458 11610 10838 11603 11356 11857 11521 11546 11389 10892 11847 11019 10880 12106 11783 11656 11851 11343 11930 11151 11557 11359 11491 11219 11344 11644 11544 11305 11324 11659 11337 12182 11578 12022 11930 11689 11371 12212 11495 11845 11088 12268 11712 11322 11712 11328 11748 11277 11481 11983 12062 11272 11343 11037 11551 11598 11856 11612 11521 11914 11800 11712 11912 11980 10933 11911 11214 12017 11897 11855 11128 11257 11112 11584 11334 11352 11801 11179 11022 10974 11468 11155 11868 11405 11554 11868 11188 11779 11665 12243 11715 12576 11467 11571 10875 11517 12092 11699 11971 11563 12173 11461 10891 11323 11552 11627 11670 10967 11447 11279 11991 11653 11641 11686 11835 11116 11482 11567 11344 11609 11306 12377 11518 11835 10875 11782 11474 12303 11404 11769 11683 11718 11460 11767 11572 11065 12071 11193 10967 11562 11540 11501 11605 11819 12125 11770 12309 11602 11035 11281 11779 11499 11518 11975 11866 11255 11487 11854 11808 11109 11748 11932 11505 11004 11919 11989 11806 11598 12189 11073 11758 12044 11726 11821 12010 11522 11672 11872 11207 11644 11800 11466 11799 11144 11492 11141 11721 11335 11472 11850 11283 11142 11948 11572 12339 11652 11830 11847 11589 11627 11562 11434 11430 11702 11528 11416 11483 11455 11524 12120 12120 11955 11476 11787 12072 11394 12087 11651 11438 11939 11792 11733 11585 10909 11342 11806 11940 11731 11765 11969 11513 11517 11682 11367 11615 11964 11571 12015 11911 11558 11489 11718 11910 11427 11832 12322 12136 11448 11354 11149 11330 11884 11428 11315 11992 11661 11603 11377 11467 11446 12069 11550 11971 11312 11757 11336 11063 11066 11437 10961 10858 11309 11687 11571 11711 11810 11836 11377 11806 12337 11880 11124 12051 11611 11634 11891 11350 11106 11624 12234 12372 11755
11861 12113 11620 12247 11570 11709 12102 12114 11994 11910 11748 11498 11788 11597 12296 11734 11827 11520 11719 11018 11928 12039 12160 12415 11606 12038 11649 11842 11814 11133 12140 11947 12544 11763 11611 10888 11234 11901 11734 11777 12072 11967 11634 12401 12584 11688 11671 11326 12585 11554 12142 11317 11557 11955 12310 11776 11800 12760 11621 12023 11693 11821 12096 11918 11587 12027 11078 11062 12054 11965 11688 12208 11873 12481 12449 12375 11410 12380 12118 11846 11948 11548 12096 11718 11827 12274 11663 11591 12084 12233 11575 11344 12257 12211 12355 12214 12065 11716 12078 12045 11691 12213 11300 12387 11627 11729 11777 11927 12037 12011 11655 11540 11585 12733 11902 11616 11686 11452 12048 11445 11474 12260 12131 11834 12118 11562 12350 11631 11780 11671 11993 11495 11764 11903 11827 11280 11490 11764 11733 12610 12028 12418 12310 12062 11788 12573 12044 12328 11591 12515 12147 11845 12423 11937 11931 11602 11690 11922 12385 12190 11988 11237 11754 11892 12054 12138 11786 12411 12268 11731 12110 12040 11786 12096 11426 12340 11807 12185 11581 11449 11286 12053 11448 11474 11759 11517 11355 11439 12032 11234 12088 11802 11542 12286 11950 11862 11863 12398 12227 12387 11768 12052 11643 11724 12381 11891 12099 12349 12453 11794 11508 11303 12052 11909 11660 11289 11236 11763 11804 12218 11538 11539 12025 11090 11891 11892 11465 12208 11954 12251 11646 12311 11354 12361 11731 12401 11595 11891 12103 11746 11495 12258 11979 11547 11754 11323 11422 11894 12022 11612 12078 12062 12046 11713 12312 12013 11369 11368 12112 11772 11717 12685 12159 11570 11519 12419 12229 11549 11398 12161 11922 11606 12049 12058 11896 11715 12273 11910 11934 12327 12100 11884 12138 11671 11888 12105 11184 11990 11949 12007 11773 11392 11633 11573 11815 11715 12466 11827 11691 11677 12041 11862 12502 12271 12136 11997 11612 12097 11774 11660 11246 11985 11807 11754 12206 11743 11467 12491 12165 11911 11789 12279 12108 11795 12256 12223 11639 11710 11913 11924 11837 11540 11632 12281 12075 11981 11846 12061 11446 11749 11682 11995 12041 12079 12126 12506 12625 11763 12135 11718 12791 12304 12121 12651 12561 11705 11675 11632 11865 12407 12048 11695 12267 11846 11960 11652 11505 11318 12161 12076 12169 11440 12164 12060 11632 11136 12076 11276 11393 11612 11167 11860 11587 12324 12208 11744 12111 12436 11976 11525 12581 12040 12173 11814 11759 11629 11700 12219 12649 12210
12064 12397 12133 12464 11722 12153 12356 12244 12245 11940 12106 11857 12104 12105 12238 12015 12281 11757 11986 11157 12246 12237 12356 12427 12543 12281 11884 12069 11977 11490 12378 12352 12306 12311 11891 11363 11201 12003 12153 11868 12474 12191 11609 12365 13079 12236 12161 11681 12753 11877 12551 11703 11950 11951 12501 12281 12126 12618 11757 12221 12082 12164 12305 11841 11933 12278 11584 11336 12453 12190 12184 12428 12062 12344 12319 12652 12069 12642 12004 11910 11959 11785 12345 11726 11513 12339 11815 11994 12428 12398 12198 11959 12606 12517 12590 12199 12263 12011 12216 12138 11890 12323 11604 12600 11891 12099 12257 11884 12258 11722 11636 12179 12171 12259 12415 11921 11975 11522 12597 11626 11358 12179 12544 12075 12123 11678 12468 11950 11930 11986 12231 11497 11964 12495 11985 11293 11977 12036 11694 13063 12255 12761 12343 12444 12390 12535 12212 12533 11922 12598 12115 11687 12509 12289 12208 11857 11937 12368 12325 12071 11845 11358 12427 12158 12459 12023 11915 12725 12523 12095 12343 12356 11720 12274 11786 12539 12192 12176 11943 11935 11539 11921 11727 11746 11998 11570 11502 11795 11970 11906 12396 11652 11733 12413 12043 11980 12074 12590 12350 12679 11738 12324 11526 12003 12780 12299 12335 12404 12556 11990 11780 11861 11965 11807 12191 11447 11730 12012 12351 12302 11868 11882 12276 11568 12242 12456 11613 12109 12156 12630 12181 12521 11436 12533 12357 12646 11800 12251 12392 11936 11900 12431 12054 11788 11908 12268 11417 12154 12057 11444 12245 12351 12240 11855 12553 12371 11695 11428 12112 12232 12251 12364 12126 12070 11525 12610 12750 11856 12042 12336 12475 11856 12302 12135 12186 12319 12482 11817 11951 12430 12002 12187 12189 11776 12322 12388 11601 12340 12555 12293 12315 11592 12441 11560 12037 11929 12647 12463 11913 11855 12689 11864 12609 12043 12159 12402 11854 12228 11986 12066 11863 12344 12172 12133 12060 11810 12201 12743 12528 12519 12000 11932 12388 12045 12651 12104 12308 12281 12140 11856 12195 11526 11749 12422 12414 12026 12281 12423 12043 12245 11851 12047 12254 12549 12239 12344 12431 12044 11803 12157 12452 12570 12257 12807 12933 11718 11836 11559 12071 12343 12172 11940 12230 12285 12195 12000 11712 11939 12564 12682 11977 12024 12190 12027 11459 11615 12096 11673 11643 11821 12132 12158 12047 12782 12002 11637 12429 12673 12246 11556 12756 12237 12628 12255 11743 11983 11917 12695 12966 12272
12204 12713 12030 12265 11910 12246 12494 12392 12290 12148 11888 11862 12214 12029 12758 12313 12386 12344 11975 11244 12473 12501 12296 13061 12156 12607 12296 12550 12411 11888 12098 12365 12790 12147 11893 11595 11607 12134 12458 11581 12596 12116 11961 12074 13079 12300 11950 11932 12612 12141 12580 11934 12296 11853 12610 12145 12344 12866 12133 12398 12399 12260 12263 12199 12304 12393 11705 11683 12688 12337 12294 12523 11846 12545 13037 12824 12229 12300 12431 12178 12397 12121 12189 12140 11786 12224 11880 11830 12691 12341 11667 11771 12509 12914 12716 12521 12150 12347 12303 12793 12281 12280 11511 12862 11871 12402 12015 12600 12199 11740 11643 12574 12132 12702 12005 12144 12137 11476 12683 11797 11795 12762 12360 12237 12384 11956 12496 11630 12202 12367 12143 11622 11816 12464 12150 11672 11665 12385 11804 12900 12345 12763 12396 12320 11955 12567 12231 12538 11886 12760 12203 11746 12536 12249 12132 12045 12054 12711 12595 12267 11600 11804 12089 12244 12416 12307 11926 12539 12761 12222 12367 12507 12039 12166 12314 12448 12374 12269 11617 12056 11904 11869 11826 12115 12191 11855 12124 11600 12032 11720 12126 11953 12033 12691 12318 12021 12173 12842 12187 13120 12126 12416 11749 12139 12968 12458 12709 12461 12717 12211 11763 11837 12362 12335 12101 11611 12087 12121 12611 12666 12361 12168 12396 11721 12555 12400 11709 12086 12142 12957 12124 12584 11895 12565 11971 12792 11863 12102 12156 12308 12025 12667 12260 11795 12357 11940 11669 11869 12208 11898 12316 12627 12576 12073 13122 12646 11614 11629 12465 11855 12439 12522 12502 11730 11931 12519 12751 11847 12038 12569 12332 11744 12416 12714 12305 12281 12877 12020 12031 13118 12128 12184 12702 12124 11955 12612 11486 12403 12677 12307 12228 11125 12422 11765 12136 12056 12792 12737 11928 11652 12757 12258 12756 12222 12896 12430 11884 12219 12185 11743 11761 12215 12353 12201 12003 12327 11856 12806 13161 12358 11993 12597 12593 12459 12355 12464 11947 12142 12173 12102 11956 11240 12137 12514 12537 12174 12394 12283 11698 12038 12129 12369 12452 12691 12235 12432 12605 12166 12470 12235 12603 12310 12539 12894 13057 12174 11947 11965 12210 12261 12169 11856 12270 12260 12068 12018 12010 11926 12485 12364 12254 11968 12365 12097 11826 11633 12172 12027 11564 11955 12194 12161 12165 12550 12769 11750 12502 12933 12661 11923 12841 12593 12527 12322 12210 11717 12185 12817 13034 12501
11940 11756 11751 12316 11512 11767 12100 12012 12321 11838 11569 11717 11878 11760 11965 12128 11906 11889 11863 11117 12266 11959 12215 12292 12047 12230 11753 11772 11923 11750 12216 12110 12389 11853 11623 11272 11295 11932 12151 11343 12101 11970 11503 12025 12617 12018 11479 11808 12284 12141 12061 11579 11744 11447 12422 12252 11969 12527 11704 11918 11952 11998 12381 11506 11856 12106 11328 11070 12288 12004 11716 12023 11464 12453 12336 12585 11702 12082 12169 11664 11798 11589 12006 11841 11688 12265 11886 11695 12237 11995 11606 11754 12401 12642 12576 11972 11964 11880 12482 12298 11823 12082 10963 12737 11606 11974 12035 12098 11956 11452 11466 12170 11880 12216 12038 11671 11800 11504 11957 11728 11430 12098 11993 11895 11950 11864 12350 11754 11933 11635 12495 11298 11966 11940 11947 11564 12015 12193 11490 12737 11766 12238 12167 11995 12248 12534 11966 12457 11415 12300 12151 11676 12216 12322 11993 11830 11789 12284 12465 11873 11648 11472 12210 12184 12272 12063 11769 12270 12144 12117 12359 12002 11668 11694 11562 12063 12146 12153 11829 11421 11445 11923 11843 11659 11843 11638 11434 11443 11769 11376 11850 11692 11529 12240 11993 11849 11999 12415 11925 12634 11803 11904 11478 11731 12615 11859 12079 11956 12504 11989 11327 11852 11996 12025 12016 11507 11648 11788 12404 12286 11782 11954 12127 11703 12062 11924 11489 12301 11920 12411 11886 12383 11541 12033 11916 12548 12014 11656 11719 11871 11731 12294 11909 11371 12026 11825 11371 11792 12077 11846 11877 12058 12331 12114 12653 12263 11733 11799 12392 11793 12034 12015 12085 11683 11524 12530 12385 11736 11773 12373 12089 11365 11991 12329 12203 12236 12679 11884 11844 12349 11926 12283 12231 11473 11708 12405 11513 11884 12260 12218 12239 11267 11958 11490 11951 12250 11954 12353 11323 11288 12090 12178 12408 12306 12252 12225 11972 11858 11701 11637 11783 12036 12315 11520 11788 11734 11459 12277 12343 12320 11968 11768 12201 12173 12384 12356 11321 11904 12021 11951 11864 11093 11665 12216 12286 11933 12015 11916 11332 11969 11868 12128 12142 12392 12043 12455 12761 11651 11985 12399 11864 12488 12029 12934 12166 11643 11946 12054 11925 12104 11974 11546 12350 11890 11807 11351 11844 11573 12292 12320 11845 11766 12037 11946 11278 11275 12101 11495 11311 11405 11441 11831 11826 12469 12584 11512 12251 12343 11844 11723 12455 12214 12468 11904 11504 11884 11995 12380 12718 11948
12011 12168 11935 12398 11957 12098 12135 11983 12008 12023 11326 11595 12254 11863 11917 12143 12100 11486 11874 11228 12016 12488 12332 12404 12221 12155 11903 11525 12307 11257 11783 12027 12554 11608 11801 11190 11143 11748 12064 11767 12368 11942 11871 12390 12883 12034 11631 11783 12182 11673 12125 11679 11542 11781 12253 11903 11728 12235 11516 12020 11836 11734 12268 11769 12024 12143 11430 11033 12289 12207 11925 11586 11809 12359 12194 12522 11687 12258 12091 11767 11732 11861 12006 11552 11850 12296 11595 11743 12530 12317 11758 11922 12203 12548 12567 12141 12258 11707 11863 11930 11838 12252 11310 12355 11864 11963 12063 11956 12011 11915 11528 11693 11723 12240 11771 11811 11491 11196 11772 11706 11497 12303 12601 11746 11957 11884 12337 11944 11679 11885 12157 11368 11577 11646 12145 11179 11736 11901 11674 12703 11651 12955 12028 12211 11854 12423 12262 12380 11515 12500 12043 11366 12221 12107 11776 11347 12081 12471 12061 12366 11627 11567 11928 11894 12317 12025 11613 12537 12422 11981 12236 12376 11558 11958 11819 12022 12031 12594 11656 11332 11521 11926 12104 11631 11916 11950 11555 11241 11992 11388 11841 11352 11837 12161 12226 11923 11710 12594 12213 12420 11716 12244 11549 11562 12510 11821 12362 12229 12563 12275 11730 11356 12358 11793 12088 11349 11504 11867 12133 12089 11849 12136 12060 11756 12067 11911 11528 11965 12021 12624 11988 12349 11180 12195 11947 12849 11598 11985 11982 11981 11511 12351 11839 11422 11943 11851 11510 11674 11747 11557 11933 12066 12172 11774 12635 12184 11453 11668 12260 11911 12249 12444 11929 11516 11503 12143 12261 11458 11942 12450 12081 11460 11692 12195 11854 12364 12646 11681 11700 12591 11732 12110 12502 11842 11859 12113 11433 12233 12078 12042 12502 11553 12174 11741 11979 11507 12156 12576 11685 11724 12509 11933 12153 12205 12413 12221 11569 11991 11968 11706 11406 11911 12105 12072 11854 12386 11655 12561 12263 12325 11847 11898 12271 11699 12285 11725 11795 12057 12056 11944 12239 11162 11645 12440 12182 11859 11675 12168 11506 12432 11913 11846 11846 12693 12224 12326 12463 11900 12165 12396 12337 12024 12024 12612 12255 11867 11723 11430 11959 12303 11995 11805 12256 12027 11988 11709 11949 11675 12260 11971 12193 11681 12227 11936 11391 11184 11778 11373 11318 11711 11805 11963 12044 12091 12298 11628 12192 12346 12438 11822 12675 12145 12071 11799 11632 11669 11786 12510 12914 12169
11653 12299 11881 12184 11448 11862 12211 12139 12211 11490 11730 11296 11960 12136 11844 11888 12096 11604 11837 11227 11675 12342 12060 12124 12108 12435 11777 11855 11975 11318 12010 12287 12365 11717 11612 11311 11304 11782 12428 11339 12074 12086 11574 11944 12696 12221 11675 11439 12221 11806 12282 11340 11693 11505 12182 11896 12111 12410 11661 11968 11776 12048 12049 11327 11919 11953 11526 11626 12510 12079 11889 11937 11651 12538 12130 12171 11845 12197 11817 11844 11895 11666 11902 11686 11649 11977 11583 11639 12182 12080 11496 11807 12358 12553 12224 12137 12093 11633 11821 12304 12036 12044 11251 12421 11901 12219 11791 11632 12026 11634 11255 11594 11904 12198 12060 11979 11800 11400 12214 11448 11139 12227 12302 12032 12084 11800 12139 11793 11651 11623 12035 11324 11876 11890 11957 11398 11468 11617 11588 12716 12071 12666 12327 12006 11867 12036 11958 12463 11369 12274 12232 11243 11819 11886 11957 11654 12103 12279 12290 12028 11661 11716 11797 12067 12145 12111 11589 12341 12616 12344 12034 12085 11810 12130 11560 11827 11768 11952 11310 11312 11464 11597 11524 11752 11823 11794 11486 11273 11557 11284 12059 11526 11724 12509 11929 12001 11718 12531 11933 12436 12021 12025 11703 11669 12228 11814 12155 11757 12366 12068 11271 11250 12141 11821 11924 11162 11348 11653 12081 12298 11714 11806 12014 11269 11911 11813 11620 11951 11652 12138 11841 12192 11276 12258 12129 12387 11439 11749 11906 11896 12001 12273 11772 11543 12122 11686 11656 11842 11869 11849 11831 12054 12116 11958 12420 12081 11367 11283 12104 11697 11949 12162 12140 11757 11618 12252 12408 11681 11904 12363 12285 10974 12288 12208 11843 11948 12261 11541 11737 12414 11849 12106 12197 11495 11746 12106 11177 11907 12151 12047 11982 11458 12126 11332 12043 11437 11982 12129 11756 11535 12050 11940 12495 12042 11977 12194 11522 12101 11775 11646 11664 11774 11891 11988 11912 11962 11718 12303 12148 12107 11441 11801 12226 11925 12339 12045 11587 12088 12367 12145 11683 11212 11741 12148 12117 11769 11820 12201 11695 12112 11758 11971 11951 12091 11816 12269 12304 12011 12045 11894 12274 12285 12093 12490 12536 11797 11768 11623 12164 12160 11846 11782 12145 11737 12163 11798 11636 11614 12380 11925 12193 11450 11969 11663 11539 11307 11951 11439 11441 11739 11608 11432 12226 12146 12443 11910 11941 12739 12600 11682 12772 12199 11708 11886 11759 11407 11551 12435 12587 11878
