200
5885 5907 6152 6041 5772 6082 5861 6190 6107 6879 6040 6213 6549 5992 6138 6386 6146 6261 6298 6312 6059 6363 6064 6443 6272 6203 6400 6091 6180 6582 5919 6393 6660 6277 5985 6181 6099 6522 6461 6373 6084 6260 6151 6302 6541 6268 6663 6323 6053 6001 6113 5641 6067 6354 6040 6298 6284 6017 5948 6650 6349 6324 6457 6216 6184 6467 6455 6091 6282 6370 6094 6289 6553 6279 6347 6221 6195 5932 6509 6293 6102 6631 6441 6301 6162 6184 6367 6550 6427 6239 5939 6422 5964 6480 6044 6558 6051 6028 6459 6705 6105 6667 6191 6255 6181 5971 5847 5853 6292 5956 6332 6272 6568 6370 5882 6332 6115 6312 6262 6186 5885 6289 6543 5794 5980 5954 6034 6130 6167 6034 6390 5988 6424 6246 6045 6206 6611 6529 6578 6132 6460 6328 6553 6146 6070 6212 6323 6250 5990 6244 6220 6370 6292 6107 6229 6151 6425 5524 6445 6160 6375 6123 6021 5973 6083 6186 6086 6519 5665 6364 6042 6593 6310 6086 6314 6286 6045 6115 6712 6333 6339 5840 6237 6577 6013 6121 6364 6130 5684 6158 5935 5686 5875 5863 6314 6139 6185 6534 6045 6395
5813 6166 6033 6427 5775 5732 5845 6291 6306 6654 6063 6067 6342 6105 6176 6152 6015 6107 6357 5904 5982 6391 5864 6451 6153 6007 6822 6266 5952 6353 6028 6603 6593 5999 6113 6103 5985 6116 6520 6178 6030 6703 6092 6374 6565 6203 6365 6204 6362 6042 5943 5884 6174 6579 5996 6185 6311 6282 6066 6504 5956 6188 6489 6310 6193 6418 6188 5989 6204 6386 5979 6495 6642 5969 6300 6205 6267 5974 6508 6171 5864 6841 6379 6091 6097 5929 6241 6690 6285 6091 6085 6284 5860 6300 6026 6462 5954 6127 6228 6614 5823 6772 6042 6391 6082 5802 5996 5863 6374 6444 6365 6098 6594 6285 6171 6417 6146 6342 6246 6355 6127 6062 6448 6082 5897 5877 5968 6253 6142 6047 6285 5726 6104 6604 5943 6306 6847 6573 6540 6471 6103 6497 6724 6093 5717 6089 6115 6286 5809 6312 6185 6256 6360 6058 6528 6305 6210 5629 6515 6094 6168 6261 6148 6194 6097 6104 6165 6373 5897 6269 5990 6439 6128 6032 6358 6192 5927 5929 6465 6541 6275 5901 6299 6480 5753 6042 6624 6424 5932 6097 5924 5821 6020 6151 6160 6096 6349 6497 6013 6076
5919 5821 5799 5835 5444 5707 5895 6061 6036 6474 5933 6075 6354 5920 5844 5942 5992 5934 6294 6084 5854 6250 5848 6220 5882 5786 6192 6262 5809 6239 5918 6425 6398 5811 5978 5938 5922 5971 6395 6212 6023 6129 6030 6268 6311 6036 5978 6080 6061 5978 6110 5615 5899 6279 5868 6117 6237 5755 5626 6236 5921 6086 6357 6038 6205 6208 5837 5993 6120 6028 5988 6299 6455 5878 6175 5793 5878 5866 6387 5937 5658 6533 6470 6026 5811 5744 6102 6754 5914 6089 5713 6143 5725 6119 5913 6257 5687 6056 5915 6205 5675 6548 6020 6077 5718 5684 5740 5723 5861 5965 6168 6016 6405 6037 5981 6036 5935 6225 6335 6034 5926 5834 6361 5889 5941 5858 5859 6138 5810 5718 6137 5766 5845 6297 5783 6158 6379 6258 6348 6243 6053 6153 6337 5837 5603 5901 6185 5709 5696 6283 6190 6402 6178 5875 6247 5947 5989 5413 6142 6043 6242 5980 5646 5821 6102 6063 6120 6399 5716 6176 5708 6283 6211 5851 6224 6027 5895 5730 6181 6059 6111 5902 6183 6463 6025 5866 6175 6204 5629 5950 5819 5704 5953 5956 6171 5977 6243 5929 5694 6166
6057 6161 6243 6105 5748 5975 5779 6258 6483 6602 6008 6146 6787 6226 6150 6387 6173 6203 6501 6109 6283 6251 6063 6494 6379 6009 6731 6137 5945 6559 6057 6338 6597 6124 6305 6264 5685 6256 6377 6200 6333 6613 6149 6407 6547 6400 6371 6332 6077 5945 6078 6067 5933 6578 6094 6244 6157 6183 5878 6530 6139 6267 6479 6230 6199 6391 6236 6097 6171 6460 6058 6493 6316 6067 6116 6119 6192 6045 6652 6440 5711 6747 6470 6291 6210 6032 6471 6368 6249 6196 5945 6238 6015 6105 6032 6536 5979 6109 6306 6551 5733 6850 5997 6250 5875 5978 5829 5656 6366 6015 6352 6330 6379 6323 6120 6239 5983 6239 6272 6203 6073 6109 6722 5913 6118 5992 6111 6450 6211 6422 6522 5788 6411 6508 6011 6169 6699 6406 6596 6547 6000 6413 6816 6143 5919 6165 6338 6148 6043 6470 6146 6248 6403 6040 6282 6250 6224 5697 6624 6228 6337 6221 6063 6278 6245 5884 6237 6502 5638 5963 6069 6670 6300 6066 6605 6347 5947 6182 6447 6348 6288 6064 6202 6411 6049 6302 6438 6228 5761 5917 6151 5903 5857 6143 6041 6074 6361 6379 5999 6229
5770 5882 5934 5931 5621 5620 5681 6094 6155 6578 5913 5720 6324 5800 5868 6072 5880 5951 6330 5914 6005 6107 5848 6356 5976 5813 6297 6075 5593 6068 5805 6039 6181 5877 5885 5881 5705 6122 6098 6102 5872 6198 5792 6045 6381 5946 6260 5967 6143 5809 5825 5873 5890 6341 5873 5956 6307 5852 5529 6194 6164 6237 6136 5902 6216 6180 6167 5857 6098 6094 5861 6278 6168 5670 5909 6076 6034 5822 6415 5972 5659 6344 6207 5689 5859 5976 6220 6346 6030 6029 5682 6052 5826 6163 5950 6090 5733 6014 6044 6418 5545 6562 5821 6044 5699 5784 5798 5519 5960 5744 5844 5990 6234 6236 5966 6165 5902 5862 6294 5947 5732 5942 6242 5704 5872 6024 5971 6407 6151 5857 5925 5633 6071 6186 5843 5983 6582 6169 6614 6108 5929 6134 6372 5722 5746 6060 5985 6008 5663 6001 5976 6092 6290 5610 5851 6001 6134 5828 6160 6174 6177 5951 5714 6026 6094 5835 6090 6136 5442 6052 5661 6251 6215 5778 6344 6137 5824 5944 6440 6213 6206 6045 5929 6228 5765 6047 6248 6034 5564 5811 5810 5592 5708 5795 6141 5820 6008 6135 5872 6059
5671 6006 6151 5962 5709 5724 5833 6174 6261 6637 5916 5975 6394 5831 6086 6209 5896 5959 6231 6069 5960 6333 5896 6182 6018 5926 6574 5949 5893 6291 5825 6506 6621 6008 6230 5925 5672 6141 6207 6107 6163 6275 6085 6114 6496 6025 6221 6112 6085 5781 5931 5671 5953 6422 5848 6044 6149 6023 5891 6179 5996 6190 6481 6032 5930 6121 6054 5802 6096 6271 5725 6173 6265 5872 5984 5983 5930 5981 6471 5957 5634 6628 6274 6159 6169 5871 6083 6430 6089 5896 6018 6013 5499 5896 5761 6368 5980 5966 6074 6216 5736 6596 5865 6099 5956 5715 5659 5607 6199 5956 6047 6037 6506 6137 6040 6408 5922 5984 6172 6040 5784 6215 6469 5871 5885 5824 5771 6280 5965 5956 5934 5641 6179 6335 6081 5845 6698 6325 6477 6186 6018 6509 6204 5924 5890 5903 6149 6139 5848 6406 6010 6128 6263 5929 6187 6494 6093 5757 6460 6034 5977 6007 5926 6040 6127 5851 5928 6298 5705 6168 5843 6234 6155 5918 6172 6133 6050 5793 6223 6186 6204 5977 6115 6138 5833 5968 6392 5967 5867 5821 5844 5877 5901 5926 6069 5934 6179 6265 5859 6311
6416 6414 6315 6641 6147 6423 6442 6714 6878 7278 6543 6766 6939 6414 6731 6627 6514 6624 6980 6642 6366 6638 6446 6965 6735 6586 6971 6618 6277 6663 6673 6912 7043 6627 6747 6481 6483 6668 6765 6767 6597 6950 6614 6815 7033 6800 6912 6652 6578 6144 6445 6208 6586 7038 6395 6743 6874 6724 6530 6856 6452 6676 7190 6533 6642 6879 6824 6743 6816 6870 6697 6813 7172 6644 6629 6617 6635 6377 7180 6521 6108 7161 6857 6623 6779 6567 6753 7010 6767 6561 6385 6769 6547 6673 6366 7026 6535 6693 6404 6708 6223 7368 6374 6857 6300 6332 6289 6259 6611 6417 6750 6916 6930 6719 6692 6982 6397 6659 6837 6469 6328 6620 7166 6487 6329 6412 6440 6825 6886 6568 6983 6187 6824 6982 6476 6711 7050 6948 6970 6979 6425 6666 6970 6608 6355 6526 6864 6633 6533 6964 6516 6823 6755 6623 6904 6739 6853 6285 6970 6667 6651 6629 6590 6669 6649 6584 6786 6996 6073 6818 6331 7163 6903 6242 6865 6600 6433 6498 6944 6825 6769 6585 6719 6858 6353 6702 7016 6739 6243 6473 6450 6282 6479 6686 6615 6307 6691 6913 6382 6698
6179 6103 6232 6054 5982 5968 5965 6248 6401 6477 6147 6227 6481 6146 6098 6323 6146 6279 6313 6062 6107 6413 6024 6639 6319 5957 6632 6279 5840 6195 5751 6532 6652 6109 6364 6170 6095 6312 6545 6052 6135 6383 6014 6281 6485 6142 6495 6464 6286 5891 6238 5781 5995 6373 5891 6355 6417 6380 6008 6260 6046 6411 6682 6151 6220 6409 6219 6060 6109 6116 6243 6348 6677 6137 6051 6270 5982 5979 6585 6081 5887 6752 6570 6247 6213 6099 6153 6471 6349 6149 5944 6208 5765 6247 6048 6458 5901 6177 6014 6477 5885 6985 6193 6345 5771 5778 5964 6013 6334 6118 6122 6173 6447 6007 6185 6434 6100 6318 6373 6122 6136 6055 6569 5952 5913 5912 6004 6443 6218 6068 6281 6011 6417 6687 6012 6395 6600 6483 6494 6288 6351 6248 6360 5976 5986 6012 6320 6240 5991 6349 6174 6344 6254 5969 6155 6381 6235 5626 6636 6097 6288 6083 6121 6205 6131 6141 6134 6401 5837 6296 5770 6486 6161 6166 6359 6393 5909 6119 6593 6252 6110 6071 6173 6498 6089 6350 6620 6292 5670 6038 5895 5828 5950 5952 6308 6050 6300 6471 5874 6377
5744 5967 5991 6254 5583 5993 5592 6200 6144 6779 5924 6209 6500 6119 5972 6086 5862 5919 6315 6071 5947 6233 5873 6338 6175 5903 6369 6282 5965 6170 6088 6356 6161 6175 6054 5869 5778 6016 6122 6181 6242 6431 5949 6227 6689 6014 6270 6099 6135 5764 6046 5599 6059 6476 5911 6151 6254 6145 5882 6430 6001 5938 6610 6102 5919 6158 6099 6140 5947 6292 5848 6172 6579 5906 6190 6217 6005 5979 6445 5974 5807 6583 6178 6255 6205 5788 6194 6553 6182 6031 5917 6235 5775 6035 5960 6461 5893 6012 6059 6289 5992 6483 5915 6147 5671 5754 5788 5619 6072 6190 6265 6245 6391 6140 6068 6309 5961 6287 6270 6144 5955 6006 6461 5998 5923 5729 5964 6388 6015 6068 6195 5591 5909 6384 6086 5978 6713 6375 6603 6224 6052 6326 6280 6043 5938 5919 6242 6060 5719 6361 6014 6258 6293 5980 6422 6289 6087 5551 6186 6017 6151 6014 6068 6007 5915 5938 6124 6387 5685 6124 5860 6239 6083 5899 6119 6335 6074 5889 6462 6115 6158 5787 6189 6376 6060 5933 6105 6334 5701 5938 6165 5715 5841 5933 6353 5856 6263 6195 5645 6381
5509 5867 5684 5971 5426 5783 5487 5974 6094 6468 5794 6015 6231 5766 5775 5775 5543 5962 6112 5841 5867 5992 5815 6165 5957 5461 6133 6091 5822 5903 6020 6081 6141 5578 5828 5614 5714 5925 6142 6036 5895 6279 5765 5881 6384 5994 5927 5815 6078 5563 5918 5575 5774 6164 5791 5934 6056 6102 5550 6090 5867 5867 6124 5986 5772 5988 5974 5695 5795 5970 5863 6213 6297 5550 5915 5857 6005 5513 6184 5965 5475 6452 6196 5771 5919 5815 6067 6224 6282 5983 5753 6038 5749 6226 5629 6051 5862 5906 5872 6207 5644 6303 5839 5880 5860 5689 5670 5520 5815 5759 5896 6031 5988 6100 5777 6071 5902 5794 5988 5875 5643 5871 6396 5697 5536 5781 5753 6022 5944 5786 6035 5493 6045 6091 5643 5823 6531 6000 6285 5914 5812 6297 6139 5725 5699 5703 5860 5839 5619 5938 5709 5894 5954 5745 5951 6020 5719 5534 6141 5728 6064 5957 5813 5862 5740 5971 5758 6199 5414 6035 5666 6066 6138 5616 6062 6085 5899 5806 6297 5849 6181 5634 5825 5956 5809 5804 6221 5953 5575 5639 5567 5522 5613 5740 6009 5730 6056 6200 5672 5960
6195 6245 6539 6297 6113 6031 6179 6756 6528 7091 6446 6572 7118 6352 6690 6548 6301 6434 6645 6336 6414 6610 6257 6603 6693 6242 6776 6455 6216 6662 6288 6763 7103 6339 6622 6300 6154 6388 6670 6495 6491 6754 6474 6499 6669 6432 6620 6361 6436 5943 6418 5981 6352 6665 6232 6700 6592 6719 6171 6646 6501 6634 6671 6579 6614 6738 6440 6478 6619 6578 6278 6595 6733 6356 6373 6558 6470 6340 6824 6489 5970 6928 6598 6409 6540 6459 6446 6704 6920 6481 6245 6571 6158 6675 6157 6821 6392 6482 6207 6691 6103 6987 6373 6596 6242 6214 6175 6066 6448 6199 6434 6540 6602 6454 6492 6671 6271 6264 6608 6454 6103 6523 6657 6279 6076 6210 6316 6660 6628 6339 6407 5927 6605 6760 6463 6541 7026 7012 6882 6647 6351 6768 6654 6486 6159 6134 6502 6305 6285 6598 6328 6558 6552 6340 6587 6495 6436 5993 6911 6611 6499 6511 6331 6457 6446 6048 6449 6587 6115 6523 6251 6792 6576 6100 6746 6431 6269 6261 6796 6494 6580 6458 6555 6731 6290 6493 6665 6596 6065 6338 6440 6218 6303 6535 6446 6403 6502 6787 6283 6489
5718 6004 5698 6038 5688 5623 5651 5960 6162 6502 5680 5863 6110 5848 5902 6046 6131 6008 6275 5797 5981 6319 5927 6412 5987 5922 6198 5996 5719 5976 5895 6235 6291 5871 5876 6067 5680 5987 6198 6085 5954 6119 5918 6230 6353 5900 6114 5948 5902 5952 5912 5785 5975 6348 5727 6061 6021 5857 5863 6101 6034 6262 6297 6088 6078 6199 6318 5843 5996 6341 5948 6448 6313 5961 5931 5843 5988 5841 6461 5951 5676 6454 6154 5905 5801 5725 6110 6191 6049 5889 5710 6132 5803 5892 5829 6352 5492 6087 6043 6367 5789 6502 5926 6135 5846 5690 5747 5842 5817 5813 6026 5957 6141 6088 5911 6185 5802 6107 6088 5875 5799 5829 6318 5961 5573 5776 6012 6167 5796 5760 6067 5721 5981 6420 5737 5931 6518 6297 6518 6209 5976 6359 6324 6026 5821 5868 6086 5920 5777 6077 5796 6075 5858 5885 6077 6148 6056 5467 6128 5808 6045 5984 5705 5943 5896 5688 5828 6228 5651 5961 5718 6196 6053 5803 6331 6016 5696 5995 6233 6440 5883 6034 5856 6311 5717 5894 6175 6176 5506 5805 5867 5720 5714 5728 5891 5904 5993 6129 5883 6082
5343 5629 5502 5848 5225 5553 5499 5630 5838 6467 5483 5731 5923 5503 5771 5606 5680 5743 5682 5864 5612 6040 5515 5947 5771 5859 6035 5815 5542 5582 5554 5973 6102 5641 5465 5557 5539 5945 5872 6144 5747 5778 5657 6040 6078 5650 5929 5649 5667 5633 5691 5327 5745 5906 5429 5925 6118 5783 5633 6011 5677 5776 6168 5756 5715 5972 5956 5447 5866 5822 5615 5869 6143 5577 5605 5873 5694 5641 6147 5823 5498 6051 5768 5839 5817 5442 5787 6121 5893 5637 5561 5927 5533 5839 5587 5897 5346 5890 5580 5945 5647 6205 5583 5742 5613 5497 5490 5359 5743 5615 5776 5884 6189 5625 5951 6193 5464 5725 5597 5772 5579 5769 5812 5729 5492 5614 5642 5857 5731 5631 5681 5472 5686 5998 5754 5714 6270 6070 6268 5890 5716 6055 5989 5852 5473 5647 5756 5790 5591 5957 5611 5938 5942 5594 5842 5914 5830 5255 5954 5694 5672 5439 5570 5559 5685 5354 5652 5798 5365 5701 5403 5839 5752 5570 5732 5836 5370 5713 6085 5762 5820 5578 5753 5959 5527 5699 5958 5922 5350 5785 5790 5477 5436 5573 5731 5610 5844 5941 5535 5996
5351 5611 5683 5783 5354 5666 5634 5824 5937 6031 5719 5782 6104 5641 5698 6028 5446 5839 6034 5703 5753 5870 5730 5868 5993 5566 6107 5873 5699 5921 5932 6216 6160 5730 5858 5677 5555 5740 5741 5925 5878 6135 5882 5937 6240 5660 5888 5717 5523 5461 5786 5545 5467 5914 5514 6044 5823 5733 5325 5780 5553 5822 6085 5788 5725 5853 5641 5583 5697 6008 5617 5878 6164 5745 5822 5678 5763 5552 6088 5559 5329 5919 5958 5763 5555 5633 5666 6127 5903 5736 5484 5680 5807 5928 5598 6103 5690 5770 5625 5846 5360 6515 5642 5863 5615 5396 5672 5304 5925 5629 5912 5774 5804 5810 5733 5990 5627 5608 5906 5646 5793 5872 6172 5614 5444 5620 5552 6026 5664 5631 5625 5090 5776 6006 5559 5867 6128 6129 5952 5971 5740 5967 6213 5685 5546 5538 5801 5793 5407 6083 5748 5776 6033 5535 5870 6000 5985 5301 6047 5576 5952 5792 5607 5791 5653 5444 5448 5908 5289 5657 5554 6187 5900 5411 5864 5787 5805 5541 6131 5867 5615 5731 5759 5805 5547 5716 5891 5904 5425 5517 5921 5565 5569 5508 5939 5484 5853 5744 5514 5937
5366 5526 5581 5714 5363 5511 5536 5912 5707 6221 5699 5641 6097 5754 5881 5856 5638 5763 6103 5781 5561 5927 5545 6243 5966 5565 6012 5872 5613 5891 5581 5925 6074 5770 5713 5673 5593 5949 5954 5689 5570 5831 5715 5761 6211 5528 5981 5685 5627 5528 5856 5310 5510 5920 5553 5916 5942 5849 5459 5978 5734 5925 6184 5803 5797 5798 5770 6006 5829 5891 5481 5938 6077 5562 5933 5806 5745 5543 6263 5701 5285 6104 5976 5569 5863 5738 5847 6207 5994 5647 5515 5562 5590 5884 5651 6206 5834 5904 5800 5815 5458 6133 5647 5925 5337 5368 5395 5457 5720 5494 5777 5748 6021 5738 5631 5847 5860 5700 6056 5917 5387 5664 6061 5432 5502 5610 5513 5922 5776 5459 5978 5323 5923 5913 5808 5815 6191 6163 6021 6035 5780 6033 6058 5581 5491 5399 5662 5724 5442 5829 5584 6090 5752 5439 5867 5963 5806 5375 5846 5645 5686 5793 5377 5948 5467 5486 5682 6105 5390 5584 5575 5896 6067 5611 5944 5771 5447 5509 5942 5904 5763 5762 5717 6245 5712 5591 6021 5745 5371 5713 5438 5613 5505 5449 5796 5623 5925 6105 5610 5727
5985 6076 5954 6222 5650 6041 5702 6121 6415 6639 5869 6076 6578 6109 6093 6117 6107 6152 6344 6155 6178 6246 5844 6380 6204 6016 6524 6180 5876 6317 6145 6285 6541 6187 5872 6263 5893 6202 6312 6075 5940 6492 6072 6253 6485 6198 6343 6103 6152 5780 6039 5782 6110 6508 5737 6315 6334 6063 5970 6235 6155 6354 6540 6361 6156 6494 6320 5960 6028 6511 5992 6177 6362 6040 6079 6176 6064 5981 6548 6099 5744 6472 6395 6147 6058 6109 6358 6355 6118 5906 6024 6249 5900 6288 6026 6586 6036 6052 6032 6421 6065 6898 5896 6435 5747 5760 5726 5575 6278 5830 6032 6301 6547 6236 6016 6234 5714 6102 6296 6109 5887 6088 6616 5953 5934 6001 6070 6255 6187 6337 6001 5767 6178 6424 5848 6302 6670 6208 6293 6262 6013 6331 6456 6131 6172 6181 5960 6304 5849 6180 6368 6462 6383 6062 6302 6261 6234 5664 6440 6249 6295 6068 5766 6092 5885 5895 6162 6319 5584 5957 6000 6512 6102 5921 6450 6139 5858 6093 6464 6289 6153 5863 6286 6531 5986 6087 6343 6232 5649 5946 5956 5628 5792 6007 6244 5920 6474 6222 5940 6188
5822 5826 6100 5818 5567 5708 5707 6077 6089 6444 6045 5940 6329 6101 5956 5874 5699 6108 6285 5701 6030 6210 5833 6153 5904 5979 6063 6121 5806 6045 6180 6384 6503 5860 5968 6061 5867 5856 6218 6215 6122 6208 6003 6055 6368 6184 6071 6012 5941 5702 6028 5598 6019 6276 5785 6074 6137 6159 5727 6272 5990 6027 6529 5928 6091 6060 6005 5919 5937 6432 5662 6340 6464 5671 6183 5949 6002 5848 6279 6056 5541 6435 6133 5812 5807 5914 6190 6297 6238 6067 5738 5934 5943 6137 5831 6334 5844 6145 5787 6376 5660 6540 5825 6234 5757 5822 5473 5608 5940 6170 6199 6125 6027 6091 5999 6211 6041 5913 6233 5960 5763 6065 6441 5756 5718 5807 5924 6151 6204 5822 5960 5795 6168 6278 5827 6057 6477 6480 6320 6053 5963 6221 6262 5846 5648 5944 5932 6014 5732 6191 6049 5980 6121 5773 6228 6329 5984 5565 6247 5899 6082 5990 6013 5823 6057 5947 6045 6291 5621 6111 5974 6305 6113 5750 6148 6036 5872 5817 6289 6265 5876 5873 6217 6179 5616 5980 6410 6173 5903 5878 6017 5833 5781 5937 6173 5751 5901 6044 5837 6242
5772 6041 5758 5979 5734 5744 5625 6151 6109 6553 5825 6044 6376 5892 5772 5804 5827 6136 6322 6186 6153 6100 5977 6060 6067 5863 6102 6224 5772 6238 5859 6464 6463 5915 6106 5932 5911 6134 6134 6259 6101 6276 5860 6292 6312 6040 6229 5918 5883 5703 5904 5414 5963 6331 6024 6256 6264 6014 5841 6264 5721 6164 6447 6171 6135 6523 6187 5936 6024 6405 5925 6027 6364 5862 6099 5954 6208 5825 6587 6021 5841 6440 6119 6112 6018 5927 6081 6556 6237 5841 5943 6074 5940 5944 5747 6299 5897 6054 5821 5987 5672 6663 5922 6156 6089 5694 5784 5588 5987 5917 6137 6082 6367 5981 5981 6238 5830 5888 5957 5922 5819 5997 6452 5984 5987 5816 5953 5992 6035 5928 6139 5722 6217 6107 6057 5955 6588 6363 6409 6115 5717 5897 6084 5883 5876 5881 5900 5984 5882 6207 6114 6288 6456 5709 6035 6424 6093 5487 6262 6238 5961 6102 6038 5913 6049 5860 6155 6241 5356 6039 5649 6477 6226 5908 6054 6090 5862 5730 6260 6245 6038 5566 5939 6251 5852 5950 6162 6083 5562 6147 5868 5802 5753 6107 6213 5708 6288 6337 5836 6142
6238 6187 6119 6205 5860 6084 5986 6374 6488 6802 6347 6212 6734 6395 6341 6472 6150 6218 6406 6392 6400 6385 6019 6645 6470 6124 6538 6635 6071 6443 6126 6608 6987 6235 6503 6129 5980 6341 6377 6320 6314 6639 6268 6500 6794 6510 6362 6358 6379 5925 6149 5895 6294 6650 6221 6542 6497 6302 5880 6622 6154 6259 6734 6326 6247 6582 6382 6512 6267 6580 6058 6396 6711 6023 6600 6465 6513 6350 6768 6368 5949 6902 6638 6425 6126 6077 6405 6706 6460 6087 6085 6537 6100 6507 5998 6629 6359 6209 6160 6418 5970 6720 6291 6574 6146 6064 5962 6059 6263 6160 6720 6363 6719 6513 6245 6495 6348 6419 6526 6173 6169 6323 6674 6306 6057 6009 6248 6533 6680 6144 6493 6032 6417 6845 6170 6455 7062 6779 6781 6438 6218 6406 6567 6054 6169 6076 6498 6478 5999 6680 6275 6397 6407 6252 6480 6508 6312 5734 6525 6363 6350 6252 6227 6202 6333 6406 6262 6719 5657 6195 6113 6624 6529 5985 6498 6358 6150 6006 6543 6511 6254 6249 6484 6692 6239 6178 6246 6662 6060 6247 6264 5998 6159 6203 6339 6120 6417 6651 5997 6604
5645 5792 5803 6067 5774 5842 5878 6060 6238 6277 5912 5980 6185 5938 6152 6000 5826 5803 6321 5914 5997 6184 5809 6290 6006 5805 6314 6002 5809 5950 5918 6293 6325 5863 6161 5884 5747 6303 6131 5828 5897 6387 5898 6122 6485 5941 6092 5907 5955 5549 6015 5804 5774 6406 6003 6121 6023 5875 5695 6142 5960 6242 6336 6005 6155 6073 6008 5935 5948 6092 6040 6143 6157 5719 6053 5782 6291 5710 6165 5926 5560 6351 6256 6070 5815 5869 6101 6339 6281 5955 5943 6032 5766 6014 5751 6140 5935 5800 5801 6153 5542 6548 5862 6106 5739 5664 5659 5643 5943 5903 5883 5806 6132 5955 5956 5954 5946 5975 6092 5899 6005 5862 6322 5720 5663 5748 5912 6188 5975 5722 6251 5666 6041 6372 5873 6109 6512 6136 6246 6317 5921 6187 6230 5936 5605 5849 5926 6077 5833 6177 5800 6271 6064 5741 6005 6139 5949 5594 6230 5954 5980 6190 5563 5990 5764 5889 5869 6404 5492 5967 5765 6093 6055 5780 6114 6074 5795 5695 6050 6269 6006 5829 6042 6422 5861 5945 6304 5845 5682 5948 5619 5898 5826 5987 6114 5828 6108 6089 5856 6159
6273 6294 6365 6181 5906 6158 5992 6435 6349 6799 6272 6363 6634 6181 6379 6557 6165 6332 6638 6053 6363 6319 6058 6504 6685 6220 6723 6462 5892 6356 6328 6442 6969 6246 6286 6293 6113 6491 6463 6382 6240 6803 6454 6445 6869 6389 6457 6422 6300 6207 6188 5895 6185 6563 6164 6460 6420 6205 6112 6676 6241 6433 6711 6551 6335 6563 6460 6472 6420 6718 6246 6323 6662 6213 6504 6428 6243 6188 6887 6336 6005 6845 6696 6212 6096 6198 6535 6852 6502 6317 6294 6596 6054 6426 6141 6753 6040 6271 6343 6602 5931 6855 6200 6459 6273 6169 6005 6122 6687 6224 6379 6389 6791 6381 6512 6344 6293 6714 6784 6304 6220 6168 6644 5913 6111 6083 6001 6612 6293 6207 6495 6179 6664 6852 6069 6468 6849 6756 6811 6556 6270 6325 6694 6253 6284 6207 6300 6458 5899 6495 6405 6675 6639 6379 6694 6733 6330 5976 6568 6421 6464 6341 6340 6286 6482 5999 6017 6831 5770 6458 6351 6590 6216 6137 6372 6354 6045 6337 6655 6598 6401 6525 6367 6454 6057 6351 6612 6675 5827 6195 6036 5700 6146 6318 6398 6030 6486 6645 6301 6518
6219 6305 6396 6341 5993 5971 6101 6447 6775 6825 6260 6294 6558 6192 6576 6650 6181 6283 6553 6365 6368 6633 6166 6800 6405 6054 6848 6245 6114 6528 6225 6736 6841 6400 6288 6230 6221 6429 6671 6598 6420 6646 6204 6692 6726 6467 6428 6454 6497 6157 6139 6309 6268 6722 6206 6133 6579 6506 6108 6628 6359 6508 6630 6495 6168 6467 6561 6258 6387 6399 6262 6479 6565 6333 6475 6415 6633 6393 6646 6380 5742 6952 6758 6423 6395 6283 6319 6545 6583 6362 6260 6386 6082 6236 6218 6524 6143 6392 6477 6691 6229 6991 6312 6493 6058 5946 6151 5982 6440 6268 6510 6337 6651 6341 6423 6569 6260 6437 6678 6239 6425 6522 6722 6292 6080 6010 6196 6502 6209 6220 6511 5799 6600 6706 6190 6329 6917 6708 6799 6686 6371 6665 6684 6210 5944 6314 6453 6508 6093 6687 6026 6623 6353 5960 6508 6403 6316 6000 6653 6491 6371 6527 6264 6245 6380 6106 6149 6644 5691 6409 6017 6646 6331 6209 6579 6477 6191 6366 6609 6676 6541 6200 6365 6643 6121 6321 6597 6490 6140 6063 6060 5959 6196 6240 6545 6120 6653 6732 6145 6417
6157 6223 6176 6335 5797 6086 5951 6447 6253 6991 6146 6532 6672 6134 6349 6344 6077 6548 6484 6216 6375 6625 6087 6487 6442 6093 6990 6179 5896 6372 6244 6788 6932 6171 6368 6265 6041 6669 6390 6614 6206 6758 6351 6426 6696 6491 6324 6217 6242 6131 6186 5814 6102 6508 6228 6576 6344 6305 6204 6444 6322 6254 6580 6155 6241 6358 6551 6071 6470 6671 6353 6331 6677 6282 6514 6460 6243 6050 6729 6225 6139 6881 6722 6240 6212 6275 6442 6871 6638 6262 6310 6386 5907 6313 6052 6724 6305 6230 6069 6572 6099 6790 6154 6287 6153 6213 6185 6024 6617 6163 6191 6354 6713 6269 6359 6541 6231 6439 6285 6282 6133 6380 6553 6280 6277 6227 6205 6318 6412 6219 6495 5904 6500 6406 6110 6436 7004 6581 6581 6323 6283 6572 6697 6374 6073 6121 6212 6298 6334 6604 6417 6349 6490 6083 6625 6450 6454 5810 6623 6293 6260 6295 6242 6175 6259 6088 6180 6594 5946 6312 6094 6429 6460 5950 6660 6266 6244 6144 6669 6489 6417 6245 6405 6568 6067 6270 6565 6272 5961 6261 6095 5854 6203 6183 6459 6276 6558 6629 6149 6516
5445 5515 5832 5812 5473 5619 5481 5779 5779 6221 5701 5877 6073 5789 5767 5701 5487 5770 5984 5701 5620 5910 5663 6094 5913 5513 6136 5708 5573 5980 5474 5995 6209 5658 5742 5578 5470 6074 6035 5822 5917 6161 5665 5975 5960 5733 5878 5519 5947 5248 5738 5355 5520 6172 5846 6147 5888 5877 5537 6014 5858 5877 5946 5813 5799 5773 5763 5591 5713 6002 5674 5997 6018 5618 5876 5721 5799 5559 6184 5931 5524 6365 6145 5569 5858 5619 5986 6231 6017 5850 5521 5849 5512 5991 5691 6100 5567 5717 5584 6018 5739 6337 5780 5756 5522 5728 5534 5418 5987 5724 5648 5798 6065 5829 5577 5975 5803 5800 5746 5891 5630 5489 6071 5684 5593 5688 5622 6040 6156 5633 5764 5464 5873 5935 5717 5916 6435 6011 6121 6035 5778 5932 5986 5620 5453 5464 5689 5855 5465 5733 5841 5901 5837 5511 5806 5732 5979 5351 6107 5865 5919 5839 5752 5833 5601 5607 5788 5934 5291 5712 5456 6026 6083 5611 5970 5868 5708 5724 6000 5822 5908 5741 5871 6285 5797 5838 5983 5823 5481 5653 5472 5578 5549 5681 5933 5716 6199 6198 5372 6217
5893 6329 5891 6318 5642 5675 5826 6134 6619 6729 6116 6243 6554 5940 6364 6306 5944 6158 6440 6388 6318 6546 6120 6499 6318 5911 6661 6340 5874 6178 6306 6366 6727 6111 6171 6293 6027 6167 6443 6428 6250 6408 6005 6370 6360 6343 6239 6297 6264 5903 6111 5769 6447 6694 5955 6324 6265 6372 5778 6369 6209 6255 6482 6263 6336 6378 6321 6048 6274 6144 6039 6420 6955 5894 6400 6297 6314 6038 6193 6245 5695 6633 6550 6217 6218 6123 6282 6497 6447 6239 5995 6401 5859 6346 6018 6713 5867 6426 6168 6466 6332 7042 6283 6523 6141 5958 5896 6170 6175 6233 6600 6321 6390 6141 6163 6489 6222 6562 6618 6035 6069 6440 6485 6124 5848 6250 6167 6573 6043 6076 6127 5946 6326 6628 6109 6324 6958 6484 6612 6526 6313 6477 6333 5971 5871 5990 6358 6260 6109 6425 6149 6555 6331 5939 6415 6489 6215 5729 6665 6045 6549 6357 6119 6009 6206 5810 6081 6486 5736 6403 5803 6420 6154 6021 6473 6382 6075 6280 6400 6423 6261 6178 6220 6528 5967 6396 6448 6547 5871 5996 6003 6046 6105 5851 6366 6148 6632 6420 6192 6334
5781 5828 5888 5762 5375 5656 5694 6059 6264 6371 5937 5863 6230 5764 5979 6185 5890 6220 6310 5973 5741 5948 5909 6168 6194 5659 6226 6015 5581 6143 5800 6169 6202 5736 6061 5871 5614 5922 6210 6000 5939 6088 5693 6116 6338 6147 6265 5912 6097 5662 5844 5661 5983 6178 5865 5893 6300 6082 5788 6327 6045 5756 6091 6209 6044 6177 6040 5788 6131 6089 5794 6270 6180 5921 5939 5911 5883 5693 6379 5982 5576 6656 6302 6102 5853 5749 6113 6501 6005 5951 5606 6066 5791 6095 5687 6437 5847 5888 5982 6118 5710 6464 5902 5959 5576 5912 5664 5556 5917 5926 5980 5790 6151 5888 5888 6212 6120 5960 6043 5974 5878 5991 6218 5844 6038 6036 5829 6159 6210 6084 6082 5390 6169 6140 5753 5870 6440 6270 6370 6221 5946 6125 6318 5903 5700 5802 6118 6083 5713 6085 5933 6037 6007 5780 6136 6187 6083 5444 6179 6017 5917 5924 5786 5857 6027 5710 6091 6247 5538 5962 5821 6338 6266 5841 6223 6083 6087 6027 6473 5928 5922 6009 6174 6312 5745 6060 6154 6195 5627 5768 5902 5571 5650 5768 6315 6123 6105 5949 5871 6000
5884 5918 6024 6392 5768 6029 5958 6488 6308 6507 6142 6175 6432 6263 6305 6422 6090 6126 6158 6219 6138 6303 5965 6368 6211 6110 6557 6366 5767 6479 5927 6347 6764 6167 6286 6076 6013 6198 6423 6390 6169 6554 6193 6253 6469 6061 6615 6292 6373 6019 6107 5772 6091 6639 6216 6256 6409 6123 6026 6621 6204 5943 6575 6566 6239 6796 6193 6244 6381 6338 5995 6244 6402 5958 6190 6295 6017 6392 6589 6371 5654 6745 6476 6345 6313 6330 6331 6649 6245 6326 6291 6354 5966 6523 5971 6415 6054 6366 6090 6511 5977 6847 6244 6393 6126 5806 5973 5845 6352 6311 6386 6486 6631 6348 6422 6275 6080 6409 6291 6220 6011 6097 6560 6118 5897 5833 5892 6315 6311 6406 6483 6030 6233 6533 5962 6169 6631 6527 6747 6178 6191 6398 6636 6044 5755 6092 6401 6081 6035 6591 5969 6536 6371 6187 6500 6395 6284 5412 6474 6238 6285 6399 6087 5890 6188 5864 6207 6678 5612 6348 5831 6415 6232 6135 6195 6475 5753 6243 6374 6608 6216 6080 6430 6503 6312 6241 6488 6422 5827 6127 6158 5840 5839 6080 6351 6166 6608 6284 6106 6432
5959 6053 6317 6125 5794 5916 5826 6283 6279 6565 6121 6028 6583 6039 5966 6204 6216 6151 6205 6077 6157 6022 5886 6487 6001 5980 6576 6111 5868 6268 5960 6306 6566 6160 6159 6279 5885 6231 6310 6430 6165 6399 6235 6314 6554 6252 6411 6188 6118 5914 6117 5720 5745 6386 5835 6214 6239 6170 6034 6243 6262 6154 6573 6163 6027 6337 6204 6081 6168 6385 5985 6458 6618 6065 6036 6175 6240 5710 6605 6236 5771 6744 6277 6062 6205 5903 6189 6373 6202 6068 5900 5960 5922 6053 5809 6340 6017 5998 6195 6471 5824 6685 5670 6136 5961 5797 6094 5873 6174 5989 6090 6191 6390 6274 6074 6362 6021 6248 6191 6159 5725 6194 6558 5807 5949 6025 5959 6294 6094 6148 5940 5622 6352 6299 6048 6088 6609 6361 6444 6135 6089 6447 6434 6213 6163 5861 6142 6201 5842 6250 6500 6212 6402 5866 6229 6381 6217 5473 6547 6068 6201 6130 6043 6118 5987 5935 6069 6467 5571 6181 6035 6381 6327 6054 6419 6324 6040 6037 6462 6135 6156 5968 6134 6511 5899 6125 6313 6179 5922 5729 6109 5628 5869 5937 6264 5935 6150 6307 6011 6186
6194 6154 6232 6423 6065 6083 6041 6453 6485 6761 6397 6414 6767 6208 6401 6281 6185 6494 6533 6388 6252 6473 6132 6657 6553 6240 6691 6555 5984 6596 6252 6553 6835 6363 6239 6137 6229 6399 6496 6537 6299 6846 6403 6200 6969 6170 6435 6527 6428 6119 6504 5958 6364 6654 6046 6343 6534 6301 5990 6441 6262 6458 6489 6474 6205 6580 6524 6246 6317 6423 6218 6311 6596 6218 6383 6443 6390 6098 6789 6360 5983 6814 6469 6194 6398 6364 6192 6617 6570 6358 6465 6485 5958 6426 6212 6563 6157 6319 6434 6740 6015 6812 6270 6388 6058 6182 5951 6022 6478 6229 6269 6473 6450 6671 6354 6288 6177 6422 6451 6261 6362 6336 6693 6134 6048 6025 6026 6609 6303 6269 6559 6026 6215 6600 6295 6476 6983 6460 6748 6538 6181 6684 6745 6376 6216 6181 6411 6265 5974 6562 6244 6575 6451 6354 6598 6632 6201 5892 6726 6479 6355 6393 6239 6185 6308 6167 6517 6703 5789 6442 6261 6326 6369 6122 6745 6352 6121 6014 6722 6597 6566 6373 6506 6480 6077 6167 6581 6246 5949 6168 6202 6106 6190 6494 6467 6137 6410 6633 6134 6470
5735 5950 5948 6058 5725 6060 5826 6253 6343 6517 6050 6259 6421 6083 6104 6289 6017 6532 6454 6128 6080 6323 6116 6471 6251 5933 6506 6245 5925 6080 6248 6538 6609 6021 6002 6038 6085 6320 6344 6129 6068 6309 6239 6397 6670 6216 6493 6203 6192 5976 6130 5873 6033 6432 5956 6163 6339 6149 6019 6490 6219 6150 6587 6329 6122 6227 6141 6064 6188 6358 5985 6434 6261 6033 6222 6107 6062 6126 6502 6142 5696 6449 6285 6039 6005 6146 6493 6364 6331 6174 6035 6167 6070 6333 6037 6544 5841 6211 6024 6485 5992 6927 6350 6505 6111 5816 5985 5872 6019 6116 6182 6215 6439 6230 6242 6664 6058 6283 6541 6221 5900 5985 6609 5743 5891 5813 6120 6357 6252 6077 6208 5889 6231 6630 5831 6171 6553 6487 6599 6314 6128 6558 6623 5992 5989 5992 6286 6319 5890 6246 6244 6245 6160 5970 6394 6449 6140 5754 6383 6394 6271 6272 6036 6082 5882 6036 6089 6410 5582 6057 6119 6717 6260 6070 6096 6244 5853 6260 6724 6302 6305 6163 6089 6316 6125 6338 6527 6272 5820 5954 6059 5621 5792 5910 6342 6171 6324 6261 6149 6303
5481 5572 5542 5471 5279 5367 5242 5725 5863 6017 5576 5657 6029 5416 5493 5613 5583 5606 5751 5413 5664 5689 5386 5783 5557 5541 5997 5673 5176 5864 5597 6049 6075 5461 5714 5494 5177 5461 5566 5773 5539 5734 5476 5671 6061 5679 5652 5415 5631 5542 5432 5241 5637 6067 5384 5691 5938 5631 5206 5759 5621 5644 5959 5683 5613 5559 5879 5397 5678 5885 5593 5602 5937 5724 5702 5525 5333 5422 6041 5556 5324 6186 5740 5482 5603 5439 5559 5953 5740 5449 5382 5637 5174 5696 5350 5786 5393 5651 5625 5912 5181 6081 5539 5690 5362 5305 5285 5166 5750 5529 5597 5444 6031 5850 5692 5732 5639 5646 5704 5887 5345 5651 5869 5644 5455 5279 5500 5836 5534 5461 5744 5169 5472 5852 5548 5514 6115 5782 6165 5686 5518 5860 5644 5499 5374 5278 5685 5433 5367 5921 5581 5766 5652 5525 5597 5678 5688 5064 5798 5609 5635 5695 5688 5604 5878 5614 5489 5889 5289 5767 5302 5817 5670 5438 5843 5713 5467 5607 5651 5780 5412 5787 5622 5784 5490 5623 5691 5711 5353 5391 5363 5171 5631 5637 5787 5464 5608 5540 5451 5863
5929 5843 5882 5829 5612 5596 5791 6020 6046 6583 5826 5872 6232 5794 6010 6263 5856 6046 6192 6044 5909 6025 5721 6193 6139 5687 6345 5902 5793 6051 5939 6178 6436 5888 5786 6156 5735 6218 6222 6059 5868 6290 5997 5992 6402 5964 6229 5840 5799 5511 5846 5635 5767 6380 5779 6101 6069 5907 5938 6380 5888 6111 6380 6034 6172 6153 5985 5770 5934 6350 5738 6179 6279 5829 5965 5827 6120 5553 6503 5970 5762 6560 6012 6009 5924 6045 6072 6491 6084 6097 5810 5956 5842 6059 5975 6234 5969 5968 5771 6026 5777 6503 5811 6073 5602 5837 5677 5733 5919 5926 5824 6128 6102 6174 5726 5980 5726 5895 5999 5757 5647 5763 6429 5796 5761 5827 5653 6109 6129 5885 6220 5704 6056 6185 5786 5827 6546 6342 6192 6129 5888 6059 6062 6034 5812 5779 6022 6129 5766 5859 5966 6224 6244 5773 5996 6216 6073 5441 6157 5974 5995 6027 5782 5845 5635 5851 5953 6414 5468 6031 5886 6061 6084 5896 6071 6089 5765 5808 6188 6085 5798 5987 6086 6295 5972 6039 6211 5823 5479 5845 5765 5667 5570 5853 5879 5608 6262 6014 6042 6142
5675 5775 5996 5914 5663 5771 5814 6196 6103 6719 5917 6035 6407 6141 6114 6311 5782 6162 6302 5966 5945 6178 5895 6485 6118 5948 6436 6219 5996 6148 6050 6266 6385 6034 6214 5872 5734 6090 6234 6160 5879 6190 5964 6381 6447 6109 6543 6093 6124 5654 6120 5506 6013 6265 5772 6174 6180 6023 5918 6445 6192 6108 6520 6237 6216 6300 6259 5892 6126 6254 5855 6280 6629 6122 6276 6217 5986 5703 6638 6051 5817 6696 6332 6207 6159 5977 6194 6616 6122 6175 5915 6108 5733 6251 5835 6510 6182 6108 6056 6198 5822 6603 5943 6069 5714 5816 5686 5937 5987 6090 6289 6134 6383 6222 6299 6129 5916 6291 6332 6137 5836 6023 6262 5855 5954 5947 6133 6346 6272 6088 6325 5694 6175 6352 6061 5945 6356 6311 6616 6353 5885 6291 6499 6004 5827 6121 6129 6178 5731 6119 6137 6315 6333 5790 6232 6378 5881 5578 6285 6039 6041 5870 5813 5878 6095 5791 6129 6411 5544 6257 5820 6376 6240 5919 6373 6232 6168 6065 6358 6086 6131 6021 6169 6500 6122 6296 6128 6224 5557 5909 5934 5784 5844 5811 6223 5971 6294 6341 5785 6132
5532 5565 5707 5798 5522 5552 5638 5718 6026 6359 5524 5825 6024 5662 5686 5720 5576 5755 5913 5679 5764 5652 5610 6080 5833 5791 6093 5787 5765 5791 5751 5888 6213 6021 5861 5648 5758 5830 5959 5899 5669 6153 5812 5728 6295 5761 5936 5707 6079 5545 5783 5564 5709 6290 5321 6002 5948 5771 5561 5861 5640 5902 6163 5805 5809 6052 6019 5639 5663 6080 5748 5922 6218 5731 6199 5848 5945 5591 6203 5551 5393 6091 5721 5552 5839 5916 6009 6186 5978 5767 5746 5759 5639 5924 5535 6008 5619 5631 5788 6074 5599 6411 5723 6005 5614 5609 5589 5364 5645 5544 5723 5755 6024 5950 5906 5907 5758 5905 5791 5850 5861 5685 6123 5513 5493 5652 5590 5883 5605 5903 5709 5414 5928 6063 5795 5927 6280 6002 6076 5847 5675 5958 6259 5899 5737 5557 5882 6001 5607 5947 5994 6123 6027 5687 5856 6177 5754 5336 5971 5858 6025 6037 5704 5821 5747 5723 5838 6192 5221 5929 5631 6117 5879 5520 6172 5904 5455 5649 5990 6303 5631 5668 5865 6025 5620 5839 5928 5955 5560 5637 5539 5375 5746 5855 5656 5499 5905 6186 5763 5948
5861 6122 6076 6099 5756 6022 5994 6302 6372 6608 6258 6469 6669 6051 6308 6323 5984 6201 6221 6324 6068 6415 6122 6524 6391 5938 6471 6187 6055 6405 5926 6446 6861 6191 6265 6185 5999 6362 6483 6372 6178 6441 6014 6319 6703 6305 6381 6322 6406 5939 6277 5772 5989 6462 5807 6321 6459 6225 5820 6550 6022 6081 6569 6182 6195 6522 6264 6203 6047 6262 6031 6426 6435 5918 6158 6293 6149 6122 6718 6145 5638 6980 6554 6320 6167 6120 6246 6521 6259 6174 5903 6219 5869 6403 5957 6590 6037 6244 6114 6275 6045 6929 6023 6437 5957 5984 5931 5881 6435 6084 6225 6246 6475 6213 6289 6521 6104 6180 6272 6136 6141 6519 6519 6049 6078 5976 6188 6367 6219 6179 6265 5759 6410 6547 6024 5995 6764 6509 6503 6366 6115 6232 6355 6005 6002 6037 6240 6140 5985 6365 6224 6223 6332 6065 6429 6318 6495 5665 6695 6317 6207 6191 6153 6051 6382 6133 6137 6401 5607 6420 5969 6473 6353 5992 6388 6418 6102 6068 6708 6365 6327 5985 6521 6416 6201 6219 6407 6248 5927 6007 6129 5839 6111 6117 6331 6110 6395 6502 5955 6585
5978 5941 6192 6069 5895 5979 6038 6445 6332 6749 6367 6016 6666 6150 6339 6307 6091 6274 6376 6124 6124 6436 5954 6521 6138 6139 6424 6057 5978 6348 6024 6485 6499 6138 6191 6160 6080 6181 6223 6373 6046 6477 6101 6273 6691 6243 6620 6054 6119 5905 6332 5823 6033 6431 6156 6375 6142 6200 5997 6388 6157 6293 6522 6489 6267 6335 6349 6146 6205 6391 6071 6568 6699 6047 6202 6124 6210 6149 6689 6177 5881 6700 6361 6392 5958 6117 6304 6484 6389 6132 6084 6319 6022 6297 5812 6641 6257 6234 6284 6500 5933 6615 6141 6303 5995 5694 5880 5983 6228 6373 6310 6076 6402 6351 6171 6521 6365 6320 6471 6157 6177 6270 6521 5920 6087 5923 6080 6500 6101 6148 6160 5831 6466 6312 6029 6494 6653 6416 6546 6335 6050 6390 6758 6266 5875 6017 6150 6217 5975 6193 6311 6355 6336 6055 6330 6336 6267 5768 6468 6029 6181 6259 6090 6111 6183 6043 6071 6337 5654 6139 6182 6484 6345 6245 6433 6475 6079 6190 6536 6225 6289 6247 6244 6429 6030 6264 6578 6346 5780 5940 6064 5759 5871 6035 6330 5972 6262 6443 6087 6236
5785 5881 5976 5661 5616 5714 5686 6205 6217 6455 5925 5962 6232 5646 6238 5879 5823 6072 6094 5824 5999 6183 5813 6252 6118 5666 6260 5888 5608 6050 5821 6074 6402 5793 6215 5839 5517 5888 5983 5895 5986 6172 5717 6200 6259 6074 6179 5845 5909 5845 5810 5604 6079 6280 5843 5786 6105 6125 5690 6202 5938 5961 6080 6186 6148 6178 6112 5846 6056 6215 5948 6076 6134 5835 5809 5964 5860 5718 6355 5900 5463 6443 6163 6071 5780 5700 6150 6350 6123 5973 5635 6087 5545 6083 5404 6398 5859 5758 5860 6140 5451 6330 5890 6154 5664 5801 5689 5760 6050 5736 6044 6066 6289 5863 5981 6168 5731 5957 6121 5780 5715 5945 6233 5588 5654 5759 5695 6098 5938 5962 6097 5581 6180 6325 5858 5989 6391 6195 6415 6184 5764 6070 6210 6024 5919 5677 6006 5903 5677 6226 5852 6126 6091 5829 6117 6102 6002 5381 6423 5613 5861 5925 5746 5888 6070 5621 6030 6040 5594 5915 5710 6058 5782 5832 6323 5972 5783 5759 6271 5917 5994 6057 5876 6101 5909 6012 6065 5978 5566 5816 5601 5522 5667 5910 5898 5908 6004 6087 5642 6018
5910 5713 5684 6007 5567 5782 5665 5887 6130 6488 5583 6107 6230 5772 6003 6092 5942 5947 5886 6044 5902 6124 5772 6314 5908 5562 6315 6172 5645 5977 5798 5972 6280 5888 5962 6022 5676 6098 6443 6005 5919 6352 5882 6089 6266 5712 6160 5777 5915 5616 5813 5693 5770 6332 5812 5920 6052 5880 5694 6194 5720 6070 6342 6059 5928 6277 5980 5965 6099 6227 5945 6054 6053 5580 5987 6029 6015 5758 6289 5836 5504 6405 6159 5971 5610 5817 6118 6352 6019 5774 5791 5882 5743 6147 5978 6160 5642 5780 5804 6232 5771 6539 5596 6145 5547 5629 5640 5481 6082 5775 5931 5763 6170 6072 5914 6092 5884 5896 6012 5921 5844 5850 6178 5704 5593 5730 5675 6148 5991 5812 6036 5785 5954 6238 5693 5864 6474 6510 6212 6243 5722 6218 6534 5746 5542 5824 6000 5952 5804 6253 5797 6245 6059 6186 5981 5945 5942 5606 6166 5808 5898 5955 5580 5936 6087 5780 5720 6333 5599 5956 5652 6375 6002 5716 6174 6126 5859 5748 6361 6160 5931 6061 5963 6159 5827 5944 6166 6109 5412 5833 5848 5522 5849 5709 5893 5672 6149 6130 5644 6007
5588 5794 6024 5975 5762 5866 5788 5880 5951 6489 5855 6003 6314 5943 5887 6019 5799 5964 6244 6084 6090 6057 5891 6112 5997 5955 6249 6109 5896 5970 6031 6253 6486 5851 5874 5772 5812 6063 6197 6010 5824 6191 5967 6375 6383 5872 6133 5969 6101 5667 5841 5783 6076 6279 5906 6131 6113 5842 5450 6163 5872 5987 6235 6251 5930 6327 5973 5976 5720 6195 5641 6216 5996 5590 5981 5964 5980 5996 6242 6127 5507 6629 6126 5958 5821 5786 6098 6271 6137 6066 5904 6039 5842 5925 5874 6333 5916 6105 5601 6450 5696 6369 5728 6166 5979 6015 5834 5641 5991 5979 5782 6018 6065 6109 5767 6023 5942 5881 6029 5867 5863 5840 6202 5969 5767 5843 5781 6061 6072 5775 5959 5649 6073 6127 5647 5995 6548 6315 6446 6073 5993 6344 6405 5954 5726 5682 6180 5869 5645 6165 5993 6165 6084 5797 6140 6262 6027 5265 6288 5869 6049 5884 5950 5840 6014 5812 5911 6428 5514 6055 5759 6139 6071 5653 6302 6167 5700 5816 6251 6371 6044 5888 5748 6270 5802 5816 6172 6097 5753 5850 5963 5485 5691 5814 6014 6013 6225 6166 5941 6115
6049 6118 6196 6267 5915 5989 6144 6203 6486 6965 6142 6233 6923 6036 6178 6325 6316 6350 6557 6294 6184 6443 6017 6631 6330 6329 6640 6530 5864 6302 6178 6420 6697 6208 6148 6461 5746 6347 6177 6508 6403 6745 6414 6351 6774 6334 6391 6312 6206 6094 6331 5934 6248 6583 5955 6448 6470 6392 5804 6459 6326 6558 6711 6084 6081 6333 6583 6106 6219 6470 5988 6416 6524 6248 6443 6395 6333 5992 6717 6115 6039 6690 6417 6502 6471 6249 6350 6511 6507 6374 5899 6504 6078 6568 6284 6538 6140 6263 6341 6411 5946 6888 6369 6532 6042 5934 5922 6023 6255 5993 6128 6431 6659 6462 6313 6225 6357 6325 6422 6318 5998 6187 6564 6177 5886 6145 6262 6450 6163 6218 6204 5933 6511 6487 6252 6356 6993 6310 6650 6620 6094 6691 6690 6329 6139 6127 6194 6264 6032 6525 6276 6494 6537 5983 6356 6564 6348 5763 6643 6246 6471 6207 6240 6294 6316 6202 6069 6460 5892 6189 6188 6377 6481 6007 6608 6216 5910 5958 6680 6229 6388 6258 6341 6499 6085 6231 6664 6189 5894 6079 6253 6138 6296 6157 6191 5856 6338 6641 6070 6557
5977 6009 5844 5923 5667 5828 5976 6057 6203 6501 6063 6002 6444 5855 6095 6286 5815 6115 6035 6169 5759 6092 5920 6491 6225 5795 6374 6082 5846 5899 5998 6308 6471 6044 6049 6083 5781 6108 6409 6093 5940 6438 6065 6105 6538 6008 6224 6029 6126 5709 6150 5735 6010 6316 6017 6204 6019 6214 5852 6020 6161 5996 6296 6085 6094 6232 6316 5901 6151 6417 5974 6397 6760 5868 6021 6063 6113 5894 6321 5813 5864 6710 6196 6064 5847 5837 6253 6493 6424 6021 5976 6188 5705 6065 5840 6396 5935 5760 5869 6208 5683 6540 5903 6247 5853 5634 5845 5999 6154 6031 6276 5968 6313 6334 6011 6473 6012 6276 6284 5956 5774 6079 6432 5878 5985 5911 5939 6114 6128 5872 6050 5788 6253 6417 6014 5994 6456 6316 6386 6244 5994 6298 6371 5872 5793 5726 6220 6247 5973 6252 6234 6118 6157 5768 6252 6174 6193 5621 6291 6105 6111 6154 6047 6075 5932 5787 6144 6517 5492 6275 5918 6349 6244 5832 6279 6291 5902 5857 6575 6137 6078 6198 6199 6339 6019 6235 6296 6329 5724 5812 5876 5676 5856 5976 5941 5721 6167 6465 6054 6341
5699 5510 5814 5964 5528 5489 5485 5909 6309 6288 5817 5888 6466 5939 5941 5882 5497 5928 5896 5789 5768 5930 5774 6213 6206 5997 6271 6017 5789 6166 5825 6100 6360 5841 5875 5723 5761 5950 6119 6019 5819 6299 6007 6259 6286 6035 5928 5808 5878 5472 5827 5456 5786 6175 5765 6071 6047 5953 5582 6306 5927 6042 6359 6135 6083 6136 5866 5784 5832 5990 5820 5904 6216 5865 6085 5890 6023 5889 6194 5840 5511 6491 6218 6022 5745 5843 6051 6185 6195 6130 5757 6232 5666 6154 5527 6261 5899 5612 5716 6100 5792 6543 5839 6015 5757 5576 5663 5441 5948 5657 6038 5927 6150 5974 6150 6010 5793 6136 6238 5785 5637 5922 6179 5670 5921 5827 5770 6053 5924 5971 6102 5540 5913 6090 5770 6160 6479 5867 6318 6105 5900 6104 6196 5645 5665 5827 5913 5872 5494 6253 5979 6146 6103 5752 6095 6050 5981 5496 6007 6109 6246 5785 5976 5917 6100 5782 5913 6268 5465 5974 5667 6267 5894 5641 6163 6144 5807 5803 6161 5841 6184 5635 6201 6411 5895 5868 5957 6194 5750 5772 5778 5628 5799 6107 5999 5623 6145 5977 5697 6057
5996 6065 6042 6233 5842 6080 5940 6258 6481 6655 6180 5962 6773 6110 6278 6406 6230 6063 6386 6119 6067 6187 5892 6441 6242 5806 6618 6191 5940 6254 6052 6698 6583 6238 6296 6222 5997 6259 6392 6256 6187 6306 6010 6214 6616 6360 6434 6042 6269 5938 6105 5951 6265 6507 6034 6319 6511 6327 5896 6313 6093 6303 6550 6492 6061 6393 6351 6151 6089 6362 6038 6314 6563 6122 6313 6021 6223 6010 6487 6139 5729 6727 6464 6086 5985 6155 6429 6377 6380 6076 5884 6161 5876 6113 5951 6635 6071 6252 6152 6419 5917 6756 6204 6210 5890 5991 5964 5915 6186 5969 6272 6270 6346 6196 6441 6551 6238 6408 6498 5941 5992 6278 6545 6146 6065 6014 6317 6273 6298 6114 6190 5841 6433 6456 6015 6013 6620 6556 6857 6515 6130 6461 6327 5972 6083 6148 6449 6325 5958 6694 6191 6236 6267 6077 6231 6390 6249 5617 6454 6317 6211 6376 5921 6135 6255 6030 6050 6534 5488 6174 5914 6660 6264 6259 6342 6286 6137 6213 6546 6403 6116 5969 6267 6529 5935 6230 6478 6492 5735 6016 6067 5680 5973 6068 6304 6151 6358 6488 6113 6562
5875 6162 6005 6283 5772 5862 5669 6413 6504 6764 6260 6203 6525 6042 6119 6128 6068 6151 6177 6480 6204 6502 6125 6358 6313 5948 6595 6317 5995 6514 5993 6332 6549 6122 6186 6063 5894 6158 6332 6296 6341 6506 6022 6234 6541 6234 6349 5934 6037 5933 6088 5860 5959 6623 5725 6410 6338 5983 5810 6588 6140 6219 6536 6254 6445 6477 6135 6139 6342 6313 6305 6424 6523 6135 6139 6122 6380 6126 6573 6331 5639 6805 6496 6023 6187 6055 6293 6687 6563 6254 5983 6328 6078 6453 5853 6457 6124 6102 6248 6477 6041 6738 6093 6303 6060 6004 5741 5829 6339 5848 6200 6128 6349 6418 6280 6423 5982 6226 6330 6134 5971 6164 6477 5874 6035 6209 6089 6305 6366 6090 6225 5797 6371 6468 5986 6236 6796 6357 6577 6513 5941 6386 6549 6012 5890 6098 6145 6238 5895 6413 6122 6323 6340 6012 6429 6332 6213 5517 6855 6034 6360 6209 5978 6032 6146 5978 6229 6413 5816 6015 5787 6481 6423 5917 6474 6448 5846 5951 6473 6202 6328 6030 6312 6412 6085 5938 6460 6260 5979 6049 6332 5862 6020 6162 6357 6083 6247 6309 6022 6378
5268 5361 5493 5376 5346 5176 5201 5390 5657 5889 5373 5501 5856 5551 5349 5540 5359 5724 5626 5243 5349 5630 5415 5815 5584 5247 5830 5552 5282 5534 5056 5742 5901 5328 5598 5169 5207 5534 5540 5406 5417 5558 5243 5484 5850 5548 5793 5445 5465 5057 5225 5198 5664 5863 5109 5515 5857 5508 5268 5645 5367 5594 5569 5544 5490 5713 5493 5168 5438 5649 5213 5700 5786 5225 5458 5184 5469 5288 5755 5358 5050 5871 5767 5468 5330 5260 5584 5838 5422 5241 5110 5438 5204 5588 5190 5744 5249 5408 5358 5644 5322 5963 5333 5247 5047 5248 5222 5130 5471 5307 5544 5361 5810 5509 5495 5734 5242 5470 5644 5291 5291 5389 5569 5335 5278 5305 5581 5625 5722 5391 5545 5377 5576 5676 5184 5429 5994 5568 5847 5766 5450 5739 5560 5331 5271 5316 5473 5503 5312 5615 5325 5543 5397 5434 5629 5830 5376 5052 5802 5610 5571 5405 5186 5274 5663 5351 5347 5405 5005 5273 5102 5781 5446 5397 5673 5560 5337 5323 5814 5550 5552 5428 5421 5718 5288 5485 5667 5538 5149 5253 5485 5159 5263 5455 5514 5275 5502 5754 5207 5500
5679 5811 5875 5809 5510 5799 5660 5881 6069 6389 5884 6003 6328 5791 5891 6182 5684 5964 5928 5952 6117 6134 5973 6096 6047 5788 6217 5861 5865 6039 5835 6097 6528 6086 5878 5932 5787 5865 6053 6240 5831 5970 5885 5861 6319 6060 6171 5941 5812 5705 5803 5538 5887 6096 5723 6125 6174 5850 5505 6267 5932 6122 6275 6175 5998 6118 6017 5871 5950 6146 5728 5991 6291 5745 6026 6048 5926 5811 6268 5891 5530 6486 6066 5924 5940 5777 5965 6226 5892 5998 5661 6120 5553 6138 5622 6210 5824 6101 5750 5948 5875 6551 5682 6055 5927 5650 5549 5651 6255 5510 6040 5781 6115 5991 5897 6230 5882 5872 6180 5773 5704 6121 6143 5885 5823 5789 5824 6092 6036 5739 6015 5554 5968 6122 5798 5905 6469 6080 6222 6002 5857 6031 6138 5725 5791 5761 6138 6094 5705 6238 6026 6107 6060 5833 6250 6031 6045 5366 6334 6114 5901 6019 5868 5723 5805 5806 5740 6134 5148 6015 5679 6242 6143 5730 6144 6060 5839 5924 6491 5909 6008 6103 6134 6116 5784 5888 6011 6106 5528 5795 6028 5470 5629 5772 6022 6028 5994 6081 5848 6150
5715 6061 6029 6204 5618 5772 5823 6317 6313 6555 6043 6313 6401 6017 6170 6141 5924 6399 6428 6085 6094 6210 6139 6378 6319 6027 6462 6383 5923 6125 6153 6170 6519 5845 6321 5834 5792 6178 6292 6175 6164 6392 6012 6527 6499 6146 6117 6192 6292 5759 6029 5707 6011 6532 5721 6249 6421 6020 5668 6668 6341 6063 6294 6289 6219 6230 6049 5946 6207 6263 5986 6275 6329 5887 6025 6311 5907 6207 6366 6181 5636 6712 6184 6103 6075 5990 6210 6626 6372 6307 6105 5964 5866 6393 5913 6413 6013 6017 6128 6228 5808 6722 6238 6189 5939 5966 5630 5881 6039 5976 6310 6274 6391 6304 6140 6161 6043 6100 6320 6133 5847 6096 6236 5899 5876 5799 5989 6243 6114 6200 6257 5693 6055 6474 6071 6058 6856 6406 6548 6324 5854 6442 6350 5937 5933 6017 6084 6188 5809 6068 6167 6372 6216 6006 6517 6252 6215 5575 6377 6149 6075 5918 6075 5703 6231 6054 6201 6188 5585 6220 5801 6310 6360 5945 6359 6054 5893 6274 6628 6237 6408 6139 6194 6391 6070 6201 6270 6353 5889 6105 6161 5679 5914 5892 6262 6087 6153 6321 5946 6103
5652 5835 5703 5943 5501 5704 5590 5954 6194 6345 5813 5905 6448 6108 5903 5922 5693 6047 6026 5984 6130 6211 5739 6272 6053 5766 6480 6152 5631 5972 5786 6158 6355 5701 5988 5984 5578 6087 6147 6107 5794 6227 5888 6095 6336 6056 6301 5617 5787 5789 5817 5526 5855 6239 5857 5891 5918 6095 5802 6099 5720 6075 6527 6200 5958 6221 6145 5933 6005 6381 5859 6193 6168 5847 6115 5839 6054 5730 6540 5860 5475 6519 6164 5835 5626 5940 6434 6423 6242 5892 5579 6088 5828 6203 5894 6246 5800 5905 5999 6022 5702 6397 5874 6337 5840 5773 5623 5608 6042 5999 5972 5998 6343 6074 6067 6191 5954 5941 6178 5916 5789 5976 6478 5851 5854 5936 5767 6179 6041 5983 6085 5817 6088 6207 5858 6063 6451 6239 6486 6283 5892 6000 6230 5668 5791 5906 5977 5837 5755 6221 5889 6155 6251 5666 5993 6323 6065 5333 6262 5809 6040 5977 5688 5990 6053 5690 5834 6390 5478 5965 5721 6250 6178 5802 6279 6282 5855 6098 6237 5982 6031 5751 6024 6273 5726 5784 6109 6226 5558 5792 5874 5729 5617 5835 5919 5661 6220 6169 5591 6200
5680 5530 5654 5925 5441 5704 5523 5831 6050 6380 5697 5885 6259 5747 5864 6141 5715 6123 5998 5928 5854 6165 5700 6001 6001 5667 6058 5982 5764 5830 5694 5863 6347 5862 5779 5854 5703 5948 6070 5952 5752 6083 5720 5858 6137 5899 6045 5908 5956 5618 5868 5343 5783 6121 5728 5856 6092 5809 5573 6244 5943 5875 6171 6008 5851 6058 6074 5716 6037 6174 5805 6111 6258 5721 6068 5946 6024 5690 6300 5967 5527 6387 6193 5738 6042 6120 5973 6328 6139 5964 5767 6055 5655 6081 5734 5982 5701 5959 5746 6149 5698 6533 5986 6016 5668 5741 5639 5483 6001 5697 5880 6112 6164 5779 5933 5787 5890 5897 6214 5962 5657 5874 6029 5642 5566 5915 5656 6154 5894 5982 6019 5701 5894 5842 5871 6018 6586 6133 6461 5777 5684 5949 6099 5525 5586 5932 6020 5857 5795 5945 5916 6239 5920 5666 6273 5981 5863 5344 6150 6000 6077 5826 5603 5694 6028 5788 5986 6218 5458 5954 5722 6143 5998 5764 6073 6074 5510 5744 6183 5882 6046 5811 6010 6066 5769 5752 6046 5953 5284 5835 5683 5517 5729 5835 5995 5833 6162 5971 5873 5891
5624 5787 5758 5592 5285 5513 5326 5889 6038 6297 5777 5600 6246 5804 5834 5859 5519 5726 5976 5827 5559 6029 5597 5895 6088 5407 6203 5893 5739 5925 5785 5991 6149 5833 5774 5552 5678 5668 5758 5915 5654 6015 5657 5810 6256 5862 6000 5849 5820 5537 5700 5429 5525 6002 5614 5869 5880 5783 5470 6171 5560 5839 5845 5942 5986 5922 5594 5816 5695 5695 5530 6145 6208 5520 5869 5718 5735 5555 5907 5727 5482 6218 6033 5646 5656 5822 5963 6248 5822 5960 5582 5981 5398 6063 5612 6022 5539 5783 5821 6107 5564 6308 5963 5835 5609 5456 5595 5595 5970 5637 5866 5681 5899 6084 5664 5963 5785 5742 6109 5753 5632 5681 5952 5489 5728 5669 5881 6161 6023 5558 5769 5536 6033 5950 5658 5876 6205 6012 5997 6010 5617 6012 6154 5662 5604 5745 5952 5947 5390 5956 5792 5943 5948 5491 6137 5919 5552 5337 6007 5729 5950 5856 5701 5627 5836 5671 5719 6119 5335 5733 5502 6115 5849 5541 5870 5901 5678 5563 6161 5743 6105 5899 6035 6058 5643 5872 6121 5928 5626 5481 5771 5448 5579 5673 5917 5703 5786 6052 5295 5938
5285 5393 5292 5473 4938 5305 5242 5334 5652 5730 5302 5379 5844 5325 5494 5467 5241 5377 5655 5225 5596 5545 5198 5544 5492 5201 5900 5671 5259 5582 5497 5767 5868 5400 5429 5398 5191 5593 5656 5549 5413 5592 5517 5744 5781 5480 5411 5574 5517 5301 5506 5057 5454 5805 5221 5472 5712 5561 5040 5630 5572 5396 5777 5431 5308 5856 5508 5179 5398 5712 5179 5711 5624 5361 5394 5363 5253 5183 5733 5492 5070 5817 5784 5453 5319 5395 5499 5756 5559 5330 5424 5402 5138 5456 5225 5660 5298 5319 5170 5861 5024 6001 5412 5483 5328 5199 5238 5267 5587 5507 5580 5443 5539 5559 5379 5604 5397 5574 5346 5375 5240 5646 5630 5350 5423 5222 5241 5598 5441 5234 5187 5213 5401 5714 5139 5232 5778 5566 5762 5534 5422 5687 5692 5259 5357 5374 5346 5372 5293 5571 5501 5444 5538 5398 5624 5726 5568 4989 5834 5423 5432 5378 5438 5205 5417 5125 5208 5788 5050 5447 5092 5813 5421 5374 5435 5634 5420 5395 5580 5659 5312 5310 5439 5774 5140 5503 5527 5586 5201 5273 5332 5084 5170 5321 5509 5382 5571 5657 5019 5579
5761 5632 5621 5819 5440 5725 5559 5955 5912 6274 5614 5713 6258 5608 5887 6115 5482 5675 5853 5928 5733 5800 5793 6017 5962 5685 6035 5818 5598 6090 5789 6013 6327 5829 5645 5692 5555 5777 6040 5649 5884 5898 5710 5861 6189 5917 5622 5778 5926 5578 5678 5514 5636 6039 5449 5898 5835 5925 5394 5971 5869 5867 6092 6023 5860 5718 5814 5790 5963 6186 5738 5981 6200 5493 5929 6032 5731 5662 5918 5877 5320 6159 6033 5796 5886 5716 5961 6105 6076 5753 5674 5831 5549 6019 5507 6140 5488 5782 5630 6056 5631 6323 5644 5972 5724 5415 5401 5582 5861 5563 5878 5919 6057 5862 5571 5925 5610 5747 5975 5834 5711 5749 5843 5580 5536 5567 5619 5956 5915 5553 5961 5411 5793 6013 5629 5865 6211 6189 6021 5938 5739 6202 5897 5817 5615 5576 6001 5761 5355 5868 5809 5895 5833 5748 6061 5915 5750 5402 6081 5793 5905 5636 5888 5797 5546 5761 5769 6071 5420 5872 5791 6137 5674 5631 5937 5902 5575 5600 5943 5820 5763 5873 5934 5882 5608 5972 6059 5904 5348 5680 5590 5473 5688 5571 5910 5676 5906 5991 5729 5877
5960 5874 5992 5829 5676 5539 5501 6176 6055 6361 5768 5928 6201 5971 5632 5912 5842 6125 6089 5905 5932 6094 5798 6295 6083 5676 6287 6088 5475 6096 5584 6095 6390 5733 5942 5815 5584 6228 6058 6055 5773 6194 5668 6215 6268 5851 6176 5898 5848 5687 5932 5672 5858 6088 5608 5931 6184 5915 5757 6187 6175 5869 6299 5932 5791 6229 6037 5681 6060 6048 5889 5948 6337 5674 5765 6037 5830 5792 6536 5905 5771 6453 6241 5916 5974 5608 6012 6388 5886 5827 5684 5964 5692 6267 5598 6304 5724 6009 5800 6307 5725 6517 5692 5916 5777 5764 5782 5695 6047 5773 5908 5884 6296 5975 6166 6085 5867 5995 5975 5710 5660 5796 6188 5727 5803 5831 5833 6168 6073 5890 5891 5853 6145 6251 5604 5983 6423 6208 6384 6060 6008 6125 6105 5686 5726 5826 5888 5932 5756 6061 6124 6111 6068 5667 6012 6169 5843 5550 6054 6073 5842 5742 5815 5816 6027 5713 5987 5968 5658 5899 5619 6293 6134 5910 5971 5951 5837 5638 6357 6093 5813 5860 6021 6341 5655 6046 6096 6078 5466 5769 5589 5432 5689 5754 6100 5901 5937 6286 5809 5869
5948 5809 5733 5860 5647 5568 5558 6148 6109 6206 5694 5984 6186 5589 5870 5987 5597 5915 6206 5789 5989 6139 5576 6307 5933 5767 6408 5766 5777 5918 5694 5999 6408 5854 5789 5713 5563 5971 6179 5764 5941 6335 5664 5932 6427 5975 6135 5930 6158 5731 5667 5479 5785 6278 5416 5889 6079 5815 5690 6150 6106 5922 6129 5929 5691 6167 6145 5979 5900 5929 5914 6166 5910 5878 6096 5673 5953 5661 6301 5905 5465 6373 6107 5859 5936 5734 5996 6289 5806 6050 5573 5929 5570 5992 5796 5861 5861 5727 5822 6064 5740 6648 5981 5975 5635 5758 5436 5579 5956 5591 5793 5949 6038 6035 5879 5797 5970 6109 6002 5727 5856 5780 6302 5536 5693 5544 5799 6043 5828 5712 6048 5598 6009 6210 5725 5923 6427 6119 6374 6075 5890 5948 6417 5903 5675 5846 5929 5930 5644 6121 5791 6173 5824 5739 6016 6055 6038 5522 6088 5777 5709 5780 5675 5766 6009 5673 5933 6043 5402 5806 5795 6159 6081 5660 6041 6066 5909 5656 6145 6087 5768 5890 6107 6151 5947 5812 6192 6021 5606 5695 5674 5560 5921 5821 5717 5831 5834 6095 5634 6061
5559 5802 5557 5930 5471 5664 5520 5791 6036 6213 5653 6074 6075 5672 6032 6112 5781 5913 6127 5739 5996 5991 5898 6177 5983 5589 6063 5996 5601 5975 6015 6109 6094 5829 5886 5570 5807 5919 6119 5808 5790 6032 5883 6205 6248 5905 6099 5809 6056 5698 5889 5597 5647 6264 5517 6031 6128 5636 5595 6153 6059 5895 6063 6210 6014 6258 6066 5872 5859 6139 5610 6030 6211 5801 5927 5839 5893 5628 6473 5747 5536 6469 6039 5838 5754 5707 6076 6295 5969 6013 5834 6190 5398 5991 5859 6196 5745 5838 5740 6181 5711 6370 5702 6151 5884 5715 5703 5544 6051 5749 5828 5927 6120 5969 5893 5878 5903 6198 5932 5954 5601 5752 6193 5804 5722 5560 5706 5994 5913 5819 6110 5562 5775 6203 5662 5870 6362 6323 6442 5910 5820 6063 6235 5759 5526 5712 6025 6009 5607 5968 5833 6012 6248 5610 5981 6173 5987 5498 6032 5865 5925 5965 5695 5903 5759 5739 5847 6330 5163 6050 5723 6148 5994 5587 5939 5954 5906 5625 6112 6198 5920 5852 6150 6126 5954 5906 5981 6060 5397 5595 5643 5490 5409 5735 6044 5778 6151 6052 5694 6052
5388 5742 5724 5680 5203 5413 5473 6015 5870 6376 5724 5741 6117 5632 5921 5716 5622 5641 5983 5681 5706 6152 5659 5959 5735 5672 6102 5829 5523 5902 5849 6088 6133 5589 5582 5627 5660 5811 6009 5877 5834 5864 5644 5976 6235 5800 5826 5659 5924 5508 5702 5545 5788 6131 5584 5879 5849 5603 5439 5968 5795 5781 5907 5964 5684 6033 5782 5715 5831 5935 5760 5942 6115 5619 5717 5873 5838 5588 6083 5727 5276 6444 6032 5610 5775 5862 5847 5944 5915 5850 5561 5859 5420 5709 5661 5980 5387 5930 5643 6098 5617 6078 5648 5953 5513 5552 5512 5526 5705 5932 5700 5624 5870 5953 5663 6019 5825 5636 6050 5781 5773 5691 5958 5575 5632 5582 5628 5955 5714 5377 5704 5282 5807 6013 5582 5835 6122 5952 6310 5952 5673 6011 6055 5857 5335 5593 5799 5917 5375 6033 5789 5988 5723 5642 5845 5926 5798 5218 5865 5601 5719 5885 5810 5725 5711 5388 5745 6133 5300 5907 5576 6022 5943 5476 5863 5767 5692 5578 6119 6045 5798 5814 5848 6108 5752 5738 6114 5919 5557 5595 5380 5513 5639 5706 5863 5666 5880 5872 5554 6283
6006 5861 6015 5949 5763 5812 5782 6343 6420 6417 6043 6078 6632 5937 6010 6065 5895 6174 6385 6069 6035 6158 5982 6179 6189 5952 6350 6312 5882 6315 6158 6342 6359 5932 6168 6044 5777 6052 6235 6273 6128 6662 6085 6198 6683 6227 5936 6197 5977 5669 6145 5723 6099 6505 5982 6058 6012 6075 5697 6355 6298 6212 6424 6220 6168 6366 6092 5905 6101 6677 5965 6270 6407 5982 6198 5989 6094 5774 6576 5915 5501 6338 6355 6372 6009 6068 5995 6335 6129 6219 5910 6077 5897 6159 5815 6319 5838 6103 6021 6315 5683 6805 5951 6327 5740 5710 5671 5787 6222 5955 6182 6168 6203 6293 6106 6174 5970 6165 6184 6023 5913 6124 6403 6001 5717 5942 5872 6440 6081 5984 6310 5738 5928 6534 5830 5943 6548 6341 6675 6205 6027 6243 6414 6074 5750 5919 6115 6102 5749 6203 6104 6171 6474 6006 6291 6451 6040 5623 6459 6147 6164 6120 6086 6022 6167 6043 6151 6379 5339 6130 6041 6514 6196 5989 6219 6226 6223 5944 6307 6350 5858 6147 6283 6130 5940 6091 6167 6253 5828 6059 5698 5836 6012 6118 6307 5851 6268 6205 5892 6304
5791 5926 5891 5934 5681 5914 5744 5981 6083 6515 5864 5872 6284 6127 6099 6110 5838 6072 5939 6004 6104 6267 5955 6190 6103 5549 6327 6014 5893 5996 5984 6213 6499 5914 5930 5883 6021 6147 6092 6281 5948 6210 5878 5953 6430 5827 6210 6031 5806 6054 6014 5570 5911 6006 5873 5933 6138 5971 5583 6114 5849 6163 6424 6180 6029 6448 6172 6047 5805 6217 5973 6117 6310 5917 6221 5980 5846 5887 6389 5963 5686 6582 6075 5841 6089 5790 6060 6368 6193 6056 5981 6488 5842 6154 5661 6237 6128 5952 5902 6210 5714 6296 6041 6194 5745 5731 5661 5480 5878 5869 5996 6023 6226 5990 6297 5903 6084 6308 6174 5952 5863 5916 6204 5735 5845 5886 5876 6075 5878 5712 6235 5471 6003 6206 5920 6107 6729 6083 6332 6144 6013 6086 6340 5858 5764 5826 6171 6027 5623 6256 5862 6083 6191 5787 6239 6209 5920 5472 6173 5790 5952 5954 5936 5890 6120 6050 6106 6468 5272 5899 5816 6130 6146 5927 6205 6133 5824 5709 6086 6110 5820 5985 6071 6171 5933 6166 6085 6025 5588 6084 5978 5734 5613 5976 6012 6007 6060 6265 5960 6142
5490 5549 5810 5924 5601 5737 5519 5799 5861 5966 5800 5756 6239 5700 5736 5878 5896 5809 5727 6024 5824 6019 5704 6041 5831 5817 6131 5985 5635 6094 5792 6041 6039 5732 5727 5770 5552 6024 5888 6019 5872 6049 5955 5839 6141 5817 5936 5899 5699 5549 5773 5608 5637 6155 5864 5909 6123 5609 5344 6180 5946 5900 6077 5878 5814 6123 5711 5739 5684 6064 5862 6003 6132 5725 5697 5845 5624 5686 6269 5827 5368 6187 5987 5642 5675 5699 6087 6194 5857 5711 5572 6065 5247 5774 5436 6123 5617 5987 5740 6083 5806 6156 5936 5870 5812 5823 5527 5798 6057 5674 5928 5974 6019 5854 5841 5904 5768 5935 6108 5735 5575 5836 6209 5502 5698 5648 5578 6100 5785 5393 5933 5531 5901 5976 5502 5919 6101 6126 6245 5869 5877 5932 6362 5583 5555 5573 5787 5961 5522 5915 5732 5799 6017 5607 5751 5840 5994 5143 6160 5828 6051 5775 5679 5847 5827 5674 5750 6128 5518 5824 5603 6106 6004 5679 6016 5953 5793 5821 6177 6070 5974 5929 5769 6246 5575 5969 5887 5731 5350 5497 5547 5442 5423 5742 5990 5651 5739 6010 5783 6042
5870 6053 6118 6392 5668 5906 5824 6212 6017 6714 5997 6207 6452 6208 6333 6410 5906 6216 6543 5910 6005 6323 6122 6291 6255 6008 6648 6021 5914 6281 5911 6451 6884 5941 6253 6007 5801 6235 6418 6164 6136 6385 6056 6241 6513 6200 6446 6057 6099 5714 5842 5618 6054 6650 6150 6468 6227 6037 5997 6227 5964 6243 6557 6286 6392 6176 6302 6133 6208 6337 6034 6227 6489 5822 6236 6086 6220 6144 6361 6236 5818 6740 6439 5920 6052 6217 6319 6641 6321 6277 5900 6200 5957 6257 5958 6456 6102 6050 6062 6240 6011 6742 6253 6219 6133 6100 5937 5785 6111 6110 6159 6328 6418 6129 6173 6565 5890 6226 6137 5981 5884 6133 6459 6110 5986 6116 5790 6298 6299 6068 6358 5825 6414 6231 6009 6257 6700 6428 6489 6379 6249 6335 6379 6042 6243 5920 6057 6419 5855 6290 6125 5990 6145 5943 6472 6341 6198 5660 6559 6126 6201 6230 6086 5986 5996 5658 6074 6397 5798 6364 5934 6475 6375 5957 6256 6287 6176 6253 6674 6173 6165 6188 6285 6535 5741 6104 6311 6195 5794 6085 6370 5840 5796 6019 6300 6100 6300 6292 5815 6550
5909 6115 6001 6039 5612 5910 5645 5971 6240 6681 6057 6068 6289 6026 6233 6145 5827 6077 6210 6002 6002 6490 5986 6216 6292 6028 6550 6187 5907 6223 6101 6587 6615 6012 6031 6034 5933 6315 6264 6296 6250 6543 6099 6259 6493 6124 6446 6293 6197 5915 6135 5845 5976 6252 6074 6179 6267 6206 5816 6441 6129 6318 6443 6392 6204 6377 6364 5975 6144 6331 5956 6204 6602 6075 6394 6126 6166 6162 6489 6311 5857 6632 6266 6027 6165 5866 6195 6464 6346 6248 5962 6319 5881 6032 5953 6353 5995 6157 6103 6217 6121 6653 5999 6273 5971 5810 5678 5894 6155 5970 6036 5985 6422 6070 6108 6144 6153 6200 6318 6122 6186 6034 6279 5841 5865 5984 5934 6254 6075 5766 6171 5702 6321 6551 6006 6336 6804 6342 6563 6648 6160 6295 6427 5977 5838 5910 6090 6252 5616 6229 5973 6047 6295 5866 6320 6182 5985 5806 6471 6194 6169 6019 6014 6164 5972 5816 6133 6421 5731 6009 5897 6412 6003 5870 6279 6350 6011 5972 6313 6250 6294 6140 6292 6497 6060 6268 6523 6332 5622 5965 5948 5811 6013 5803 6387 6187 6328 6429 5979 6241
5764 5954 6090 6105 5615 5901 5676 5889 6508 6709 5854 6129 6341 5924 6233 6092 5735 6266 6230 5953 6270 6055 6010 6276 6274 5965 6328 6016 5885 6209 5951 6159 6540 5975 5981 5805 5835 6220 5960 6094 6094 6521 6010 6095 6473 6160 6439 5960 6188 5555 5835 5746 5911 6452 5815 6193 6269 6095 5889 6384 6023 6175 6128 5975 6139 6074 6115 5803 6088 6416 5769 6147 6304 6055 5947 6070 6037 5971 6384 6138 5618 6344 6277 5907 6051 5864 6269 6636 6161 6020 5872 6226 5861 6291 5904 6709 6037 6033 5980 6284 5885 6472 5989 6089 5765 5830 5757 5736 6019 5936 5922 6014 6392 6109 5959 6302 5839 6003 6132 5936 5937 6258 6286 5844 5891 5952 6147 6156 6096 6094 5988 5707 6039 6326 5721 6166 6697 6213 6546 6260 6071 6185 6443 6039 5912 5869 5964 6219 5768 6145 5997 6127 6214 5813 6129 6017 6037 5658 6388 6128 6235 6200 5969 6019 6005 5943 5953 6180 5478 5935 5907 6396 6283 5677 6305 6125 5791 6057 6486 6119 6471 6066 6142 6099 5929 6373 6178 6209 5560 5815 5912 5598 5858 5836 6366 6011 6329 6370 5937 6141
5949 6156 6139 6158 5761 5815 5825 6403 6388 6878 6122 6263 6646 5974 5982 6122 6103 6032 6609 6289 6332 6608 6198 6575 6418 5990 6580 6507 5870 6311 6084 6396 6868 6073 6004 6381 6133 6334 6413 6302 6207 6458 5985 6379 6455 6173 6350 6149 5985 5920 6159 5706 6222 6614 5843 6467 6247 6014 5781 6548 6247 6442 6611 6186 6242 6404 6349 6186 6197 6435 6340 6338 6635 6247 6294 6104 6162 6080 6605 6236 5949 6734 6584 6227 6154 6161 6328 6523 6476 6119 6096 6436 6157 6455 6141 6498 6040 6157 6332 6622 5834 7053 6178 6382 5985 6011 5899 5869 6363 5914 6343 6204 6656 6305 6162 6419 6325 6169 6441 6231 5894 6117 6366 6006 6080 6022 6255 6640 6304 6272 6220 5774 6220 6390 6048 6389 6781 6529 6785 6576 6044 6406 6472 6273 6128 6015 6191 6022 5798 6292 6287 6399 6389 6240 6463 6382 6222 5717 6606 6267 6250 6422 6220 6032 6302 5991 6250 6375 5867 6285 5962 6291 6371 5986 6402 5945 5951 6066 6486 6257 6208 6160 6200 6524 6136 6013 6295 6349 5843 6007 6045 5846 6219 5940 6277 6015 6229 6269 5955 6315
5497 5782 5591 5911 5371 5614 5537 5802 5998 6529 5516 5736 6208 5589 5839 5861 5657 5847 6045 5915 5758 6082 5674 5963 6006 5592 6393 6080 5453 5876 5692 6265 5977 5667 5598 5937 5673 5891 6040 6077 6021 5950 5852 5817 6403 5831 6099 5732 5967 5552 5796 5560 5561 6304 5551 5930 6077 5721 5538 5951 5734 5994 6127 5923 5837 6166 5811 5711 5836 6054 5825 6182 6068 5912 5960 5805 5833 5831 6229 5764 5244 6288 6161 5624 5701 5955 5908 6274 6031 5753 5502 5749 5712 5794 5653 6130 5546 5755 5778 6152 5616 6362 5760 5931 5580 5628 5602 5419 5835 5739 5729 5605 5962 5989 5932 6073 5920 5886 5925 5745 5787 5958 6143 5806 5750 5616 5700 6015 5722 5807 5747 5461 6051 6107 5605 5648 6290 6074 6212 6138 5899 6156 6237 5851 5631 5628 5950 5745 5417 6051 5886 6021 5889 5796 5910 6006 5890 5428 6190 5686 6089 5995 5710 5868 5872 5672 5536 6101 5430 5879 5570 6037 6050 5714 5901 5977 5772 5923 6270 6050 5888 5874 5618 6079 5529 5674 6031 6174 5458 5726 5776 5426 5736 5632 5892 5771 5921 6000 5679 6038
5785 5994 5890 6057 5514 5770 5488 6113 6239 6676 5790 6081 6390 5900 6035 6207 5732 6223 6118 5810 6172 6334 5944 6306 6018 5648 6466 6363 6012 6217 6016 6175 6411 6095 6033 6085 5781 5962 6227 6158 6162 6473 5893 6070 6482 6070 6168 6054 6133 5693 5978 5525 6188 6542 5845 6255 6468 6099 5864 6094 6161 5952 6372 6181 6082 6158 6080 5850 6119 6315 6051 6420 6439 5982 6156 6103 6020 5705 6394 6015 5818 6728 6462 6084 5962 6102 6150 6325 6225 6048 5636 6094 5650 5980 5885 6552 5975 6170 6060 6164 5677 6693 6073 6101 5707 5824 5713 5994 5990 6092 6122 6104 6304 6210 6160 6226 5681 6126 6319 6053 5697 6056 6508 5915 5746 5825 6005 6379 5848 5899 6373 5617 5985 6237 5891 6058 6444 6216 6446 6113 6044 6408 6300 5927 5729 5871 6155 6075 5543 6375 6079 6178 6162 6070 6299 6106 6042 5628 6475 5828 6274 6111 5732 6108 5987 5909 5847 6430 5496 6021 5851 6411 6124 5964 6389 6069 5884 6073 6355 6242 6147 5996 6087 6541 5966 6306 6103 6394 5681 5921 6017 5629 5997 5842 6121 5899 6442 6107 5992 6342
5987 6053 6067 6246 5959 6004 5896 6325 6410 6582 6384 6304 6711 6072 6103 6386 6134 6451 6525 6249 6355 6309 6164 6668 6443 6006 6535 6487 5875 6510 6324 6730 6670 6274 6224 6160 6020 6447 6571 6385 6346 6526 6366 6401 6707 6402 6315 6171 6369 6066 6628 5764 6019 6535 6137 6278 6490 6235 6090 6515 6294 6100 6608 6318 6272 6590 6181 6429 6315 6421 6153 6353 6571 6267 6423 6250 6225 6094 6820 6211 5714 6838 6653 6185 6343 6293 6100 6687 6530 6325 6123 6308 5930 6455 6142 6465 6135 6255 6219 6487 5955 7137 6074 6332 6044 5884 5911 5698 6580 6139 6462 6328 6341 6273 6264 6209 6330 6695 6070 6430 6157 6047 6593 6195 6067 6077 6280 6489 6410 6305 6460 5870 6290 6478 6235 6257 6870 6557 6527 6485 6122 6439 6529 6256 6038 6138 6209 6047 6237 6389 6292 6357 6472 6122 6436 6699 6527 5903 6614 6341 6447 6456 6055 6182 6285 6129 6157 6538 5801 6350 5999 6444 6480 6100 6327 6292 6362 6033 6612 6395 6266 6099 6458 6534 6212 6097 6313 6240 6003 6065 6093 6112 6138 6211 6357 6092 6440 6451 5916 6325
5975 6167 6243 6479 5841 5891 5874 6478 6444 7107 6288 6463 6761 6295 6410 6354 6040 6328 6397 6276 6434 6797 6247 6617 6513 6132 6779 6494 6198 6522 6184 6612 6653 6387 6442 6365 6074 6406 6571 6541 6379 6699 6264 6575 6734 6319 6434 6339 6311 6154 6258 5796 6220 6533 6191 6377 6425 6313 6130 6721 6432 6378 6761 6578 6434 6616 6503 6291 6463 6617 6100 6466 6818 6285 6657 6285 6415 6122 6853 6401 5972 6983 6686 6312 6289 6183 6507 6848 6722 6445 6081 6324 6087 6301 6329 6745 6297 6275 6330 6557 6157 6861 6291 6382 6321 5993 5915 6080 6500 6224 6482 6312 6681 6523 6566 6533 6265 6548 6262 6430 5930 6555 6599 6256 6050 6072 6164 6530 6235 6080 6413 6218 6303 6902 6359 6284 7002 6651 6827 6719 6322 6506 6796 6116 5949 6184 6335 6271 6043 6564 6287 6241 6531 6176 6638 6736 6428 5969 6795 6177 6378 6412 6098 6140 6195 6065 6528 6657 5698 6336 5854 6668 6419 6225 6541 6608 6290 6475 6556 6574 6387 6187 6388 6504 6235 6224 6300 6623 6085 6163 6214 6134 6083 6001 6515 6014 6563 6751 6036 6546
6106 6089 6099 6115 5609 6061 6061 6219 6503 6762 5973 6444 6568 6320 6082 6165 6172 6271 6325 6497 6309 6470 6155 6416 6279 5921 6554 6310 6072 6424 6011 6434 6488 6092 6302 6220 6006 6376 6486 6249 6242 6894 6205 6350 6760 6104 6358 6321 6325 6006 6101 5820 5985 6410 5987 6365 6138 6160 6050 6438 6063 6400 6573 6173 6211 6755 6200 6297 6068 6408 6152 6487 6620 6025 6482 6198 6229 5812 6728 6215 5806 6929 6512 6179 6129 6067 6319 6883 6524 6423 6006 6369 6075 6356 5989 6499 5912 6130 6198 6392 6160 6644 6197 6387 5936 5985 5955 5906 6121 6003 6192 6319 6535 6447 6416 6355 6303 6357 6574 6238 6008 6264 6532 6053 5962 6167 6025 6243 6377 6122 6285 5896 6492 6521 6002 6056 6821 6436 6548 6428 6181 6490 6750 6086 5876 6051 6459 6111 6158 6365 6260 6347 6544 5912 6363 6338 6081 5827 6479 6138 6258 6215 6164 6050 6219 6185 6252 6638 5718 6259 5967 6550 6431 6003 6477 6445 6157 5996 6639 6341 6547 5935 6408 6388 5948 6218 6455 6395 5896 6285 6188 5782 6184 6211 6380 6059 6353 6576 5792 6285
5944 5908 6175 5959 5819 5958 5966 6299 6221 6727 5993 5979 6594 6074 6116 6196 5954 6232 6162 6181 5777 6319 5799 6071 6222 6052 6315 6128 5819 6114 6139 6159 6348 5941 6069 5972 5729 5938 6089 6298 5976 6142 6233 6128 6585 6420 6211 6019 6140 5954 5991 5699 6147 6357 5737 6082 6404 6137 5756 6582 6263 6137 6438 6102 5946 6317 6144 5862 6081 6235 5937 6545 6284 5928 5965 6156 5982 5899 6571 6193 5702 6600 6188 5969 6172 6023 6193 6430 6114 6217 5851 6039 5862 6445 5733 6230 5724 6217 5953 6272 5885 6312 6135 6286 5859 5986 5502 5845 6033 5882 6194 6383 6302 6249 6112 6015 6198 6116 6267 6059 6035 6198 6188 5960 5858 6100 6111 6344 6246 5813 6205 5852 6422 6290 5899 5978 6795 6338 6442 6220 5834 6419 6323 6066 5920 6113 6141 6207 5778 6382 5933 6196 6141 5978 6194 6242 5965 5592 6276 6120 6152 6022 6025 5725 6335 5997 6166 6491 5690 6105 6042 6103 6227 5916 6265 6198 5940 6087 6357 6159 6091 6168 6181 6235 5963 6056 6380 5894 5768 5847 5984 5625 5911 5999 6312 5981 5816 6204 5985 6169
5478 5856 5813 5904 5491 5585 5693 5581 5792 6322 5664 5939 6122 5690 5822 5702 5580 5569 5920 5683 5761 6024 5710 6192 5795 5663 6279 5749 5270 5782 5566 5985 6147 5691 5875 5769 5488 5803 6037 6032 5728 6005 5851 6148 6183 5700 5959 5843 5669 5455 5598 5384 5767 6046 5731 5854 5861 5919 5400 5990 5635 5843 6064 5808 5708 5958 5851 5686 5886 5941 5787 5909 5971 5746 5850 5842 5581 5920 6215 5798 5493 6069 6150 5659 5554 5586 6063 6273 5842 5564 5729 5990 5547 5951 5546 6166 5640 5669 5683 6128 5391 6365 5447 5774 5443 5667 5510 5517 5796 5762 5727 5773 6172 5745 5946 6189 5872 5895 5725 5718 5594 5451 6067 5583 5436 5610 5564 6032 5930 5836 5551 5510 5720 6089 5580 5884 6209 6058 6070 5924 5567 6044 6167 5665 5424 5623 5806 5714 5564 5894 6183 5952 6106 5660 5806 5817 5889 5601 6060 5667 5860 5704 5775 5743 5711 5705 5653 5868 5457 5810 5529 5878 5885 5755 6131 5854 5558 5481 6151 5920 5764 5814 5747 5886 5470 5800 5935 5857 5251 5705 5637 5586 5526 5586 5893 5488 6004 6217 5775 6055
6314 6242 6288 6337 5912 6219 6082 6084 6424 6764 6031 6003 6655 6074 6242 6344 6175 6332 6485 6368 6275 6484 6087 6704 6253 6155 6598 6311 5853 6436 6010 6814 6681 6057 6242 6123 5839 6138 6456 6420 6443 6470 6148 6336 6592 6405 6526 6346 6436 6234 6249 5908 6245 6448 6022 6279 6513 6322 5977 6413 6227 6313 6491 6325 6057 6519 6209 6221 6163 6459 6235 6315 6587 6247 6220 6346 6041 6169 6633 6175 5993 6858 6625 6253 6250 6243 6464 6829 6207 6214 5936 6249 5868 6382 5852 6501 5902 6460 6221 6370 6251 6829 6284 6362 6147 6179 6077 5936 6189 6178 6438 6462 6497 6223 6194 6504 6289 6323 6486 6025 6024 6343 6581 6046 5976 5952 6011 6315 6357 6153 6470 5994 6419 6594 5829 6153 6633 6656 6658 6293 6267 6409 6539 6233 6055 5980 6411 6295 6005 6466 6144 6470 6387 6195 6248 6546 6311 5641 6767 6126 6354 6293 6211 6138 6178 5997 6130 6504 5750 6418 6019 6560 6282 6083 6417 6525 6195 6056 6571 6417 6220 6261 6300 6488 5998 6406 6534 6438 5878 6255 6035 5905 5918 5883 6434 5944 6409 6420 6268 6412
6241 6223 6212 6262 6254 6283 6114 6376 6513 6737 6252 6354 6876 6304 6311 6529 6248 6363 6580 6597 6370 6566 6280 6718 6499 6045 6774 6617 5926 6366 6300 6503 6755 6226 6342 6318 6047 6553 6446 6485 6407 6618 6438 6536 6874 6238 6606 6232 6377 5994 6372 6133 6061 6729 6275 6522 6538 6412 6036 6727 6406 6656 6890 6574 6346 6492 6351 6285 6341 6635 6156 6530 6712 6041 6480 6625 6190 6409 6933 6289 6113 6801 6613 6389 6252 6187 6523 7027 6628 6192 6249 6488 5898 6668 6221 6765 6196 6293 6244 6683 5959 6888 6302 6495 6156 6324 6026 5957 6554 6324 6531 6356 6765 6263 6381 6442 6356 6329 6829 6334 6317 6319 6568 6205 6196 6279 6363 6888 6322 6336 6409 6022 6557 6691 6260 6295 6805 6880 6874 6485 6174 6627 6686 6116 6006 6185 6375 6658 6155 6514 6524 6685 6456 6249 6441 6697 6362 5926 6730 6345 6615 6295 6328 6515 6489 6311 6389 6759 6071 6451 5981 6484 6553 6278 6755 6530 6255 5926 6828 6478 6329 6639 6504 6504 6324 6264 6788 6451 5833 6143 6234 6106 6062 6239 6545 6160 6462 6716 6282 6674
5598 5850 5693 5894 5518 5709 5401 6132 6040 6545 5826 6134 6242 5623 5767 6054 6072 5838 5999 6105 6148 6198 6181 5900 6034 5552 6267 6160 5799 6155 5999 5948 6301 5782 5682 6069 5605 6094 6252 6308 5919 6105 5823 6219 6284 5885 6052 5956 5823 5827 5636 5622 5772 6459 5654 6021 5927 5555 5435 6332 5938 6094 6346 5711 5998 6151 6109 5697 5862 6157 5954 6075 6385 5892 6063 5954 5783 5894 6367 5750 5676 6453 6019 5755 6054 5929 5940 6253 5970 5850 5626 6099 5633 6182 5784 6106 5784 6067 5839 6281 5714 6504 5670 6064 5979 5757 5518 5658 6030 5556 6055 5882 6155 6186 5814 5788 5931 5911 5904 5901 5930 5886 6173 5820 5862 5723 5843 6328 5803 5685 6015 5568 5933 6142 5817 5651 6456 6132 6215 6066 5762 6135 6224 5883 5763 5876 6000 6026 5491 6028 5836 5961 6417 5828 6095 6102 5797 5430 6328 5959 6120 5934 5906 5837 5950 5877 5683 6306 5482 6151 5766 6070 6181 5647 6181 5951 5860 5576 6083 5974 5943 5949 6108 6037 5780 6008 6164 6033 5441 5856 5797 5637 5797 5695 5925 5711 6069 6093 5858 6034
5564 5822 5754 5839 5469 5587 5677 5804 6003 6386 5664 5805 6356 5708 6042 6122 5567 5788 6112 6091 5689 6050 5796 5948 6007 5563 6135 5911 5710 5936 5620 6212 6344 5792 5908 5878 5530 6000 5895 6142 5900 6114 5809 6024 6225 5794 6098 5997 5855 5506 5778 5375 5611 6007 5783 5946 6046 5749 5718 6146 5796 6162 6035 6033 5857 6003 6029 5735 5754 5918 5634 6016 6308 5702 5716 5721 5736 5703 6150 5992 5365 6359 6024 5761 5992 5877 5899 6295 6008 5765 5501 5763 5553 5766 5607 6179 5654 5912 5846 6009 5681 6277 5970 5815 5703 5627 5717 5678 6090 5696 5767 5916 6168 5949 5806 6012 6046 5978 5956 5759 5676 5993 6208 5790 5643 5789 5570 5844 6089 5546 5800 5577 6035 5974 5779 5856 6416 6117 6163 6098 5710 6114 5909 5802 5651 5694 6014 5772 5597 6046 5647 5804 5966 5554 5905 6198 5815 5354 6199 5839 5880 5773 5746 5587 5883 5583 5854 6242 5262 5881 5666 6297 5900 5663 5936 5971 5879 5696 6150 5888 5833 5914 5918 6074 5687 5769 6126 5871 5591 5787 5693 5561 5558 5435 5998 5709 6013 6187 5804 5970
5705 5836 5963 5953 5802 5885 5850 6299 6129 6536 5940 6333 6690 6051 5924 6153 5873 6094 6120 6253 6253 6291 6208 6315 6150 5951 6348 5967 5977 6240 5966 6533 6598 6057 6196 6317 5941 6168 6288 6296 5929 6300 6057 6122 6568 6113 6216 6065 5911 5879 6037 5833 6092 6361 5607 6268 6083 6115 5900 6321 5981 6113 6748 6205 5916 6268 6181 5836 6028 6328 5892 6165 6592 5868 6265 6004 6035 5944 6644 5737 5826 6408 6151 6061 5956 5914 6271 6413 6147 6108 5707 6044 5746 6266 6026 6313 5834 5988 5942 6252 5741 6657 5962 6135 5948 5853 5868 5855 6284 5935 6374 6264 6484 6196 6186 6426 6176 6178 6065 6054 5780 6125 6330 5967 5810 5730 6047 6220 6002 6109 6279 5665 6004 6195 5998 5853 6426 6484 6382 6323 6014 6322 6647 6080 5929 5718 6214 6080 5697 6318 6144 6131 6476 5803 6074 6310 6107 5542 6384 6223 6163 6210 6050 5920 5964 6120 5834 6152 5363 6183 5846 6448 6256 6230 6296 6078 5939 5911 6420 6039 6038 5884 6091 6242 5989 6020 6194 6063 5614 5919 5721 5640 6021 5824 6194 5850 6169 6466 6026 6261
5772 5550 5543 5756 5440 5502 5379 5616 5919 6218 5821 5712 5959 5613 5832 5890 5602 5784 5969 5751 5774 5981 5452 6151 5632 5553 6094 5887 5296 5855 5686 5962 6351 5664 5703 5571 5685 5913 6090 5760 5760 6128 5779 5604 6154 5823 5770 5918 5674 5426 5730 5358 5733 6140 5662 5757 5985 5854 5529 5792 5388 5921 5948 5616 5761 5983 5843 5796 5860 5683 5603 5791 6053 5656 5824 5910 5640 5501 5995 5833 5224 6091 6039 5684 5711 5726 5753 6148 5979 5654 5641 6021 5481 5896 5845 6010 5360 5829 5623 6081 5555 6333 5597 5986 5443 5397 5492 5477 5876 5831 5829 5693 5969 5566 5596 5827 5706 5839 6040 5570 5621 5718 5981 5698 5580 5690 5740 5986 5837 5504 5731 5467 5950 6001 5502 5923 6216 6203 6231 5744 5738 5843 6045 5563 5355 5759 5843 5787 5717 5894 5520 6190 5833 5717 5696 5860 5955 5176 5897 5907 5811 5873 5613 5576 5911 5460 5734 6061 5224 5760 5348 6175 6011 5621 6060 5581 5624 5575 6031 5992 5919 5817 5730 6051 5517 5450 6014 5777 5430 5586 5462 5485 5746 5674 6017 5725 5786 6070 5549 5886
5802 5822 6039 6077 5854 5726 5692 6083 5988 6387 5864 5750 6240 5787 6037 6179 5666 5928 6014 5901 6155 6261 5873 6236 5966 5990 6405 6069 5767 6006 6145 6083 6380 5926 5898 5923 5742 6259 6303 6181 6041 6120 6062 6035 6548 5990 6328 6048 5777 5650 6147 5527 5721 6463 5766 6046 6040 5947 5970 6312 6149 5972 6468 6098 5999 6286 5929 5710 6118 6237 5887 6281 6172 5715 5975 6047 6001 6030 6303 5946 5676 6468 6068 5739 5913 5825 6021 6503 6196 5995 5815 5989 5797 6074 5810 6187 5758 5833 5878 6224 5993 6543 5804 6151 5754 5697 5446 5555 6188 5929 6044 6081 6415 6050 5871 6085 5996 6122 5969 5844 5736 6074 6310 5709 5762 5768 5800 6400 5895 5869 5851 5498 6012 6294 5874 6079 6519 6245 6331 6200 6008 6239 6245 5936 5585 5735 5930 6235 5651 6137 6011 6102 6127 5861 6177 5880 6031 5515 6287 5944 6104 6061 5883 5893 5795 5691 6060 6348 5729 6132 5886 6256 6187 5727 6120 6121 5639 5811 6065 6275 6094 6051 5985 6176 5796 5854 6215 6116 5635 5687 5699 5570 5726 5630 6110 5948 6023 6303 5893 6089
5603 5716 5709 5765 5438 5630 5743 5762 5876 6261 5593 5855 6040 5704 5974 5943 5965 5869 6019 5725 5635 5927 5710 5963 5920 5652 6122 5885 5484 6028 5641 6000 6381 5632 5873 5742 5527 5804 5886 5755 5777 6198 5862 5873 6082 5669 5906 5820 5891 5441 5934 5529 5478 6058 5554 5832 5809 5657 5581 6077 5815 5873 6076 6037 5971 6138 5760 6003 5825 5926 5760 6148 5904 5730 5690 5681 5627 5660 6133 5992 5383 6328 6175 5751 5635 5703 6153 6344 6141 5841 5574 5978 5782 6025 5561 6105 5612 5658 5830 6078 5440 6375 5753 5901 5612 5499 5386 5327 5900 5537 5757 5817 6048 6168 6040 5817 5790 5853 5929 5909 5662 5712 6087 5659 5598 5636 5545 5883 6025 5756 5887 5534 5904 6056 5698 5757 6254 6073 6222 6095 5801 6249 6212 5677 5723 5623 5908 5702 5600 5809 5859 6028 5957 5669 5908 5970 5760 5330 5960 5692 5661 5699 5685 5805 5901 5559 5769 6116 5348 5720 5500 5952 6104 5443 6135 5839 5646 5837 6139 5929 5863 5994 5799 6277 5681 5654 5941 5688 5630 5662 5970 5418 5619 5531 5833 5736 5832 5992 5474 5692
5708 5916 5817 6082 5649 6009 5710 6015 6237 6480 5684 6026 6323 5842 5989 6093 5745 6053 6200 6233 5830 6220 5969 6186 6258 6059 6557 6053 5644 6052 6101 6169 6475 5819 5766 5914 5731 6118 6078 6124 6264 6361 6253 5967 6522 6061 6097 6147 6046 5770 5780 5649 5668 6412 5629 6216 6236 6013 5971 6337 6036 6071 6318 6254 5950 6311 6292 5804 6120 6196 5805 6275 6328 6140 5960 6052 5980 6000 6372 6289 5579 6651 6156 5954 6131 5876 6368 6555 6234 5963 6047 6421 5787 6121 5745 6211 5899 6024 6042 6246 5946 6662 6060 6335 6215 5781 5779 5694 6312 5777 6133 6477 6523 5976 5863 6155 5816 6138 6220 5960 5718 6180 6273 5922 5716 5755 5934 5953 6132 5982 6019 5525 6067 6263 5903 5995 6747 6216 6478 6259 5725 6471 6373 5968 5973 5935 6115 6100 5524 6116 5688 6154 6115 5956 6329 6362 6203 5541 6467 5992 6247 6027 6045 6105 5960 5823 5982 6288 5570 6094 5822 6448 5995 5548 6221 5946 5828 5970 6309 6126 6146 6138 6105 6248 5947 5876 6443 6183 5571 5829 6010 5835 5826 5753 5904 5787 6052 6413 6003 6240
6128 6268 6138 6433 6075 6204 5929 6300 6340 6805 6293 6320 6575 6199 6114 6412 6049 6305 6477 6062 6308 6510 6195 6623 6119 6060 6530 6469 6098 6412 6124 6973 6807 6213 6576 6239 6254 6194 6403 6584 6366 6552 6405 6304 6865 6455 6642 6390 6446 6002 6132 5797 6244 6489 5926 6269 6569 6366 6036 6459 6169 6386 6700 6431 6359 6477 6408 6237 6285 6528 6127 6518 6663 6171 6573 6192 6301 6271 6820 6220 5936 6647 6620 6267 6121 6304 6450 6601 6421 6376 6091 6408 6127 6552 5856 6690 6315 6318 6161 6519 5998 6687 6253 6397 6180 6081 6197 5965 6223 6125 6359 6365 6681 6258 6301 6542 6206 6278 6731 6099 6070 6190 6692 6145 6134 6042 6257 6444 6585 6126 6377 6167 6280 6632 5902 6101 7121 6520 6712 6316 6321 6596 6480 6282 6119 6346 6442 6366 5904 6617 6250 6578 6616 6019 6298 6541 6148 5953 6463 6265 6282 6086 6161 6103 6349 6318 6297 6441 5765 6342 6057 6505 6511 6289 6606 6218 6179 6066 6573 6441 6476 6273 6399 6510 6253 6177 6516 6450 5813 6325 6091 5925 6158 5905 6519 6348 6444 6593 6250 6655
5908 6136 6167 6396 6022 6050 6069 6464 6403 6895 6173 6118 6678 6372 6395 6165 6200 6205 6735 6284 6221 6516 6156 6718 6425 5990 6725 6426 6146 6364 6234 6564 6755 6088 6309 6266 5781 6211 6566 6334 6225 6658 6296 6381 6523 6187 6447 6153 6240 5868 6274 5961 6381 6668 6355 6556 6558 6501 5989 6611 6383 6548 6757 6456 6369 6453 6181 6292 6327 6563 6117 6426 6467 6134 6102 6256 6241 5982 6774 6402 6014 6776 6351 6251 6230 6202 6392 6578 6487 6397 6186 6324 6043 6390 6005 6457 6101 6292 6205 6363 6000 6844 6253 6351 6103 6048 5814 5799 6279 6218 6274 6476 6435 6369 6250 6210 6292 6270 6365 6042 6154 6222 6575 6131 6161 6265 6100 6542 6492 6100 6440 5734 6475 6404 6248 6355 6859 6646 6561 6689 6019 6559 6532 6139 6165 6377 6295 6491 5986 6589 6259 6363 6441 6345 6385 6339 6241 5672 6483 6379 6178 6290 6253 6266 6194 5929 6479 6498 6018 6330 6024 6681 6572 6148 6546 6560 6191 6228 6567 6375 6582 6001 6346 6705 6050 6150 6630 6498 5822 6092 6122 6195 6138 6423 6341 6116 6362 6479 6091 6316
5549 5824 5917 5916 5476 5663 5408 5898 5952 6284 5512 5765 6122 5874 5919 5846 5519 5745 6292 5907 5716 6081 5662 6100 6071 5635 6258 6031 5630 5935 5649 5931 6213 5718 5800 5530 5601 5810 5911 5783 5804 6041 5770 5881 6256 5800 5957 5842 5885 5642 5826 5512 5630 6083 5557 5946 6028 5930 5564 6239 5903 5709 6121 6084 5955 5954 5820 5830 5919 6068 5850 5901 6193 5708 5936 5995 5743 5622 6324 6029 5455 6469 6049 5914 5803 5918 5887 6250 5897 5828 5874 6160 5404 6073 5639 6148 5658 5881 6158 5977 5774 6481 5836 5946 5944 5857 5569 5513 6037 5766 5795 5755 6184 5688 5897 5915 5947 5993 5976 5894 5751 5827 6154 5745 5628 5849 5694 6135 5918 5957 6115 5488 5882 6055 5818 5713 6560 6281 6380 5979 5757 6050 6025 5978 5541 5768 5983 5815 5458 6075 5732 5929 5888 5719 6072 6255 5786 5429 6121 5883 6046 5979 5703 5564 5882 5782 5807 6127 5467 5777 5708 6069 5977 5697 5896 5935 5699 5694 6139 6057 5868 5885 5949 6088 5620 5565 5964 6089 5631 5919 5738 5402 5448 5658 5948 5874 5822 5927 5789 6069
5837 5818 5988 6079 5506 5935 5586 6315 6180 6432 5912 5847 6559 5929 6218 6161 5707 5839 6152 6068 6021 6182 5780 6185 6190 5795 6468 5794 5905 6202 5751 6298 6484 5999 5978 5900 5637 6091 6030 6150 6018 6117 5836 5913 6218 6026 6088 5896 5869 5837 5948 5969 5829 6334 5846 6026 5930 5811 5777 6383 6121 6088 6451 6266 6029 6284 5979 5824 5948 6064 5948 6314 6258 5850 6001 5803 5978 6070 6155 6198 5599 6409 6190 5757 5940 5981 6360 6448 5963 6160 5863 6153 5678 6093 5818 6330 5733 6093 6027 6297 5870 6580 6085 6018 5790 5677 5649 5759 6047 5875 5877 6072 6048 6383 5983 6120 6072 6135 6183 5908 5912 5876 6353 5975 5915 5877 5790 6195 5978 5942 5906 5705 6046 6285 5930 6028 6443 6278 6428 6314 5896 6283 6384 5897 5912 5757 6068 5938 5828 6166 6071 6184 5955 5742 5941 6091 5799 5428 5948 6132 6152 6048 5846 5890 5971 5837 5949 6362 5709 6064 5429 6267 6016 5754 6012 6200 5699 6006 6314 6074 5999 5930 5969 6193 5869 5855 6131 5939 5627 5843 5723 5764 5667 5733 6113 5857 6142 6318 5825 6336
5722 5950 6066 5817 5547 5762 5690 6280 5977 6518 5732 5965 6457 5721 5935 6051 5851 5882 6117 5995 5861 6219 5821 6324 6228 5836 6424 5984 5449 6115 5876 6399 6193 5762 6111 6093 5822 6088 6002 6154 6082 6154 6006 6256 6472 6110 6168 5963 5916 5633 6011 5735 5857 6181 5784 6115 6312 5983 5873 6333 6186 6133 6341 6316 6004 6299 6087 5689 6303 6142 6022 6009 6355 6029 6138 6073 6089 5896 6433 5751 5862 6472 6310 6105 5812 5746 6143 6454 6155 5925 5611 6049 5793 6245 5787 6364 5912 5840 5905 6180 5716 6689 5767 6027 5446 5641 5679 5672 6269 5759 6021 6100 6242 5982 6209 6202 6019 6201 6042 5885 5775 5910 6212 5886 5768 5628 6056 6193 6149 6151 5973 5517 6108 6345 5957 5867 6513 6138 6205 6428 5688 6382 6109 5886 5849 5837 5993 6113 5748 6254 6211 6203 6112 5817 6166 6109 6081 5636 6106 6073 5994 6150 5805 5819 5867 5834 5767 6094 5532 5915 5891 6219 6127 5863 6112 6011 5832 5819 6399 5994 5843 6113 6041 6156 6079 6046 6071 6155 5556 5977 5753 5741 5832 5875 6042 5786 6082 6277 5868 6245
5551 5528 5629 5517 5236 5485 5349 5560 5651 5921 5820 5720 5840 5768 5514 5436 5465 5997 5658 5744 5679 5952 5437 6005 5697 5756 6083 5469 5378 5787 5533 5831 5991 5542 5534 5530 5691 5909 5987 5926 5756 5926 5565 5761 6139 5834 5800 5758 5610 5588 5547 5185 5646 5918 5381 5760 5798 5696 5489 6072 5712 5702 6120 5828 5705 5834 5877 5757 5624 5932 5676 5908 6018 5658 5895 5765 5694 5594 6118 5417 5357 6242 5677 5628 5593 5671 5918 5842 5937 5788 5614 6069 5534 5824 5526 5723 5547 5634 5527 5897 5446 6057 5379 5802 5515 5534 5370 5322 5818 5618 5752 5755 5817 5585 5747 5841 5609 5829 5690 5528 5443 5426 5918 5463 5322 5506 5554 5654 5705 5622 5756 5592 5943 5940 5277 5661 6013 5782 6148 5843 5583 5442 6194 5602 5407 5449 5743 5592 5528 5645 5717 5713 5789 5577 5621 5849 5876 5156 5896 5641 5546 5626 5561 5596 5337 5721 5746 5918 5260 5590 5514 5926 5872 5734 5966 5896 5526 5450 5929 5799 5684 5550 5742 5882 5528 5609 5917 5705 5312 5523 5563 5331 5562 5687 5818 5554 5852 6080 5484 6094
5776 5837 6047 5913 5578 5881 5757 6021 5942 6446 5671 5979 6369 5972 5896 6205 5912 5919 6249 6072 5891 6100 5704 6182 5916 5875 6143 5751 5864 6137 5840 6324 6384 5772 5969 5931 5700 6237 6134 6043 6038 6268 5838 6024 6115 6046 6026 5762 5951 5851 6171 5615 5911 6324 5620 5817 6309 6044 5749 6111 5926 6029 6443 6234 5895 6310 6012 5958 5709 6101 5888 6198 6120 5682 5965 5884 5991 5886 6447 5867 5614 6450 6259 6032 5947 5727 6144 6409 6179 5999 5797 5862 5703 6157 5742 6392 5882 6058 5926 6260 5680 6579 6029 6036 5598 5640 5597 5589 5994 5765 6156 6076 6260 6108 5844 6088 5903 6033 6055 6014 5603 6006 6328 5686 5944 5790 5654 5999 6006 5807 6222 5741 6151 6314 5748 5871 6575 6196 6435 6419 5997 6508 6262 5958 5959 5808 5896 5996 5669 6159 6069 6075 6193 5818 5998 6139 5847 5398 6302 6016 5913 5945 6049 5756 6007 5795 5959 6146 5556 6085 5808 6367 6193 6027 6116 5997 5861 5890 6324 6221 5914 5736 5962 6381 5728 6026 6295 5956 5795 5793 5571 5720 5888 5700 6047 6016 6034 6192 5679 6082
5407 5667 5446 5670 5453 5751 5685 5629 5863 6185 5839 5825 6192 5805 5867 5868 5693 5960 5806 5729 5720 6183 5673 5922 5786 5549 6109 5935 5441 5915 5601 6153 6384 5646 5850 5641 5635 5916 6032 6064 5590 5912 5796 5944 6103 5920 5971 5896 5771 5416 5529 5461 5774 5963 5609 5829 6124 5706 5457 6099 5813 6133 6148 5891 5823 6031 5951 5639 5688 5783 5606 5961 6156 5558 5809 5710 5705 5833 5958 5788 5392 6131 6132 5768 5609 5823 5816 6008 5870 5742 5449 5876 5679 5971 5526 5998 5630 5974 5604 5950 5362 6359 5759 5737 5559 5675 5585 5461 5715 5530 5918 5717 6055 5840 5827 5959 5837 5624 6100 5778 5552 5853 6137 5440 5482 5631 5647 5959 5842 5677 6109 5552 5778 5965 5386 5682 6101 6209 6069 5949 5862 5822 6163 5506 5400 5721 5784 5747 5448 6046 5549 5766 5980 5591 5929 5756 5903 5240 6104 5628 5813 5773 5663 5659 5783 5880 5642 5977 5278 5767 5427 5969 5892 5913 6081 5826 5653 5648 5991 5994 5606 5733 5952 5883 5610 5906 6014 5776 5596 5698 5783 5505 5522 5579 5959 5670 5805 6046 5590 6186
5611 5632 5583 5866 5469 5590 5580 5705 6134 6202 5743 5845 6017 5485 5654 5923 5674 5766 5782 6041 5791 5766 5814 6134 6087 5471 5986 5940 5655 5916 5612 5868 6199 5839 5677 5557 5572 6050 5937 5898 5858 6016 5634 6177 6248 5627 6214 5853 5707 5617 5685 5254 5760 6223 5518 5937 6295 5612 5362 6190 5686 5781 6119 5864 5642 5907 5924 5942 5842 5949 5696 6014 5950 5621 6053 5586 5821 5852 5994 5675 5376 6428 5980 5820 5868 5584 5745 6236 5720 5746 5587 5951 5599 6106 5713 6092 5751 5818 5774 6101 5491 6234 5685 5904 5649 5555 5379 5403 5981 5554 5772 5805 6198 6019 5767 6091 5757 6087 5745 5738 5666 5719 6124 5519 5727 5585 5485 5934 5886 5797 5971 5597 5813 6165 5685 5889 6208 5965 6109 5859 5634 5952 6063 5582 5732 5821 5996 5839 5496 6108 5719 5879 6016 5622 6033 5911 5773 5226 6237 5858 5889 5695 5575 5621 5654 5827 5873 6219 5392 5890 5775 6067 5919 5637 5934 5939 5467 5518 6016 5872 5734 5679 5772 5859 5549 5747 5836 6126 5289 5565 5741 5442 5577 5733 5815 5782 5958 5954 5588 5837
5516 5695 5542 6051 5298 5500 5532 5774 5952 6177 5668 5945 6274 5824 5811 5675 5315 5607 6003 5581 5850 6122 5760 6027 6054 5488 6141 6124 5652 5777 6045 6180 6040 5823 5617 5695 5624 5917 5899 5881 5809 6131 5948 5908 6153 5669 5913 5682 5475 5575 5838 5551 5507 6181 5676 5887 5922 5709 5641 6134 5787 5867 6420 5819 5813 6053 5818 5750 5645 6102 5598 5901 6127 5557 5781 5609 5726 5503 5999 5877 5291 6236 5924 5833 5723 5796 6003 6278 5865 6034 5737 5629 5485 5938 5781 6131 5373 5581 5458 6020 5586 6335 5737 6033 5782 5552 5431 5389 5748 5830 5682 5970 5943 5995 5768 6000 5835 5959 5908 5847 5693 5717 5984 5750 5919 5630 5799 5884 5788 5751 5875 5475 5786 6037 5788 5931 6058 6128 6079 6005 5652 6015 6164 5799 5395 5644 5763 5731 5601 5960 5681 5959 6083 5595 6150 6042 5820 5351 5950 5726 6031 5803 5745 5845 5711 5553 5782 6169 5334 5660 5416 5956 5956 5296 5833 5951 5787 5805 6048 5815 5635 5801 5828 6056 5725 5759 6108 5950 5450 5712 5582 5506 5538 5693 5896 5496 6021 6012 5621 5953
6055 6387 6305 6233 5922 6191 6051 6383 6639 7062 6364 6496 6528 6354 6363 6354 6455 6526 6539 6397 6488 6722 6287 6818 6659 6194 6691 6461 6171 6420 6543 6876 6614 6301 6461 6241 6382 6567 6723 6609 6452 6776 6275 6696 6831 6524 6648 6496 6532 6330 6568 6126 6265 6790 5968 6336 6850 6410 6301 6633 6593 6554 6629 6860 6724 6850 6528 6408 6490 6874 6495 6537 6796 6410 6441 6443 6308 6226 6962 6352 5875 6852 6692 6296 6410 6112 6512 6876 6580 6354 6194 6547 6177 6494 6396 6787 6186 6463 6337 6733 6146 6941 6299 6532 5924 6012 6094 5974 6486 6124 6571 6357 6716 6389 6545 6608 6134 6441 6454 6482 6353 6277 6648 6100 6129 6224 6365 6607 6502 6305 6590 5981 6303 6837 6173 6415 6917 6721 6996 6703 6356 6571 6730 6350 6096 6208 6454 6494 6126 6630 6322 6543 6683 6336 6599 6618 6497 5990 6863 6463 6125 6596 6099 6327 6285 6224 6489 6683 5732 6459 6137 6648 6422 6359 6583 6450 6267 6313 6660 6656 6343 6428 6302 6806 6543 6510 6729 6551 5880 6216 6060 6048 6185 6257 6583 6425 6666 6393 6053 6636
5754 5774 5964 5835 5436 5729 5655 5974 6136 6406 5904 6080 6508 5730 5787 6054 5786 5933 5945 6107 5730 6067 5730 6155 6054 5694 6371 5825 5732 6114 5586 6179 6489 5932 5947 5810 5676 5986 6349 5986 5892 6337 5819 5895 6401 5932 6180 5873 5857 5692 5682 5542 5937 6330 5779 6132 5883 5850 5752 6101 5986 6002 6266 6152 5832 6297 6216 5705 5831 6070 5829 6109 6231 5776 5868 5741 5798 5907 6163 6006 5619 6636 6018 5838 5871 5890 6128 6447 6078 6192 5571 6094 5532 6023 5635 6177 5753 5870 6017 6314 5563 6286 5841 5717 5338 5838 5560 5839 5900 5862 5958 5985 6263 6167 5957 6043 5947 6138 5862 6007 5664 5722 6131 5782 5777 5797 5853 5934 5845 5869 5803 5571 6030 6180 5855 6148 6567 6097 6411 6136 5968 5986 6339 5844 5774 5686 5974 5971 5930 6001 6073 6132 6160 5788 5867 5819 5959 5390 6044 5882 5967 5887 5795 5924 5831 5750 5919 6208 5533 6283 5665 6111 6009 5775 6018 6062 5810 5673 6281 5820 5897 5960 6193 6211 5842 6147 6367 5887 5446 5878 5765 5620 5708 5862 5987 5954 6042 6307 5775 6237
6129 6515 6416 6451 6193 6095 6265 6530 6809 7317 6441 6411 6903 6392 6370 6626 6683 6563 6637 6532 6410 6700 6284 6665 6510 6502 6926 6515 6150 6571 6450 6776 6687 6318 6356 6297 6530 6425 6620 6641 6452 6811 6407 6605 6877 6591 6518 6520 6414 6255 6202 6061 6402 6767 6268 6489 6848 6474 6231 6897 6544 6744 6970 6679 6574 6743 6560 6510 6540 6463 6173 6700 7005 6325 6548 6468 6617 6345 6920 6438 6048 7220 6584 6452 6547 6349 6500 6749 6642 6574 6382 6816 6295 6509 6501 6651 6264 6527 6259 6916 6305 6881 6321 6445 6319 5969 6257 6239 6484 6470 6537 6459 6631 6662 6577 6556 6586 6537 6717 6445 6410 6326 6678 6274 6202 6336 6496 6671 6454 6250 6469 6087 6758 6705 6129 6677 7184 6917 7073 6722 6377 6822 6895 6194 6226 6403 6841 6642 6240 6637 6377 6749 6661 6379 6804 6474 6515 5905 6621 6262 6424 6569 6516 6368 6555 6368 6485 6772 5997 6509 6271 6779 6774 6587 6543 6454 6332 6290 6728 6480 6644 6552 6481 6758 6111 6364 6941 6632 6032 6335 6592 6181 6290 6454 6622 6573 6461 6777 6035 6694
5992 5869 6151 6094 5788 6075 5645 6446 6264 6605 5726 6243 6372 6003 6010 6180 5967 6211 6138 6082 6051 6280 5916 6318 6241 5856 6466 6454 5871 6443 6127 6243 6589 6229 6255 6114 5870 6342 6188 6435 6002 6514 6196 6181 6653 6220 6425 6062 6312 5769 6074 5601 5935 6168 5919 6247 6443 6070 5925 6453 6103 6113 6477 6253 6266 6482 6294 6012 6274 6222 6132 6155 6468 6144 6405 6152 6059 6123 6430 6346 5936 6671 6481 5934 5844 6052 6087 6732 6334 6059 5775 6239 5979 6386 5877 6532 6019 6098 6114 6493 6010 6626 6295 6274 6000 5926 5886 5782 6284 5864 6305 6032 6520 6216 6215 6184 6103 6312 6315 6141 6119 6250 6421 5858 5931 6009 6234 6235 6174 5908 6277 5822 6216 6353 6013 6044 6802 6329 6421 6121 6023 6243 6276 6068 5718 6157 6106 6184 5822 6446 6031 6357 6230 5963 6327 6091 6002 5668 6321 6167 6302 6251 5976 5961 6236 6006 6066 6474 5676 6272 5934 6453 6161 5893 6225 6253 5925 5934 6460 6359 6309 6058 6303 6386 5999 6217 6210 6375 5578 5939 6018 5682 6201 5924 6238 5978 6229 6487 5951 6283
5830 6048 6048 5978 5855 5785 5632 6162 6212 6409 5981 6199 6333 5900 6182 6194 5763 6232 6118 6005 6157 6397 5857 6334 6404 5902 6294 6361 5957 6294 5887 6447 6447 5792 6106 6064 5953 6087 6145 6188 6162 6456 6110 6062 6446 6203 6150 6165 6087 5831 6100 5657 5921 6347 5617 6014 6324 6008 5785 6359 6186 6022 6310 6115 6016 6284 6185 5882 6141 6326 6023 6491 6697 6099 6068 6045 5954 6045 6459 6092 5701 6581 6405 6156 6261 5722 6231 6444 6289 6060 5803 6138 5618 6265 5835 6545 5719 6157 6058 6441 6012 6380 6292 6144 5791 5882 5645 5971 6128 6081 6217 6233 6502 6089 6089 6065 6041 6369 6496 6167 6064 6049 6280 5717 5713 5889 6168 6329 6139 5914 6203 5884 6140 6205 5930 6280 6567 6405 6689 6053 6205 6425 6210 5871 5770 5925 6257 6026 5728 6249 5903 6187 6136 5945 6427 6396 6020 5410 6363 5966 5981 5859 5827 5839 6017 5909 6324 6255 5703 6059 6187 6665 6136 5819 6394 6011 5924 6039 6457 6017 6036 6305 6109 6445 6021 6287 6350 6165 5515 5776 5832 5799 5971 5890 6214 5988 6218 6363 5905 6235
5447 5244 5534 5378 5007 5050 5304 5624 5699 5774 5426 5441 5983 5286 5499 5511 5419 5311 5788 5545 5610 5441 5201 5565 5661 5273 5779 5430 5261 5610 5346 5619 5829 5508 5524 5467 5099 5535 5725 5554 5548 5494 5309 5605 5823 5699 5547 5328 5615 5184 5549 5116 5518 5784 5392 5491 5346 5431 5140 5772 5565 5663 5738 5604 5592 5560 5379 5467 5571 5641 5306 5705 5970 5439 5740 5455 5503 5213 5891 5294 5163 6116 5717 5318 5313 5264 5564 5715 5715 5625 5386 5681 5153 5529 5454 5628 5410 5457 5411 5536 5285 6123 5374 5443 5239 5385 5051 5152 5398 5419 5622 5625 5511 5518 5459 5427 5566 5600 5666 5291 5187 5691 5878 5229 5229 5338 5146 5795 5546 5483 5844 5191 5787 5960 5401 5460 5730 5610 5891 5773 5322 5589 5828 5361 5425 5513 5523 5492 5344 5539 5550 5596 5538 5301 5504 5659 5374 4789 5925 5622 5671 5717 5468 5366 5526 5195 5514 6102 5110 5673 5207 5657 5620 5437 5787 5704 5469 5189 5535 5376 5423 5183 5700 5690 5280 5680 5491 5818 5191 5370 5345 5274 5233 5511 5483 5426 5497 5593 5264 5562
5512 5816 5900 5728 5606 5676 5450 5894 6119 6301 5934 6015 6071 5706 5736 6013 5675 5924 6010 5820 5985 6038 5678 6160 6065 5791 6127 6088 5495 6070 5721 6296 6395 5709 5975 5963 5702 5933 6063 5844 5801 6214 5931 6024 6293 5658 6177 5857 5803 5445 5772 5296 5961 5992 5721 5881 6212 5850 5616 6133 5841 5810 6481 6177 5881 6237 5972 5734 5797 5843 5798 5969 6164 5796 5809 5733 5918 5818 6157 5714 5501 6177 6198 5942 5964 5837 5852 6227 5994 5729 5499 6174 5687 5962 5410 6313 5703 5789 5666 6238 5547 6558 5854 5809 5634 5485 5890 5544 6227 5591 6019 5825 6188 6007 5976 6068 5659 5752 6165 5776 5609 5738 6072 5666 5638 5587 5667 6214 6004 5912 5742 5663 5776 6064 5655 5818 6211 6131 6558 6014 5704 5979 5958 5667 5890 5712 6024 5758 5580 6067 5870 6182 6001 5755 5893 5988 5791 5393 6138 5878 5976 5937 5950 5702 5743 5580 5686 6006 5519 5947 5858 6335 5992 5810 6001 5985 5661 5799 6225 6051 5797 5844 5855 6265 6088 5961 5917 5957 5476 5634 5734 5439 5731 5603 6035 5729 6044 6296 5625 6200
6184 6279 6267 6495 5963 6033 6072 6392 6733 6958 6398 6638 6752 6372 6335 6743 6108 6495 6674 6610 6481 6404 6239 6732 6669 6299 6721 6785 5974 6513 6532 6490 6730 6322 6501 6307 6238 6379 6334 6641 6474 6835 6318 6713 6809 6378 6514 6580 6220 5911 6376 5995 6087 6677 6222 6654 6563 6234 5909 6989 6221 6526 6771 6493 6435 6610 6384 6301 6474 6573 6354 6697 6741 6175 6565 6606 6459 6213 6613 6329 5765 6741 6476 6521 6462 6212 6520 6854 6584 6453 6299 6520 6214 6750 6062 6803 6071 6400 6242 6664 6053 7032 6275 6709 6255 6082 6179 6103 6718 6225 6612 6506 6833 6674 6532 6469 6328 6496 6647 6415 6305 6322 6645 6208 6162 6017 6253 6662 6642 6432 6772 6154 6601 6727 6253 6630 6988 6638 6846 6613 6161 6703 6691 6246 5987 6167 6477 6433 6235 6940 6373 6678 6524 6347 6591 6698 6472 5756 6642 6349 6524 6397 6306 6150 6337 6159 6454 6736 5923 6430 6195 6726 6524 5966 6372 6251 6173 6244 6713 6485 6156 6607 6566 6632 6407 6398 6471 6643 6176 6303 6402 5957 6146 6383 6627 6376 6312 6608 5986 6379
6033 6118 6185 6212 5823 6072 6143 6328 6386 6674 6002 6357 6605 6206 6438 6181 6132 6306 6461 6394 6328 6343 6213 6470 6397 6120 6651 6264 6085 6320 6223 6338 6717 6009 6112 6304 6334 6484 6227 6525 6299 6692 6303 6408 6742 6407 6450 6247 6156 5904 6056 5895 6166 6597 6094 6521 6474 6129 6114 6513 6199 6435 6454 6381 6100 6747 6412 6378 6373 6381 6213 6544 6802 5914 6201 6247 6377 6023 6767 6213 5835 6539 6375 6457 6015 5896 6432 6793 6543 6113 6206 6395 6183 6472 5977 6603 6168 6098 6322 6398 5889 6923 6327 6425 5910 5863 6041 6047 6315 6000 6232 6344 6521 6379 6278 6578 6204 6369 6553 6158 6164 6260 6658 5909 6101 6144 5953 6406 6410 6280 6133 5984 6525 6434 6264 6364 6670 6528 6704 6604 6065 6453 6519 6292 6103 6173 6383 6339 6123 6367 6247 6377 6457 6037 6307 6596 6148 5728 6603 6468 6171 6323 6109 6156 6091 6115 6288 6439 5677 6222 6042 6688 6638 6045 6360 6363 6188 6108 6704 6270 6316 6084 6156 6328 6235 6324 6719 6176 5796 6016 6215 6008 5936 6251 6330 5955 6447 6757 5965 6353
5647 5725 5766 5762 5413 5620 5597 5761 5732 6185 5542 5570 6322 5703 5822 5912 5670 5663 6074 5882 5688 5861 5530 6032 6070 5672 6174 5862 5445 5650 5691 6091 6248 5751 5791 5895 5400 5720 5765 6050 5576 5911 5664 5788 6339 5826 5993 5919 5659 5559 5884 5633 5726 5965 5669 5873 5815 5703 5485 6086 5727 5997 6212 5879 5648 5959 5737 5746 5951 5965 5699 5798 5946 5683 5805 5755 5448 5662 6096 5715 5393 6057 5780 5737 5722 5847 5971 6098 5927 5709 5765 5876 5530 5770 5866 6165 5411 5730 5814 5973 5353 6444 5871 5865 5796 5603 5573 5367 5908 5479 5616 5776 6049 5881 5709 5852 5872 5877 5835 5709 5499 5496 6177 5620 5544 5740 5615 6024 5913 5710 5988 5449 5831 5988 5676 5756 6061 6246 6173 5861 5667 5977 6179 5745 5674 5728 6039 5715 5608 6094 5760 6115 6036 5729 5868 6004 5859 5388 5996 5962 5764 5837 5676 5573 5699 5578 5713 6094 5408 5746 5613 6096 6175 5596 5994 5851 5477 5806 6105 5920 5758 5784 5763 6043 5710 5834 6014 5794 5270 5733 5606 5261 5475 5572 5965 5663 5723 5758 5987 5785
5727 6157 5847 6099 5634 5760 5765 6313 6161 6645 5773 5900 6442 6044 6182 5960 5997 6213 6185 5910 6018 6283 5785 6447 6255 5871 6405 6136 5781 6206 5947 6371 6260 6008 5931 5844 5739 6183 6131 6269 6005 6164 5666 6031 6463 6064 6209 5851 5962 5985 6153 5761 5860 6473 5757 6037 6149 5956 5667 6289 6118 5964 6378 6228 5799 6447 6120 6006 6019 6323 5914 6206 6373 5910 5860 6056 5939 5586 6483 6152 5621 6669 6235 5852 6191 6040 6260 6401 6007 6004 5788 6035 5827 6307 5836 6397 5756 5942 6031 6193 5916 6497 5951 6012 5862 5730 5628 5677 5874 5954 6017 6099 6372 6216 6185 6291 6262 6098 6103 6053 5719 6019 6156 5945 5827 5941 5874 6247 6174 5782 6159 5772 6166 6448 6008 6104 6428 6319 6433 6152 6069 6176 6354 5865 5894 5873 5801 5967 5830 6132 6042 6281 6204 5878 6100 6330 6260 5475 6143 5843 6079 6080 5903 5893 5993 5672 6137 6428 5456 5954 5683 6331 6177 5747 6139 6233 5887 6111 6246 6194 5797 5964 6057 6564 5918 5975 6090 6065 5711 5752 5669 5790 5678 5779 6104 5898 6120 6349 5792 6335
5957 5953 6211 6128 5904 5981 5820 6515 6423 6821 6019 6141 6637 5899 6397 6272 6034 6432 6242 6295 6125 6450 6151 6455 6215 6160 6607 6188 5855 6496 6092 6563 6611 6050 6132 6034 6265 6319 6280 6367 6367 6317 5930 6111 6570 6374 6433 6072 6285 5846 6111 5947 6222 6487 5952 6359 6533 6140 5937 6450 6198 6160 6349 6181 6485 6197 6093 5973 6421 6363 6145 6391 6613 5992 6446 6060 6317 6025 6514 6032 5968 6720 6397 6074 6064 6002 6298 6548 6557 6122 5822 6204 5870 6272 6012 6736 6135 6165 6012 6430 6093 6838 6096 6338 6014 5846 5637 5833 6351 5967 6098 6086 6366 6335 6208 6513 6162 6401 6202 6114 6068 6302 6439 5983 6007 5968 5995 6487 6393 5995 6305 5961 6425 6374 6091 6284 6731 6510 6453 6364 6330 6605 6508 5954 5914 5875 6137 6318 5864 6556 6309 6049 6175 6121 6211 6305 6220 5638 6639 6321 6427 6433 6210 6126 5909 6019 6198 6391 5769 6403 6074 6567 6414 5972 6203 6229 5931 6021 6659 6200 6475 6228 6320 6445 5939 6257 6518 6426 5916 5865 6030 5909 6039 6101 6400 6174 6362 6295 5961 6432
5505 5571 5558 5836 5636 5561 5461 6191 5889 6236 5628 5662 6104 5750 5794 5893 5782 6011 5994 5644 5712 6103 5872 6019 6014 5596 5890 6077 5682 6002 5486 5815 6351 5904 5594 5623 5764 5868 5865 5836 5863 6101 5689 5832 6193 5952 6080 5906 6030 5513 5663 5317 5693 5894 5603 5689 5987 5876 5618 5879 5925 5788 5911 6081 5825 6041 5753 5846 5838 5998 5548 6195 6203 5304 5984 5814 5666 5751 6246 5834 5316 6308 6094 5823 5641 5709 5789 6173 5897 5801 5573 5814 5663 6077 5545 5892 5720 5851 5748 6137 5494 6321 5719 5901 5743 5448 5442 5316 5906 5723 5851 5928 6016 5733 5984 5772 5739 5739 5953 5856 5614 5766 6015 5651 5533 5636 5864 6084 5932 5884 5960 5692 5984 6080 5822 5718 6324 6074 6319 5723 5778 6054 5916 5654 5538 5839 5928 5872 5627 5828 5625 6019 5980 5521 5998 6037 5649 5232 6005 5650 5613 5755 5659 5671 5798 5685 6050 6049 5219 5688 5434 6074 5998 5719 6010 5829 5504 5691 6219 5962 5778 5819 5860 6129 5627 5620 5893 5899 5505 5723 5662 5375 5494 5573 5974 6016 5691 6192 5610 5950
5322 5531 5594 5749 5399 5424 5375 5860 5981 6023 5752 5828 6114 5757 5799 5810 5693 5726 5967 5796 5738 5768 5517 5687 5978 5421 6204 5805 5615 5750 5637 5903 6128 5565 5612 5620 5509 5832 5901 5950 5533 6011 5730 6035 6109 5540 5719 5497 5711 5455 5794 5186 5557 5947 5603 5850 5901 5497 5308 6164 5799 5621 5948 5893 5668 6116 5658 5797 5542 5932 5581 5701 6110 5445 5773 5414 5562 5637 6070 5918 5245 6300 5966 5769 5630 5561 5764 6046 5738 5720 5801 5729 5386 5691 5618 5947 5550 5438 5678 6031 5560 6387 5576 5692 5620 5625 5409 5303 5879 5617 5614 5815 5697 5853 5810 5730 5785 5804 5773 5818 5520 5603 5740 5449 5842 5661 5580 6070 5835 5587 5678 5492 5596 6273 5745 5580 6351 6008 6193 6006 5672 6080 6182 5603 5672 5902 5578 5742 5322 5729 5786 5800 6038 5767 6021 5997 5611 5159 6143 5778 5827 5634 5663 5500 5937 5523 5760 6077 5325 5778 5383 5947 5719 5649 5861 5986 5805 5725 5999 6013 5790 5466 5823 5750 5442 5723 5959 5918 5506 5544 5442 5302 5449 5723 5841 5638 5729 5993 5539 5729
5838 5444 5558 5614 5558 5666 5158 5804 5803 6069 5691 5659 6195 5798 5850 5796 5474 5707 6011 5714 5938 5784 5502 5881 5772 5576 6211 5900 5316 5986 5632 5616 6160 5887 5779 5675 5597 5922 5764 5814 5793 5999 5900 5603 5990 5936 5932 5636 5696 5391 5622 5292 5953 6150 5390 5868 5884 5667 5594 5742 5722 6002 6281 5949 5866 5975 5746 5549 5606 6000 5615 5875 6116 5733 5843 5823 5616 5596 6120 5687 5490 5913 6052 5566 5698 5786 5749 6118 5847 5811 5691 5892 5571 5913 5640 6060 5738 5659 5546 6089 5371 6534 5544 5920 5581 5349 5452 5582 5844 5624 5883 5911 6079 5816 5844 6032 5570 6192 5987 5546 5415 5632 6029 5635 5490 5680 5546 6016 5692 5654 5985 5421 5807 6214 5471 5884 6197 5921 6126 5969 5770 6090 6142 5661 5682 5517 5687 5885 5421 5779 5759 6028 5936 5697 5616 6152 5727 5181 6217 5841 5996 5838 5740 5729 5767 5600 5514 6057 5028 5900 5323 5980 5713 5823 5988 5872 5431 5692 6105 5881 5613 5643 5705 6142 5501 5833 5926 5908 5373 5454 5657 5326 5529 5518 5855 5857 5964 6051 5432 5918
5668 5930 5836 6151 5692 5777 5712 5869 6277 6605 5932 5836 6372 5663 6030 6104 5899 6144 6181 6040 5922 5891 5976 6315 6182 5910 6335 6065 5922 6024 6110 6269 6154 5732 5948 5931 5839 5948 6135 6215 6230 6433 6008 5963 6300 6082 6103 6080 6082 5780 6139 5647 5994 6511 6048 5893 6043 5931 5626 6347 5974 6033 6160 6377 6184 6142 6084 5954 6165 6225 6068 6086 6490 5753 6268 6029 6146 5762 6513 6012 5628 6429 6161 5989 6013 5862 6232 6436 6288 6066 5992 6060 5791 6160 5895 6301 5946 6045 6019 6275 5676 6690 5994 6161 5914 5528 5825 5859 6006 5902 6055 6038 6253 6102 6016 6219 5772 6159 6093 5879 5930 6102 6346 5803 5723 5928 5766 5996 5851 5921 5996 5430 6247 6327 5811 6285 6611 6208 6443 6136 6113 6196 6251 5789 5879 5704 5920 6050 5841 6180 6061 6387 6188 5852 6205 6393 6060 5331 6259 5961 6250 6020 5991 5891 6027 5940 5996 6295 5598 6121 5962 6316 6201 5882 6013 6064 5844 5919 6454 6107 6239 5737 5865 6367 6017 5977 6240 6202 5594 6028 5879 5716 5913 5994 5940 5930 6113 6113 5914 6155
5459 5721 5805 5652 5366 5727 5509 5740 5745 6158 5516 5895 6294 5516 5444 6014 5507 5777 5960 5756 5816 5741 5556 6022 5870 5505 6207 5668 5444 5933 5687 5878 6162 5689 5752 5797 5478 5596 5938 5777 5969 6083 5751 5605 6238 5716 5730 5672 5726 5335 5695 5330 5631 5866 5425 5882 6038 5823 5470 5922 5657 5866 6404 5861 5748 5728 5863 5566 5693 6030 5719 5841 5939 5612 5853 5754 5843 5379 6094 5415 5275 6271 5762 5769 5622 5658 5967 5785 5908 5699 5431 5698 5399 5725 5370 6061 5671 5693 5595 6068 5414 6274 5475 5643 5474 5337 5506 5318 6050 5560 5894 6051 6148 5642 5809 5710 5600 5896 6056 5691 5358 5908 5974 5495 5480 5581 5592 5823 5756 5705 5952 5162 6079 5985 5578 5752 6436 5730 6118 5812 5705 6035 5908 5643 5469 5545 5965 5834 5478 5904 5714 5808 5850 5729 5906 5932 5578 5246 5980 5657 5998 6019 5732 5863 5597 5508 5539 5912 5334 5874 5678 6024 5877 5566 5881 5826 5473 5656 5882 5604 5724 5625 5744 5661 5608 5752 6044 5950 5405 5508 5816 5466 5569 5771 5627 5464 5712 5810 5562 5879
5992 6147 5871 6045 5826 5816 5714 6126 6141 6429 6073 6055 6762 5976 6021 6126 6019 6202 6227 5966 6210 6147 5835 6290 6206 5450 6397 6002 5590 6284 6059 6202 6656 5870 6137 5983 5668 6003 6262 6353 6321 6398 5849 6014 6277 6161 6055 6058 5974 5741 6092 5872 6041 6254 5870 6049 6151 6203 5752 6262 6173 6210 6318 6249 6136 6225 6235 5852 6102 6166 6039 6322 6594 5891 6148 6187 6086 5898 6431 5843 5647 6660 6096 6048 5961 5972 6305 6344 6351 6155 5880 6346 5869 6015 5733 6408 5883 6309 6111 6280 5862 6763 6072 6104 5829 5789 5750 5792 6297 5737 6048 6026 6414 6162 6337 6131 6076 6088 6474 6072 5774 5825 6162 5922 5751 5872 6215 6402 6038 6154 6060 5555 6108 6131 5838 6110 6607 6192 6517 6413 5866 6273 6354 5781 5771 5858 6029 5891 5834 6081 6160 6541 6351 5800 6195 6041 5817 5529 6326 6117 6042 6190 6026 6074 6162 5941 5882 6296 5474 5875 5743 6468 6209 5877 6486 5899 5824 6054 6129 6146 6205 6368 6072 6260 6021 6245 6105 6099 5748 5986 5908 5618 5907 6065 5851 5845 6169 6273 6035 6105
5855 6066 5938 6385 5743 5837 5934 6214 6485 6899 5969 6254 6472 6004 6177 6383 5987 6272 6390 6370 6041 6579 6126 6322 6547 5879 6675 6487 5915 6437 6030 6483 6466 6166 6273 5938 6111 6521 6171 6275 6156 6590 6347 6326 6818 6092 6405 6385 6423 5906 6202 5823 6018 6647 5865 6377 6410 6143 5946 6594 6352 6532 6400 6280 6252 6417 6370 6065 6358 6517 6014 6490 6667 6111 6395 6358 6075 6210 6634 6240 5828 6638 6574 6134 6280 5913 6286 6795 6357 6134 5996 6397 5883 6408 6203 6381 5920 6264 6317 6618 6143 6701 6189 6316 5992 5886 5987 5911 6271 6217 6421 6362 6687 6378 6306 6477 5961 6338 6528 6346 6017 6147 6666 5899 5886 5960 6108 6498 6298 6057 6294 5826 6087 6470 6033 6446 6763 6509 6681 6356 6183 6595 6612 6031 6035 6032 6315 6230 5832 6321 6088 6459 6556 5953 6553 6474 6229 5809 6315 6032 6223 6057 6130 6089 6196 5917 6201 6399 5888 6229 6014 6455 6253 6152 6563 6341 6169 5930 6671 6267 6207 6282 6123 6728 6136 6063 6528 6344 5799 5984 6189 5853 6195 6115 6338 6210 6185 6476 5836 6355
5372 5501 5471 5560 5246 5397 5330 5485 5760 6071 5481 5530 6149 5581 5484 5707 5577 5765 5702 5694 5354 5789 5462 5794 5640 5581 6114 5767 5291 5754 5604 5959 5919 5644 5552 5478 5489 5607 5784 5836 5457 5861 5718 5569 6134 5642 5737 5509 5560 5409 5586 5316 5452 5640 5573 5578 5695 5771 5459 5766 5590 5932 6048 5842 5684 5971 5920 5584 5662 5716 5488 5917 6132 5372 5552 5789 5538 5640 5989 5653 5265 6253 5614 5687 5556 5536 5747 5895 6063 5548 5462 5980 5527 5685 5472 5870 5520 5730 5643 5881 5409 5992 5361 5801 5534 5262 5433 5189 5919 5698 5593 5459 5870 5834 5778 5776 5585 5727 5647 5829 5433 5482 5846 5457 5418 5493 5419 5784 5517 5421 5606 5375 5715 5661 5447 5702 6249 5875 6120 5868 5724 5912 5931 5506 5463 5318 5805 5660 5518 5876 5654 5530 5770 5700 5723 5707 5784 5338 5720 5557 5655 5489 5502 5871 5663 5438 5525 5936 5202 5809 5452 5761 5726 5429 5955 5786 5735 5546 5909 5708 5758 5706 5675 5851 5416 5616 5926 5562 5244 5382 5652 5309 5474 5524 5752 5490 5774 5889 5350 5774
5543 5786 5890 5770 5204 5743 5636 5705 6256 6401 5572 5936 6231 5749 5843 5990 5886 5735 5936 6029 5951 6126 5735 6046 5769 5800 6077 5944 5826 5946 5872 6015 6459 5832 5899 5707 5624 6095 6148 5812 5816 6134 5735 6042 6218 5879 6086 5944 5806 5793 6000 5496 5841 6245 5721 5808 5871 5674 5373 5957 5816 5913 6152 5756 5846 6069 5890 5906 5593 5852 5606 5877 6159 5583 5944 5778 5805 5620 6064 6061 5369 6247 5915 6034 5875 5533 5779 6123 5976 5664 5922 5876 5491 5715 5722 6220 5757 5828 5779 6188 5653 6425 5797 5983 5622 5715 5554 5578 5833 5624 6012 5835 6062 5965 5813 6032 5944 6057 5960 5862 5748 5877 6005 5636 5852 5992 5807 6002 5752 5644 5897 5621 5890 6087 5930 6074 6382 6285 6331 6054 5652 6342 6152 5768 5609 5885 5967 5900 5704 6227 5589 6025 6161 5698 6049 6212 5751 5370 6183 5837 5701 5683 5852 5498 5946 5555 5714 6059 5449 5963 5594 6068 5893 5619 5958 5882 5718 5624 6085 6069 5908 5753 5916 6396 5729 5934 6060 5830 5543 5670 5594 5561 5758 5792 5846 5955 5730 5928 5443 5858
5825 5882 6045 6039 5628 5872 5871 6233 5989 6590 5924 6072 6467 5855 6128 6023 5908 6055 6343 6046 6148 6246 5899 6327 6225 5721 6560 6196 5769 6187 5903 6423 6727 5931 6160 6093 5859 6220 6284 6169 6060 6297 5933 6208 6422 6089 6167 6136 6236 5596 6003 5798 6132 6358 5595 6233 6279 6011 5461 6224 6040 6189 6261 6025 5987 6201 5971 5957 6086 6046 5826 6041 6130 5772 5996 5996 5794 5908 6326 6061 5414 6511 6415 6019 5981 6057 6235 6250 6167 6100 5964 6041 5934 6074 5767 6602 5919 6183 6044 6203 5729 6644 6115 6346 5642 5852 5727 5853 5996 5847 5971 5906 6253 6039 6239 6299 5965 6074 6428 6106 6111 5747 6364 5663 5887 5863 5988 6200 6220 5836 6076 5586 6103 6288 5655 6083 6583 6267 6385 6441 5880 6324 6349 6036 5714 5964 6300 6164 5693 6262 6093 6306 5975 6050 6189 6304 5799 5553 6321 6280 5948 6129 5898 5997 5992 5758 5980 6278 5470 5935 5990 6361 6366 5920 6298 5952 5864 5975 6353 6224 6142 6083 6199 6341 5845 6245 6283 6156 5660 5992 5813 5589 6100 5962 6156 6085 6245 6330 5973 6401
6455 6467 6788 6568 6081 6245 6373 6721 6839 7145 6307 6560 7216 6644 6554 6951 6407 6476 6757 6705 6703 6872 6443 6773 6736 6231 7004 6826 6319 6708 6599 6918 7154 6559 6592 6599 6389 6864 6661 6856 6801 7006 6709 6435 7065 6564 6743 6507 6656 6415 6533 6280 6552 6774 6346 6784 6701 6577 6276 6945 6674 6829 6928 6724 6601 6893 6503 6352 6553 6880 6480 6759 6878 6524 6745 6853 6746 6519 6897 6601 6062 7201 6732 6763 6759 6712 6687 6944 6945 6609 6400 6711 6311 6519 6414 6929 6414 6708 6527 6789 6588 7170 6357 7039 6359 6251 6216 6241 6745 6484 6590 6723 6769 6727 6591 6677 6728 6767 6928 6465 6510 6741 6959 6399 6350 6280 6365 6763 6550 6403 6561 6297 6785 7029 6378 6466 7299 6913 7036 6938 6538 7165 6947 6415 6370 6303 6788 6551 6287 6739 6534 6754 6782 6514 6689 6890 6558 6067 6768 6728 6809 6742 6299 6541 6647 6167 6310 7076 6156 6536 6328 6843 6720 6388 6906 6865 6313 6601 6856 6818 6671 6683 6646 7026 6661 6549 6877 6729 6259 6251 6288 6299 6532 6334 6665 6385 6856 6893 6483 6794
5795 5891 5913 5924 5658 5634 5706 5970 6044 6508 5940 5862 6256 5736 5792 5965 5502 5816 5984 6155 6102 6024 5842 6176 6106 5785 6268 5943 5827 6125 5880 6084 6149 5923 5992 5866 5616 5852 6065 6095 5960 6097 5923 6255 6440 5703 5989 5802 5927 5752 5946 5454 5912 6206 5801 5983 6187 6012 5583 6244 5974 5816 6359 6095 5806 6045 5988 5854 5906 6001 5680 6060 6204 5732 5910 6133 5905 5836 6049 5960 5526 6454 6151 5996 5904 5953 6055 6328 5906 6141 5875 5877 5672 6223 5605 6383 5762 5868 5772 6312 5662 6386 5671 6030 5921 5898 5701 5692 5985 5826 6082 6133 6213 5939 5834 6177 5842 5976 5868 5750 5772 5878 5960 5873 5744 5617 5872 5974 6006 5753 5771 5580 6081 6115 5685 5929 6494 6261 6231 5953 5822 6217 6233 5846 5892 5730 5956 5996 5516 6123 5962 6045 6113 5984 6426 6085 5851 5563 6349 5718 5959 6004 5999 5720 5680 5630 6257 6186 5515 5914 5799 6160 6089 5727 6114 6115 5940 5875 6263 6005 6007 5978 6116 6227 5719 5946 6267 6210 5563 5684 5872 5635 5704 5739 6035 5993 5907 6343 5724 6134
6296 6457 6490 6454 6132 6262 6536 6606 6848 7390 6514 6526 7169 6400 6692 6841 6605 6875 6572 6614 6683 6689 6388 6913 6581 6526 6943 6706 6123 6602 6681 6866 7039 6598 6602 6614 6318 6649 6686 6555 6500 6951 6550 6600 7033 6785 6728 6424 6641 6276 6606 6300 6778 6829 6628 6481 6755 6687 6397 6777 6680 6603 7006 6726 6964 6932 6788 6343 6766 6790 6375 6891 7113 6438 6691 6779 6660 6356 6974 6554 6394 7165 6764 6658 6394 6552 6803 7033 6782 6451 6307 6850 6342 6691 6375 7083 6511 6540 6232 6838 6342 6975 6268 6582 6469 6271 6406 6172 6575 6494 6764 6620 6989 7026 6668 6786 6477 6531 6650 6490 6256 6764 6900 6491 6353 6376 6670 6585 6787 6573 6566 6101 6590 6754 6567 6580 7209 6925 6991 6698 6585 6887 6886 6455 6376 6303 6842 6625 6390 6896 6757 6824 7041 6352 6685 6652 6754 6062 6890 6643 6683 6762 6378 6511 6361 6372 6569 6863 6016 6846 6313 6697 6687 6302 7044 6847 6351 6368 6989 6793 6726 6578 6597 6868 6410 6599 6677 6892 6358 6488 6572 6219 6381 6643 6526 6419 6786 6793 6427 6646
5787 6104 5931 6109 5670 5841 5774 6078 6127 6478 5747 6108 6357 6017 6214 6064 5947 6214 6142 5997 5859 6289 5825 6242 6316 5686 6567 5999 5679 6173 5881 6295 6492 6039 6018 5868 5652 6290 6278 6258 5988 6320 5886 6071 6518 6133 6279 6150 6206 5655 5854 5713 5984 6157 5769 6002 6408 6072 5843 6205 6140 6219 6362 6015 5919 6202 6034 6027 6148 6110 6028 6236 6366 5952 6063 6071 5989 5943 6360 5978 5573 6681 6305 5916 5887 6040 5978 6357 6215 6030 5660 6181 5646 6035 5877 6246 5843 5965 5938 6137 5867 6680 5933 5836 5862 5633 5678 5648 6165 5865 5854 5943 6343 6014 6137 6279 5844 6159 6183 5829 5852 5834 6024 5816 5544 5841 6010 6360 6174 5846 6088 5675 6111 6355 5851 6052 6550 6298 6290 6235 6003 6220 6392 5864 5920 6078 5998 5909 5894 6027 5780 6022 6072 5811 6069 5960 6042 5638 6281 5989 5973 5926 5781 5899 5767 5872 5882 6264 5713 5908 5726 6488 6105 5867 6180 6203 5829 6041 6271 5967 6156 6004 5984 6369 5791 6009 6201 6237 5780 5810 6102 5687 5930 5870 6107 5934 6134 6339 5606 6178
5405 5604 5696 5727 5292 5217 5050 5784 5743 6050 5504 5666 5890 5483 5517 5679 5409 5760 5943 5613 5762 5786 5632 5974 5775 5318 6129 5967 5474 5750 5595 5759 5994 5628 5431 5483 5576 5651 5768 5723 5721 5836 5520 5547 5995 5613 5484 5658 5593 5272 5277 5279 5605 5780 5320 5865 5633 5494 5328 6130 5507 5588 5780 5682 5511 5633 5386 5506 5693 5705 5726 5829 6036 5442 5675 5692 5519 5503 5708 5701 5121 6033 5977 5381 5596 5609 5601 6046 5779 5660 5433 5817 5351 5526 5346 5946 5175 5769 5639 6111 5720 6199 5573 5658 5384 5759 5271 5505 5710 5715 5706 5748 5696 5742 5557 5833 5397 5578 5978 5481 5418 5431 5929 5363 5304 5564 5487 5907 5649 5465 5536 5282 5639 5968 5432 5798 6027 5922 6101 5758 5430 5908 5549 5495 5304 5552 5744 5639 5248 5566 5677 5835 5434 5830 5737 5796 5670 5127 5916 5542 5756 5690 5636 5447 5462 5282 5575 5927 5292 5635 5504 5923 5704 5388 5774 5616 5506 5540 6058 5782 5597 5634 5738 5833 5419 5593 5755 5935 5390 5422 5474 5263 5402 5667 5875 5476 5671 5869 5496 5901
5497 5558 5705 5716 5482 5819 5396 5904 5939 6328 5760 5972 6210 5873 5782 5776 5919 6001 6024 6105 5912 6075 5562 5912 5714 5853 6069 5896 5730 5926 5800 5850 6094 5592 5610 5867 5753 6072 5792 6075 5885 6279 5746 5961 6330 5811 5916 5719 5532 5537 5606 5529 5660 6141 5624 5961 5967 5863 5740 6009 5641 5891 6354 5845 5935 5909 5920 5783 5809 6032 5655 5957 5984 5539 5900 5805 5947 5646 6137 5792 5506 6157 5804 5847 5681 5779 5757 6182 6143 5735 5548 6058 5627 6160 5654 6171 5592 5882 5645 6124 5611 6245 6031 6123 5645 5490 5619 5499 5879 5707 5854 5930 6002 5822 5899 5963 5715 5915 6034 5770 5694 5772 6124 5787 5464 5830 5635 6000 5614 5846 5790 5501 6020 6018 5617 5821 6466 6139 6172 5870 5669 6049 6320 5884 5443 5665 6090 6056 5646 6136 5517 5985 5939 5915 5900 5969 5890 5155 6124 5784 5978 5834 5753 5704 5738 5817 5461 6165 5479 5838 5724 6191 5945 5742 5851 6061 5328 5644 6222 5856 5938 5777 5791 5869 5512 5728 6402 6101 5521 5784 5777 5496 5611 5911 5810 5584 5852 6096 5607 6063
5525 5525 5707 5386 5107 5383 5355 5610 5745 5998 5428 5567 6031 5507 5845 5702 5415 5634 5986 5568 5602 5783 5388 5879 5724 5506 5841 5750 5569 5711 5553 5722 6065 5875 5660 5525 5409 5549 5674 5720 5344 5869 5576 5613 6113 5897 5844 5656 5737 5387 5651 5387 5733 5829 5646 5747 5754 5749 5271 5781 5847 5940 5776 5755 5573 5668 5774 5462 5801 5838 5377 5780 5753 5700 5816 5647 5693 5473 6005 5843 5456 5890 5862 5506 5536 5417 5603 5981 5764 5688 5405 5603 5582 5722 5605 6000 5551 5781 5770 5736 5554 6185 5627 5742 5348 5347 5190 5522 5569 5432 5681 5446 5676 5709 5623 5685 5927 5745 5852 5701 5583 5528 6056 5404 5458 5623 5680 5904 5462 5474 5730 5450 5820 5947 5629 5802 6094 6005 6007 5933 5743 5830 5925 5716 5219 5519 5837 5777 5302 5910 5584 5936 5705 5470 5645 5718 5660 5280 5785 5764 5741 5662 5363 5612 5575 5360 5540 6051 5159 5744 5457 5988 5556 5543 5861 5887 5581 5526 6109 5812 5728 5436 5927 5974 5498 5805 5689 5744 5127 5438 5372 5074 5514 5432 5869 5716 5780 5913 5480 5643
5383 5467 5581 5644 5256 5253 5307 5540 5754 6029 5473 5666 5802 5599 5713 5807 5383 5638 5773 5657 5810 5943 5566 6016 5767 5412 5872 5806 5536 5895 5787 5685 6165 5582 5615 5426 5341 5759 5952 5643 5715 5813 5862 5803 6154 5657 5582 5472 5682 5703 5635 5197 5759 5970 5411 5812 5790 5578 5252 5904 5726 5883 5930 5940 5557 5841 5856 5551 5922 5840 5657 5753 5935 5577 5733 5638 5711 5650 6040 5697 5152 6036 5941 5692 5665 5515 5656 5984 5902 5671 5562 5663 5277 5969 5635 5855 5449 5759 5667 6057 5397 6200 5752 5899 5520 5274 5074 5615 5641 5460 5860 5619 5954 5841 5713 5747 5638 5825 5819 5688 5455 5708 5932 5459 5493 5361 5634 5970 5601 5359 5845 5605 5725 6064 5559 5688 6073 5948 6205 5856 5595 6071 5937 5501 5319 5535 5724 5647 5452 5865 5515 5738 5607 5543 5711 5843 5591 5388 5923 5580 5898 5775 5378 5545 5645 5487 5497 5963 5312 5648 5755 5948 5853 5406 5812 5802 5482 5396 5974 5929 5768 5778 5780 5772 5659 5708 5919 5942 5491 5635 5505 5486 5573 5472 5698 5454 5821 5973 5545 5789
5425 5539 5874 5779 5573 5552 5755 6050 6048 6314 5777 5860 6035 5801 5704 5938 5676 5835 5817 5901 5860 6128 5677 6039 5836 5751 6154 5951 5583 6017 5844 6071 6124 5642 5938 5595 5736 5716 6251 5964 5907 6059 5810 5792 6136 5808 5785 5779 5734 5593 5901 5474 5754 6026 5652 5992 6074 5789 5591 6253 6136 5993 6200 6103 6040 5912 5741 5980 6125 6072 5828 6171 6301 5676 6027 5974 5751 5536 6192 5964 5449 6346 5826 5599 5889 5812 6105 6379 6271 6040 5556 6034 5726 5906 5488 6044 5705 6007 5871 5930 5782 6299 5785 5853 5739 5627 5539 5482 5985 5758 6089 5860 5948 5895 5819 5871 5721 5937 5969 6000 5665 5655 6057 5452 5339 5806 5556 6166 5866 5614 6025 5365 5941 5914 5581 6048 6465 6417 6220 5932 5751 6009 6008 5858 5474 5411 5986 5905 5521 5955 5814 6000 5964 5816 5976 6145 5910 5119 6074 5685 5906 6140 5767 5864 5757 5673 5858 6306 5613 6107 5591 6095 6042 5676 6017 5934 5762 5582 5968 5873 5832 5995 5856 5975 5751 5811 5977 5880 5562 5659 5909 5697 5687 5904 5907 5737 6068 5874 5699 6001
5811 5967 6055 6138 5636 5693 5685 6080 6262 6425 5721 5919 6344 5849 5933 6138 5894 5977 6327 5950 6185 6578 5947 6095 6089 5776 6286 6085 5616 6364 5841 6218 6318 5762 6055 6026 5746 5919 6113 6119 5972 6336 5928 6114 6353 6004 6243 5976 6035 5856 5965 5712 5974 6276 5792 5988 6327 6013 5942 6092 6105 6324 6291 6121 6198 6511 6106 5851 6127 6338 6078 6161 6238 5953 5915 5708 6053 5936 6456 6140 5755 6483 6414 6073 5842 5989 6129 6488 6146 6002 5656 6007 5756 6005 5897 6341 5747 5829 6005 6245 5725 6626 6002 5987 5812 5878 5660 5778 6008 5807 5990 6154 6262 6020 6129 6136 5931 6092 6115 6015 5693 6040 6228 5776 5849 5811 5977 6145 6169 5955 6128 5817 6159 6373 5834 6132 6529 6394 6438 6178 5915 6062 6275 6015 5782 5796 6026 5909 5640 6193 5869 6157 6385 5964 6410 6251 5926 5788 6418 5839 5978 5975 5866 6048 6170 5705 5957 6226 5558 5992 5737 6339 6075 5805 6333 6109 5741 5940 6219 5932 6043 5931 6114 6389 5738 6023 6373 6163 5644 6004 6002 5799 5690 5951 6133 5751 5992 6052 5674 6159
5524 5639 5548 5648 5583 5592 5612 5898 5958 6143 5576 5771 6016 5537 5776 5773 5767 5957 5978 5917 5899 5837 5796 6167 5865 5435 6003 5960 5328 5749 5678 6093 6257 5506 5802 5852 5546 6091 6022 6050 5883 5862 5731 5954 6067 5707 5774 5549 5835 5547 5956 5536 5641 6029 5420 5738 6052 5707 5696 6033 5954 5771 6297 6119 6069 5957 5898 5622 5919 5954 5712 6003 6017 5356 5870 5871 5870 5486 5965 5606 5542 6238 6019 5466 5514 5628 5984 6250 5916 5772 5600 5859 5803 5888 5550 6069 5664 5902 5692 6051 5530 6211 5777 5986 5423 5515 5506 5392 5747 5756 5786 5847 6188 5870 5833 5967 5859 5917 5917 5748 5507 5864 6182 5516 5639 5917 5473 5908 5945 5707 6007 5499 5907 6027 5643 5586 6312 5848 6158 5976 5848 6065 5985 5623 5615 5592 5766 5791 5473 5998 5751 5996 5874 5515 5822 5966 5685 5312 6003 5931 5864 5818 5617 5679 5606 5453 5904 6003 5368 5910 5549 6005 6064 5549 5888 5991 5511 5731 6093 6012 5817 5674 5877 6117 5608 5828 5887 5785 5465 5551 5598 5515 5422 5625 5851 5586 5876 5724 5676 5924
5804 6037 6096 5968 5588 5695 5819 6197 6432 6867 5904 5942 6606 6026 6049 5947 5746 6013 5963 6133 6151 6535 5910 6249 6193 5711 6388 6337 5920 6112 5992 6370 6568 6133 6051 6070 5867 5991 6200 6217 6234 6523 6183 5998 6592 6282 6178 6109 6022 5777 5936 5559 6045 6265 5802 6175 6312 6098 5520 6215 6133 6496 6330 6255 5932 6195 6101 5941 6146 6390 5802 6241 6424 6016 6156 6242 5990 5706 6451 6249 5602 6663 6388 5909 6127 6065 6231 6647 6199 6140 5980 6230 5711 6186 5695 6259 6017 6119 5887 6132 5964 6342 6194 6277 5834 5866 5570 5696 6091 5953 6272 6270 6316 6206 6042 6327 6017 6008 6614 5925 5772 6105 6496 5932 5824 5944 5960 6105 6246 5875 6156 5831 6146 6510 5865 6266 6711 6206 6519 6115 5564 6408 6184 5922 5759 6101 6222 6122 5730 6297 5887 6105 6020 6045 6293 6437 5966 5525 6286 5991 6123 5880 5940 6017 6056 5940 6147 6349 5501 5996 5940 6274 5963 5914 6272 6127 5902 5716 6256 5920 6046 5998 5954 6111 6084 5910 6317 6315 5802 6070 6056 5877 5887 5999 5965 5795 6261 6432 5878 6336
5576 5557 5545 5685 5444 5610 5519 5531 5772 6227 5704 5823 6047 5640 5866 5751 5533 5831 5613 5835 5571 5984 5410 5990 5723 5528 6113 5745 5450 5751 5547 5909 6149 5659 5528 5849 5494 5797 6069 5834 5494 6148 5652 5755 6189 5690 5831 5756 5372 5435 5610 5286 5688 6096 5538 5645 5737 5839 5354 5781 5859 5724 6249 5662 5581 6087 5747 5686 5842 5794 5657 5870 5927 5575 5563 5680 5748 5358 6133 5629 5280 6269 5797 5880 5543 5636 5733 6182 6051 5739 5664 5753 5602 5739 5291 5947 5511 5611 5564 5826 5316 6168 5494 5886 5401 5423 5299 5549 5716 5668 5733 5785 5805 5881 5960 5833 5694 5792 5851 5543 5656 5595 5968 5527 5467 5639 5504 5963 5666 5583 5785 5382 5669 5830 5354 5905 6092 5934 5971 5944 5657 5844 6024 5538 5358 5637 5788 5452 5715 5756 5792 6083 5910 5648 6083 5757 5928 5243 6035 5746 5710 5836 5665 5656 5622 5572 5643 6073 4998 5613 5674 5959 5875 5653 5843 5959 5580 5627 5950 5992 5655 5562 5614 6012 5563 5750 6014 5637 5479 5618 5666 5334 5431 5659 5914 5491 5820 5725 5741 5555
5764 6002 6075 6365 5635 6123 5921 6306 6231 6777 6385 6250 6374 6168 6363 6301 6249 6402 6462 6348 6193 6430 5987 6267 6477 6091 6656 6132 6107 6380 6216 6514 6788 6251 6226 6033 6029 6350 6543 6248 6148 6416 6311 6330 6711 6361 6355 6223 6452 5970 6128 5819 6260 6583 6123 6262 6388 6386 5901 6433 6270 6255 6579 6161 6073 6541 6321 6315 6325 6472 5961 6475 6803 6238 6382 6371 6244 6111 6637 6243 5753 6826 6686 6116 6181 6085 6217 6805 6599 6118 6160 6483 5991 6416 5977 6471 6309 6199 6060 6534 5942 6812 6354 6507 6067 5955 6066 5962 6371 6220 6490 6256 6320 6223 6131 6364 6313 6351 6363 6345 6070 6363 6525 6168 6151 6194 6154 6471 6162 6203 6390 5964 6281 6499 6076 6132 6817 6454 6703 6478 6184 6436 6523 6183 6258 6158 6330 6340 5959 6449 6329 6342 6275 5989 6392 6491 6227 5777 6635 6251 6216 6258 6206 6326 6141 5964 6193 6574 5720 6305 6091 6563 6431 5934 6408 6414 6316 6159 6628 6604 6448 6149 6400 6605 5971 6230 6299 6511 5958 6250 6127 5741 5981 6072 6382 5992 6452 6479 6165 6354
5729 5796 6179 5991 5729 5876 5895 6042 6184 6523 5905 5997 6429 5989 6128 5847 5883 5914 6186 5971 5883 6157 5883 6392 6230 5689 6527 5920 5821 6212 5820 6623 6554 5873 6121 6040 5965 5950 6235 6201 5946 6239 5964 6033 6579 6056 6125 6062 6101 5588 6084 5734 5966 6244 5939 6240 6202 5869 5768 6245 6117 6023 6259 6227 6018 6248 5816 5852 6233 6195 5964 6126 6330 5988 6304 5874 6168 5672 6377 5813 5647 6479 6415 6028 5855 5910 6055 6193 6097 6108 5737 6284 5878 6131 5901 6312 5860 5889 5911 6428 5701 6547 5925 5978 5668 5821 5830 5574 6186 5801 5996 6096 6416 5964 6099 6202 6096 5965 6246 5891 5751 6327 6282 5975 5682 5915 5724 6173 6257 5683 6012 5538 5922 6236 5671 6012 6361 6111 6351 6307 6272 6014 6276 5746 5577 5941 6186 6122 5644 6369 5962 6164 6120 5789 6299 5974 6098 5485 6287 6199 5942 6326 5817 6022 5918 5892 6145 6482 5639 6018 5972 6574 6263 5856 6253 6195 5921 5800 6181 6052 6078 5834 6283 6365 5810 5968 6073 6142 5628 5930 5865 5768 5830 6138 6182 6050 6103 6064 5830 6509
6003 6163 5980 6247 5664 6178 5806 6143 6292 6745 5875 6183 6622 5968 5895 6353 6001 6083 6359 6311 6154 6342 5948 6313 6003 6142 6595 6185 5952 6428 6354 6355 6739 6067 6023 6153 6024 6232 6232 6384 6294 6361 6221 6243 6569 6328 6277 6292 6040 6095 5912 5902 6153 6523 6107 6192 6416 6091 5977 6482 6114 6275 6421 6320 6178 6494 6518 6176 6115 6567 6240 6218 6554 6031 6260 6194 6266 5892 6453 6207 5555 6746 6319 6218 5976 6171 6615 6391 6416 5996 6160 6113 5900 6333 5930 6601 5962 6282 6025 6483 6018 6815 6016 6391 6192 5914 5773 6019 6386 5965 6327 6461 6455 6413 6176 6446 5969 6378 6413 6125 5944 6184 6562 5991 6089 5967 6170 6299 6475 6150 6286 5913 6441 6433 5929 6388 6616 6484 6695 6038 5914 6610 6292 6099 6004 6038 6428 6166 6009 6320 6091 6270 6359 6162 6310 6591 6346 5635 6431 6055 6200 6238 6227 6020 6257 5958 6150 6669 5862 6205 6056 6482 6065 5978 6429 6137 5833 6188 6512 6224 6153 6249 6078 6421 6111 6154 6363 6210 5871 6066 6164 5858 5885 5940 6181 6143 6307 6231 6114 6351
5955 5846 6074 5991 5618 5574 5692 6025 6318 6456 5918 5792 6262 5922 6114 6178 5634 6128 6180 5808 5978 6230 5874 6396 6102 5869 6343 6157 5862 6039 5790 6022 6570 5836 6083 5985 5826 6261 6011 5860 5892 6209 5849 6331 6245 5965 6474 5946 5914 5742 6083 5570 5860 6241 5688 5979 6215 5963 5665 6287 6017 6056 6417 6152 6340 6148 5982 5985 5902 6302 5898 6248 6257 5880 5826 5860 5954 5926 6499 5990 5764 6513 6171 5913 5952 5805 6174 6493 6016 6124 5926 5948 6062 6069 5860 6454 5881 5898 5925 6090 5623 6616 5926 6165 5735 5995 5811 5620 6035 5887 6110 5878 6096 6015 6008 6277 5729 5811 6205 5873 5758 5958 6296 5735 5852 5900 5733 6190 6065 5893 6156 5684 5983 6228 5829 6112 6467 6361 6377 6467 6099 6114 6167 5899 5770 5727 5996 5975 5560 6203 6069 5987 6144 5955 6493 6325 6110 5561 6358 6091 5999 5993 5940 5855 6060 5802 6076 6196 5419 6101 5788 6075 6000 5822 6182 6110 5939 5688 6337 6307 5986 5947 5960 6447 5882 6131 6230 5993 5579 5762 5771 5690 5698 5828 6167 6061 6029 6189 5948 5869
5627 5793 5657 5973 5481 5534 5447 5648 5858 6335 5510 5727 6142 5658 5902 6024 5712 5901 5766 5861 5755 5783 5650 6065 5704 5677 6049 5914 5684 5965 5670 6084 6214 5724 5718 5726 5414 5994 6066 5817 5870 5939 5661 5909 6253 5673 6084 5830 5869 5591 5809 5295 5692 6218 5607 5984 5844 5668 5375 6116 5895 5729 6136 5781 5663 6154 5871 5730 5740 6111 5681 6138 5914 5722 6023 5986 5751 5873 5994 6010 5562 6216 5984 5628 5767 5770 5805 6173 6027 5784 5566 5733 5472 5683 5599 6134 5656 5809 5836 6105 5550 6498 5796 6042 5465 5743 5133 5399 5496 5868 6023 5896 5948 6216 5753 5900 5533 5947 5780 5704 5597 5758 6134 5529 5580 5486 5853 6040 5796 5673 5834 5604 5821 6026 5745 5634 6302 6091 6242 5883 5611 6080 6026 5669 5756 5702 5692 5701 5412 5897 5738 5809 5926 5733 5930 5957 5849 5438 5905 5909 5914 5721 5657 5560 5693 5456 5760 6170 5282 5894 5737 5988 5945 5510 5793 6158 5475 5715 5970 6061 5775 5813 5878 6011 5689 5914 5986 5865 5512 5491 5593 5611 5627 5694 5910 5580 5941 6182 5617 5858
5928 5924 6075 6030 5748 5974 5672 6097 6294 6689 6211 6017 6392 6026 6126 6209 6053 6165 6397 6027 6048 6259 6080 6171 6473 5735 6550 6189 5890 6325 5989 6646 6685 6047 6312 5930 5853 6037 6328 6113 6152 6317 6238 6253 6457 5951 6295 6019 6383 5769 6033 5683 5945 6233 5928 6082 6263 6002 5827 6324 6025 6101 6289 6271 6023 6345 6284 6069 5961 6258 5808 5971 6632 6109 6319 6095 5988 6086 6410 5949 5642 6781 6367 5890 6076 6141 6053 6276 6286 6152 5989 6203 5705 6335 5887 6339 6042 5998 5969 6388 5826 6631 6089 6068 5934 5877 5979 5733 6337 5847 6153 6035 6516 6141 6245 6143 6199 6106 6158 6039 5881 5890 6309 5861 5824 5836 5985 6109 6378 6134 6066 5718 6138 6311 5920 6054 6552 6424 6392 6312 6066 6416 6434 5920 5943 5972 6154 6098 5746 6069 5941 6165 6291 5914 6234 6295 5977 5605 6339 6035 6275 6271 6183 6036 6162 5981 5856 6566 5754 6126 5820 6355 6238 5985 6371 6149 6057 6018 6540 6195 6250 6132 6250 6567 5961 6029 6244 6322 5671 5973 6093 5810 5892 5828 6085 5950 6023 6399 5802 6213
5824 6003 6002 6073 5493 5701 5726 6050 6273 6547 6103 5942 6577 5909 5939 6117 6085 6286 6052 6106 5936 6196 5984 6433 5942 5912 6451 6185 5718 6187 5947 6317 6148 5867 6088 6091 5846 6018 6192 6165 5966 6463 5999 5986 6630 6134 6244 6004 6111 5759 6050 5849 5858 6452 6001 6031 6246 6211 5751 6372 6011 6183 6490 6043 6125 6264 6139 5792 6263 6365 5897 6185 6441 5797 6099 5928 6182 5884 6435 6106 5738 6556 6373 6139 5936 6001 6202 6628 6396 6010 5766 6264 5855 6244 5856 6425 5765 6029 5875 6346 5883 6549 6014 6106 5829 5837 6012 5902 6171 6046 6012 6059 6325 6210 5975 6271 6041 6189 6165 6192 5891 6028 6181 5977 5869 5964 6180 6121 6078 5888 6152 5801 6173 6449 5664 6238 6732 6367 6585 6295 5890 6134 6256 6038 5749 5834 6136 6082 5944 6245 5780 6057 6228 5992 6320 6345 6242 5729 6297 5952 6166 6137 5869 6067 5957 6067 6103 6262 5558 6170 5975 6251 6330 5864 6324 6264 5949 6120 6360 6048 6187 6177 6166 6137 6024 6044 6543 6218 5722 5880 5990 5777 5813 6149 6223 5643 6246 6404 5762 6453
5927 5899 6183 6132 5745 5627 5699 6264 5995 6475 6051 6068 6501 5864 5963 6070 5916 6211 6466 5914 6238 6228 5875 6333 6280 6030 6367 6224 5906 6222 6051 6324 6653 6045 6063 5971 5859 6341 6239 6386 6272 6343 6187 6237 6485 6275 6386 5973 6035 5822 6158 5774 5950 6224 6021 6212 6420 6062 6006 6389 6347 6068 6302 6103 6143 6279 6149 6177 6434 6306 5764 6431 6472 5887 6146 6056 6252 5911 6592 6203 5728 6619 6356 6006 5920 5820 6149 6570 6394 6178 5929 6082 6129 6212 5900 6498 6192 6109 6022 6387 5881 6608 5965 6213 5867 5849 5859 5868 6280 5926 6041 6124 6259 6223 6117 6224 6121 6272 6037 6129 5972 6100 6453 5880 5904 6071 6029 6453 6346 6063 6203 5803 6236 6338 5889 6194 6688 6498 6523 6233 6029 6367 6411 6186 5797 5919 6159 6107 5970 5923 6105 6218 6224 5903 6338 6224 6210 5545 6579 6192 6116 6235 5999 6052 6165 5974 6074 6478 5609 6023 6021 6272 6473 5724 6641 6411 5935 6072 6641 6309 6420 6223 6175 6370 5860 6118 6331 6296 5892 5803 6200 5896 5970 5962 6171 6000 6183 6302 5975 6062
6185 6314 6368 6530 5920 6174 6055 6607 6607 7145 6393 6596 6700 6442 6335 6366 6458 6425 6974 6504 6441 6901 6245 6759 6455 6206 6845 6797 5875 6551 6293 6873 7140 6375 6764 6476 6313 6417 6686 6621 6552 6606 6409 6539 6849 6511 6625 6606 6668 6259 6599 6003 6484 6947 6028 6656 6684 6447 6179 6756 6631 6505 7101 6398 6476 6733 6706 6505 6678 6668 6074 6629 6882 6298 6702 6558 6502 6306 7127 6595 6234 6998 6589 6555 6398 6401 6826 6943 6836 6541 6412 6672 6245 6560 6492 6777 6431 6611 6541 6711 6130 6981 6577 6812 6382 6396 6053 6102 6653 6575 6662 6621 6694 6540 6676 6577 6520 6742 6570 6394 6233 6471 6791 6363 6268 6187 6322 6734 6562 6436 6649 6168 6617 6787 6341 6447 7325 7013 6955 6669 6403 6561 7089 6336 6383 6385 6344 6578 6275 6673 6404 6528 6594 6397 6610 6916 6584 5908 6783 6362 6554 6478 6648 6242 6611 6318 6375 6788 6104 6758 6343 6728 6713 6158 6376 6482 6456 6401 6742 6811 6397 6384 6714 6895 6306 6329 6661 6807 6161 6296 6431 6234 6445 6445 6541 6261 6478 6593 6250 6579
6037 6189 6202 6000 6193 6075 6062 6326 6513 6840 6108 6263 6556 6308 6399 6572 6085 6375 6448 6280 6207 6288 6129 6556 6352 6221 6818 6198 6084 6337 6155 6345 6718 6086 6329 6239 5761 6540 6576 6272 6142 6463 6044 6519 6700 6273 6454 6166 6093 5934 6222 5791 6182 6701 5965 6454 6299 6199 6231 6635 6274 6378 6858 6498 6436 6590 6136 6255 5942 6601 6195 6623 6558 6233 6194 6168 6285 6169 6602 6299 6034 6702 6398 6189 6087 6196 6383 6643 6306 6094 6000 6391 6144 6360 5925 6608 6401 6179 6194 6606 5864 6809 5982 6402 6040 6192 5890 5860 6208 6163 6358 6269 6344 6291 6293 6491 6077 6260 6267 5985 5950 6403 6605 6023 6006 6281 5845 6386 6138 6105 6198 5954 6246 6720 6147 6249 6821 6605 6667 6688 6327 6473 6572 6269 6197 6226 6088 6385 5902 6381 6300 6520 6484 6040 6218 6581 6259 5907 6729 6139 6207 6156 6190 6196 6106 5978 6174 6492 5778 6273 6066 6753 6407 6130 6370 6550 6100 6157 6443 6769 5955 6211 6225 6614 6001 6335 6390 6320 5700 6034 6224 5975 6027 6140 6422 6134 6390 6637 6230 6358
5818 5957 5945 6122 5717 5820 5797 6146 6346 6437 5954 5821 6476 5779 6053 6243 5956 6083 6255 5966 6087 6183 5803 6535 6209 5840 6412 6110 5783 6126 5926 6543 6586 5980 6083 5995 5832 6079 6046 6051 6038 6507 5779 6127 6529 6174 6192 5973 6193 5806 6005 5516 6069 6367 5873 6203 6331 6095 5960 6051 6053 6318 6515 6195 6114 5916 5989 5943 6051 6321 5725 6052 6381 6030 6080 6068 6139 5817 6514 5902 5825 6540 6321 6038 6024 5806 6067 6386 6296 5919 5873 6334 5808 5991 5969 6429 5887 6126 6134 6084 5866 6629 5974 6191 5794 5654 5771 5629 6215 5878 5948 6013 6350 5998 6148 6241 5987 6112 6422 5902 5899 6089 6511 5827 5828 6040 5951 6303 6028 5791 6241 5726 6173 6493 5823 6170 6528 6344 6499 6452 6008 6125 6299 5944 6015 6033 5853 6365 5703 6272 5875 6444 6283 5861 6061 6188 6011 5497 6428 6131 6146 6075 5818 6140 5919 5696 5935 6408 5582 6096 6068 6129 6192 5987 6136 6295 5989 6070 6124 6260 6223 5894 6344 6270 5893 6154 6228 6369 5481 5817 5702 5779 5889 6125 6229 5827 6225 6277 5975 6024
5179 5464 5467 5435 5178 5134 5108 5473 5599 5993 5344 5428 5910 5372 5523 5530 5225 5415 5495 5510 5355 5504 5311 5455 5475 5197 5780 5470 5140 5567 5282 5436 5719 5167 5165 5447 5078 5557 5483 5526 5588 5601 5282 5380 5858 5609 5684 5237 5487 5117 5125 5179 5254 5654 5469 5340 5492 5302 5274 5840 5601 5309 5576 5376 5334 5747 5335 5327 5419 5564 5370 5490 5767 5310 5488 5472 5314 5188 5697 5632 5106 6028 5562 5278 5416 5407 5602 5889 5516 5355 5355 5545 5221 5574 5219 5773 5405 5301 5424 5752 5352 5897 5425 5610 5342 5538 5193 5194 5300 5320 5457 5409 5467 5691 5431 5666 5555 5572 5539 5355 5128 5478 5787 5392 5292 5345 5186 5537 5674 5365 5378 5117 5518 5695 5321 5434 5805 5552 5833 5630 5396 5526 5732 5306 5117 5232 5669 5323 5087 5478 5452 5425 5434 5221 5910 5567 5486 5071 5599 5654 5549 5654 5373 5314 5486 5267 5315 5837 4791 5186 5166 5761 5698 5248 5697 5627 5224 5462 5807 5671 5545 5491 5277 5732 5109 5450 5670 5534 5124 5232 5443 5029 5097 5270 5549 5354 5501 5708 5487 5521
6044 6188 6309 6259 5951 6043 6014 6331 6342 6810 6080 6398 6736 6052 6209 6368 6240 6514 6436 6339 6232 6412 6162 6529 6241 6251 6614 6287 6323 6468 6130 6442 6595 6359 6195 6258 6044 6324 6490 6567 6262 6432 6172 6334 6610 6459 6505 6287 6278 5973 6286 5806 6131 6710 5976 6513 6358 6321 5970 6627 6263 6373 6692 6020 6297 6409 6325 6127 6395 6384 6249 6506 6703 6169 6460 6272 6158 6047 6627 6333 5824 6763 6404 6315 6359 6122 6385 6457 6501 6462 6025 6435 6045 6488 6092 6583 6217 6328 6342 6436 5905 7053 6205 6280 6223 6047 5859 6084 6148 6280 6432 6235 6400 6311 6220 6554 6088 6314 6374 6359 6087 6355 6541 5990 6099 6144 6150 6488 6265 6211 6338 5836 6389 6578 6117 6075 6879 6594 6656 6403 6255 6621 6501 6364 6103 6153 6449 6233 5913 6530 6304 6217 6336 6281 6455 6670 6398 5843 6746 6395 6450 6388 6173 6135 6366 6218 6063 6622 5663 6376 6082 6458 6515 6187 6482 6310 6036 6051 6559 6190 6312 6080 6364 6314 5949 6184 6526 6499 6086 6171 6282 5953 6074 6285 6447 6285 6382 6344 6138 6709
5529 5761 5578 5709 5451 5369 5455 5785 5843 6216 5649 5747 6241 5716 5778 5703 5471 5809 5851 5812 5720 5936 5636 6314 5817 5327 6262 6047 5566 5639 5785 6156 6271 5507 5763 5634 5601 5749 5921 5627 5786 5922 5533 5958 6010 5893 5906 5547 5716 5543 5670 5308 5586 6083 5360 5795 5851 5870 5422 5719 5728 5696 6151 5935 5959 5849 5798 5761 5535 5997 5677 5901 6275 6048 5761 5657 5776 5463 6097 5824 5337 6164 6031 5754 5643 5728 5896 6060 6059 5815 5600 5802 5532 5921 5667 5958 5454 5469 5664 6167 5577 6218 5562 6133 5576 5576 5562 5194 5602 5550 5885 5787 5847 5830 5786 5866 5570 5791 6042 5491 5496 5588 6196 5616 5527 5615 5791 5928 5646 5748 5641 5290 6002 6077 5489 5694 6268 6210 6183 6190 5653 6225 5943 5677 5653 5510 6032 5747 5311 5809 5634 6086 5940 5680 5855 6033 5791 5322 5895 5524 5729 5850 5477 5868 5675 5425 5567 6008 5294 5823 5492 5938 5873 5537 5910 5902 5858 5796 6098 5755 5482 5734 5751 6262 5750 5645 5799 5873 5362 5464 5632 5306 5634 5473 5757 5468 5919 6033 5549 5986
5570 5714 5383 5594 5435 5454 5436 5872 5705 6291 5523 5533 6002 5550 5792 5887 5511 5709 5756 5813 5647 5990 5395 5824 5699 5751 6092 5632 5482 5781 5616 5945 5915 5511 5621 5546 5458 5843 5738 5847 5607 5871 5611 5632 6287 5612 5703 5585 5612 5350 5727 5310 5635 6135 5700 5621 5792 5625 5668 6026 5698 5712 5962 5676 5635 5785 5810 5585 5902 5848 5511 5838 6048 5594 5780 5775 5742 5518 6045 5660 5471 6055 5795 5639 5704 5630 5791 6097 5972 5458 5502 5913 5587 5823 5439 5827 5666 5602 5648 5889 5402 6324 5601 5763 5464 5224 5467 5454 5892 5541 5824 5647 5996 5827 5657 5942 5688 5650 5577 5831 5802 5607 5993 5575 5430 5369 5624 6007 5758 5576 5876 5169 5686 5836 5588 5691 6205 5992 5995 5883 5655 5959 6126 5612 5643 5420 5780 5906 5536 5954 5570 5817 5709 5535 5860 5896 5942 5318 5972 5516 5818 5818 5590 5677 5741 5504 5624 6081 5232 5648 5411 5982 5963 5514 6110 5764 5627 5484 6025 5903 5779 5735 5796 5993 5614 5490 5880 5962 5319 5685 5723 5416 5696 5534 5595 5729 5745 5931 5403 6111
6092 6137 6212 5924 5760 6072 5984 6232 6267 6849 6174 6269 6597 6147 6045 6327 6076 6318 6166 6245 6418 6292 6126 6414 6115 6116 6404 6359 5837 6292 6139 6515 6592 6133 6169 6272 5924 6281 6432 6367 6469 6379 6170 6397 6557 6166 6323 6006 6109 6060 6072 5700 6010 6389 6036 6349 6451 5936 5872 6407 6259 6261 6633 6108 6128 6539 6231 6156 6234 6568 5991 6154 6519 6017 6242 6110 5935 6134 6476 6290 5531 6889 6238 6041 6164 5989 6324 6573 6356 6097 6030 6008 6062 6227 5719 6446 6083 6096 5840 6372 5894 6628 5903 6366 5845 5835 5939 5750 6162 6019 6379 6208 6602 6422 6280 6452 6274 6445 6343 6171 5919 6181 6413 6130 6017 5852 5906 6034 6369 6007 6136 5873 6314 6341 5972 6168 6716 6476 6674 6183 6127 6488 6572 6074 6030 5718 6286 6214 6087 6321 6188 6309 6235 6055 6160 6374 6196 5716 6413 6204 6251 6152 6140 6108 6258 6068 6081 6492 5543 6184 6022 6313 6516 5881 6353 6258 6003 6187 6338 6143 6109 6302 5973 6393 6287 6370 6337 6321 5825 6061 5988 5781 5972 5847 6440 5866 6450 6430 6002 6248
5359 5671 5495 5802 5488 5356 5706 5884 5900 6288 5508 5682 6020 5665 5770 6002 5829 5852 6028 5974 5414 5970 5575 6064 5619 5336 6192 5841 5347 5834 5589 5894 6168 5806 5589 5599 5431 6040 5628 6112 5385 5867 5517 5863 6011 5736 5645 5511 5692 5743 5760 5415 5745 5958 5585 5596 5780 5542 5377 5890 5628 5735 5963 5848 5920 6070 5565 5747 5844 5725 5675 5846 6041 5400 5739 5692 5710 5607 6209 5820 5419 6156 5750 5521 5504 5697 5661 5955 5610 5727 5601 6003 5536 5703 5624 6057 5658 5997 5638 5781 5500 6114 5774 5618 5637 5443 5492 5492 5661 5689 5810 5627 5983 5958 5794 5788 5624 5858 5844 5679 5424 5682 5871 5642 5331 5726 5374 6020 5892 5342 5902 5245 5603 6099 5532 5810 6520 5921 6037 5970 5551 6034 5981 5762 5343 5631 5903 5611 5347 5698 5655 5695 5926 5659 6077 5803 5859 5419 6006 5696 5694 5762 5581 5427 5713 5518 5722 5999 5117 5685 5328 5940 5972 5645 5745 5786 5572 5407 5830 5897 5787 5611 5783 6135 5432 5471 5853 5748 5341 5526 5560 5494 5355 5634 5835 5730 5921 5880 5517 5826
5798 5956 5862 6040 5733 5880 5635 6191 6375 6488 5771 5980 6470 5845 6072 6201 6007 6173 6290 5993 5931 6258 6024 6489 5850 5956 6528 6216 5929 6093 6173 6287 6430 5870 5946 5961 6013 6133 6148 6103 6059 6404 5893 5886 6530 6156 6037 6071 5904 5858 5931 5828 6027 6504 5611 6239 6058 6011 5768 6183 5898 6117 6399 6280 6252 6352 6051 5759 6166 6397 5980 6138 6358 5890 6065 5853 6009 5812 6364 6161 5557 6388 6139 6002 5897 5860 6217 6323 6313 5894 5929 6205 5949 6032 5845 6257 5800 6138 5900 6235 5952 6572 5811 6295 5739 5644 5693 5588 6091 5839 5977 6015 6206 6120 5979 6131 5770 6216 6164 6077 5948 6106 6306 6014 5848 5969 5875 6228 6000 5830 5979 5576 6023 6352 5858 6057 6680 6342 6511 6357 6040 6334 6385 6088 5727 5792 6118 6277 5705 6398 5856 6417 6217 6066 6155 6384 6208 5567 6243 5832 6034 5924 5841 6038 5883 5739 5920 6411 5567 6161 5832 6442 6198 5671 6243 6203 5933 6008 6261 6225 5947 6171 6137 6473 6043 5919 6384 5922 5646 5628 5914 5869 5996 5740 6173 5896 6392 6199 5862 6300
6030 5933 6220 6088 5911 5992 5901 6413 6194 6775 6021 6172 6669 5966 6019 6457 6037 6233 6446 6136 5992 6314 6042 6413 6124 6116 6357 6142 5845 6167 5947 6438 6589 6189 6217 5965 6020 6211 6481 6274 6094 6240 5985 6152 6552 6169 6536 6171 6138 5777 6184 5689 6108 6303 5851 6105 6355 6333 5944 6451 6202 6480 6554 6411 5983 6259 6111 6042 6072 6245 5799 6193 6262 5867 6142 6159 5891 6016 6435 6214 5797 6562 6251 6050 6222 6125 6282 6457 6332 6377 5843 6033 5991 6116 6065 6444 5975 6342 6089 6266 5864 6686 5898 6287 5634 5869 5811 5640 6103 6013 6156 6336 6284 6152 5997 6230 6116 6173 6315 6156 5926 5943 6261 5830 5683 5914 5974 6281 6349 5946 6463 5803 6198 6270 5928 6253 6917 6484 6441 6360 5894 6272 6438 6085 5893 6028 6148 6108 5972 6248 6108 6422 6106 5998 6073 6300 6140 5799 6445 6309 6049 6237 6109 6018 5980 5992 6057 6312 5479 6033 5776 6494 6304 6137 6354 6402 5754 6015 6402 6250 6129 6208 6119 6255 6220 6207 6482 6187 5675 5975 5965 5781 6011 5960 6349 5886 6253 6388 6105 6264
5642 5645 5983 5869 5338 5764 5746 5898 6172 6462 5951 5835 6240 5785 6066 6016 5830 5933 6345 6144 5745 6182 5825 6026 5967 5850 6323 5781 5675 6102 5688 6164 6671 5901 6054 5783 5676 6093 6104 6069 6027 6054 5848 5960 6191 5895 6076 5911 5816 5691 6016 5499 5805 6128 5879 6207 5975 5951 5631 6123 5963 5838 6308 5905 5975 6209 5943 5900 6008 6158 5728 6094 6285 5944 5777 5928 5799 5717 6286 5870 5668 6513 6207 5934 5901 5856 6046 6339 6285 6001 5741 6228 5713 5880 5688 6242 5709 5971 5863 5931 5778 6411 5817 6124 5535 5924 5533 5453 6090 5825 5934 5832 5945 5960 5922 6060 5781 5850 6026 5743 5823 6118 6076 5838 5729 5703 5627 6265 6194 5722 6037 5580 6063 6063 5850 5883 6481 6256 6312 6047 6103 6155 6347 5961 5647 5708 6052 5993 5738 6124 5821 5949 5752 6129 6146 6022 6156 5315 6224 5921 5871 5917 5700 5740 6055 5458 5930 6166 5590 6029 5689 6337 6060 5574 5904 6135 5952 5907 5999 6041 6026 6001 6118 6417 5813 5763 6243 6004 5707 5776 5845 5723 5738 5911 5861 6048 5805 6008 5510 5893
5919 6023 6286 6073 5611 5936 5817 6170 6335 6732 5979 6244 6496 5852 6095 6345 5911 6072 6701 6345 6116 6469 6167 6490 6368 6071 6422 6246 5842 6028 6217 6622 6488 5844 6310 6001 5966 6157 6141 6334 6236 6247 6091 6218 6515 6040 6264 6293 6090 5996 5986 5684 6085 6439 5874 6318 6314 5936 5841 6415 5966 6362 6442 6283 6274 6061 6126 5893 6197 6072 6116 6067 6417 6069 6180 6330 5997 5954 6442 6089 5669 6394 6355 6198 6235 5986 6117 6472 6387 6181 5859 6289 5689 6344 5875 6395 5924 6283 5851 6283 5791 6678 6128 6331 5939 6171 5936 5972 6156 6025 6056 6197 6333 6168 6026 6212 6112 6180 6220 5919 6193 6084 6513 5992 5846 5956 6000 6367 6269 6051 6237 5681 6364 6443 5976 6185 6848 6464 6512 6435 5937 6387 6514 6195 6083 5969 6314 6321 5602 6436 5861 6232 6178 6034 6138 6357 6092 5751 6526 6166 6340 6092 6057 5899 5950 6022 5949 6200 5741 6168 5914 6320 6229 5952 6242 6055 6070 5928 6535 6020 6144 6264 6092 6271 6120 6217 6340 6286 5625 6007 5702 5855 6010 5982 6367 6106 6203 6197 5992 6315
5761 5765 5868 6018 5802 5841 5872 5988 6096 6405 6031 6046 6549 6028 6213 6048 5956 6280 6257 6118 5958 6128 6007 6183 5889 5851 6310 6136 5963 6127 5862 6021 6324 5922 5998 5962 5669 5799 6213 6260 5989 6430 6089 6084 6252 6214 6129 5999 6112 5759 5911 5580 5999 6197 6031 5963 6259 6207 5857 6378 5839 6246 6388 6229 6157 6258 6014 6067 6021 6191 5955 6131 6401 5915 5807 6096 6096 5903 6441 6004 5607 6636 6307 5934 5796 5885 6036 6578 6126 6268 5797 6295 5945 6064 5774 6289 5872 6278 5949 6085 5797 6572 5978 6157 5914 5682 5721 5714 6098 6105 6147 5963 6479 6125 5862 6318 6080 6045 6424 6019 5728 6035 6300 5996 5615 5833 5743 6073 6109 5750 5989 5818 6287 6217 5936 6046 6610 6164 6450 6383 5911 6239 6339 5915 5654 5878 6043 5911 5690 6256 5954 6109 6143 5834 6245 6114 6007 5408 6299 6059 5919 6101 5974 5863 5978 5796 6013 6360 5591 6135 5700 6502 6498 6009 6055 6024 6050 5938 6392 5792 6264 5935 6262 6226 5823 5898 6500 6123 5712 5945 5962 5891 5677 5962 6298 6005 6119 6240 5484 6246
5521 5580 5709 5641 5505 5522 5719 5807 5972 6279 5508 5652 6315 5596 5877 5705 5680 5872 6109 5761 5548 5848 5562 5824 5727 5674 6162 5804 5499 5787 5886 5985 5991 5531 5862 5787 5610 5909 5898 5791 5673 5963 5947 5706 6156 5895 5862 5653 5714 5297 5913 5633 5583 6135 5922 5623 5800 5691 5527 5895 5987 5927 5913 5830 5880 6015 5784 5463 5788 6009 5565 5931 6026 5886 5581 5690 5715 5543 6152 5908 5361 5992 6071 5745 5536 5568 6011 6204 5983 5787 5741 5725 5663 5929 5439 6009 5583 5511 5562 6007 5414 6346 5790 6017 5520 5426 5485 5359 5420 5623 5746 5875 5805 5726 5757 5943 5821 5617 6037 5769 5614 5705 5950 5583 5660 5774 5727 5955 5801 5811 5643 5284 5658 5878 5584 5722 6199 5924 6314 5941 5750 6072 6037 5577 5602 5641 6003 5865 5564 5952 5792 5923 5954 5484 5843 5889 5846 5289 5914 5991 5886 5868 5644 5828 5853 5622 5826 6130 5147 5828 5744 6204 5949 5573 6193 5995 5678 5681 6203 5871 5839 5768 5859 6208 5742 5840 6097 5891 5437 5658 5813 5376 5610 5735 5847 5732 5871 5873 5771 6016
5600 5666 5634 5430 5416 5586 5634 5944 5805 6307 5517 5712 6097 5708 5896 5826 5732 5695 5791 6015 5935 5905 5682 6113 5851 5845 5907 5754 5672 5805 5680 6015 6088 5561 5593 5685 5798 5821 5711 5921 5686 6168 5866 5861 6265 5797 5832 5759 5746 5426 5708 5485 5661 6254 5374 5913 5847 5696 5440 5857 5705 5918 6015 5859 5874 6032 5854 5667 5970 6027 5750 5735 6157 5655 5790 5610 5898 5565 6197 5668 5329 6249 6090 5623 5657 5586 5798 6257 6132 5711 5575 5998 5583 6110 5485 5824 5608 5627 5594 6014 5425 6159 5787 5748 5578 5398 5523 5463 5560 5487 5897 5956 6059 5963 5852 5823 5467 5862 6162 5630 5674 5753 6160 5549 5636 5606 5664 5784 5911 5628 5836 5344 5860 5952 5589 5881 6152 6060 6181 5785 5690 6050 6066 5823 5505 5767 5959 5841 5499 6030 5443 6071 5932 5618 5792 6027 5898 5063 6183 5553 5909 5705 5760 5555 5596 5564 5953 6177 5248 5987 5643 6026 5948 5572 6059 6066 5566 5531 5859 5815 5704 5616 5754 6020 5836 5835 5914 6098 5474 5669 5651 5449 5569 5978 5754 5455 5687 6032 5553 5915
5525 5457 5761 5789 5448 5733 5621 5881 6225 6375 5963 5924 6447 5707 5797 6301 5764 6187 5921 6044 5976 5883 5822 6244 6083 5919 6168 5938 5849 6040 5825 6119 6345 5974 5859 5593 5886 6140 6025 6060 5842 6272 5875 5927 6507 6024 6182 5811 5927 5540 6055 5616 5689 6160 5674 6010 6088 5948 5717 6238 5777 6002 6278 6254 5997 5978 5979 5693 5936 6302 5662 6229 6222 5753 6168 6092 6162 5751 6481 5880 5496 6256 6077 5977 6039 5992 6038 6284 6212 6064 5661 5886 5767 6177 5735 6363 5791 6105 5841 6255 5724 6314 5694 5946 5566 5873 5679 5445 6099 5874 5991 6078 6111 6033 5886 6246 5745 5902 6218 6169 5811 6116 6168 5767 5724 5822 5792 6235 6232 5980 6223 5561 5966 5941 5706 6001 6455 6129 6426 5914 5996 6147 6186 5825 5667 5723 6120 6092 5696 6144 5999 5985 6159 5700 6078 6254 6147 5339 6224 5966 6127 5854 5777 5938 5919 5778 6062 6288 5285 6084 5884 6165 6055 5806 6175 6125 5756 5711 6450 6105 6064 5906 6161 6063 5878 5710 6131 5966 5676 5880 5744 5647 5659 5897 5970 5785 6134 6062 5813 6165
6282 6321 6456 6289 6238 6190 6099 6580 6561 6868 6396 6267 6958 6354 6632 6474 6211 6204 6788 6466 6573 6780 6171 6614 6617 6175 6835 6332 6342 6507 6369 6801 6961 6101 6338 6411 6284 6575 6616 6653 6484 6679 6392 6561 6946 6430 6503 6415 6449 6182 6713 6153 6363 6927 6235 6570 6624 6567 6141 6497 6600 6491 6664 6488 6450 6753 6452 6306 6471 6501 6325 6656 6780 6185 6469 6358 6409 6262 6836 6458 6025 6910 6784 6277 6289 6183 6554 6927 6618 6598 6347 6437 6121 6692 6376 6501 6330 6280 6401 6709 6319 6976 6624 6665 6167 6215 6103 5986 6445 6375 6718 6685 6700 6453 6499 6732 6410 6533 6471 6132 6357 6548 6678 6247 6523 6420 6174 6780 6413 6242 6363 6022 6628 6669 6457 6508 7195 6711 6876 6604 6516 6634 6672 6399 6350 6399 6272 6839 6138 6690 6544 6614 6496 6112 6669 6594 6439 6197 6903 6418 6568 6408 6355 6216 6467 6118 6508 6444 5876 6532 6400 6846 6506 6307 6439 6596 6532 6296 6758 6668 6587 6421 6709 6810 6157 6568 6767 6395 6100 6108 6196 6060 6316 6296 6695 6189 6534 6776 6217 6527
5694 6003 5880 5740 5614 5859 5640 5931 5867 6371 5505 6019 6262 5877 5838 5912 5796 5969 5972 5656 5885 6093 5691 6254 5825 5886 6364 5850 5674 6134 5810 6041 6257 5580 5957 5929 5649 5891 6150 6096 5933 6176 5887 5863 6346 5971 6224 6028 5993 5633 5731 5480 5830 6136 5499 6076 6145 5895 5782 6063 5847 5887 6388 6279 5944 6437 6073 5704 5820 6168 5814 6030 6081 5807 5725 5847 5446 5754 6433 5923 5254 6450 6131 5864 5718 5643 6050 6211 5908 5815 5596 5822 5651 5890 5533 6193 5704 5918 5781 6043 5463 6657 5641 5959 5514 5531 5528 5468 6066 5927 6005 5996 6127 5858 5976 6098 5837 5986 5891 5867 5791 5865 6287 5795 5878 5689 5806 6028 6067 5937 5997 5528 5968 6084 5772 5459 6327 6017 6369 5977 5929 6065 6132 5828 5581 5843 6039 5750 5666 6075 5957 6041 6137 5935 6009 6149 6040 5284 6219 5993 5876 5887 5890 5881 5884 5709 5700 6163 5375 5972 5569 6312 5903 5778 6181 6085 5822 5998 6171 6122 5818 5796 5941 6119 5964 6138 6101 5903 5585 5546 5813 5500 5524 5659 5823 5857 6019 5973 5673 6063
6306 6177 6248 6319 5911 6068 6122 6399 6575 6801 6256 6674 6846 6355 6440 6571 6146 6373 6423 6399 6519 6511 6079 6630 6329 6413 6562 6393 6266 6560 6308 6501 6624 6405 6313 6298 6033 6590 6614 6454 6608 6975 6260 6369 6870 6407 6536 6402 6525 6080 6253 6164 6177 6795 5986 6412 6510 6459 6189 6502 6374 6511 6823 6371 6381 6578 6399 6264 6384 6605 6233 6756 6795 6306 6355 6402 6249 6153 6817 6486 5905 6925 6500 6393 6314 6387 6593 6847 6651 6528 6249 6569 6150 6532 6216 6848 6198 6399 6261 6593 6284 7069 6231 6383 6173 6110 6040 5953 6281 6195 6347 6486 6595 6710 6335 6663 6503 6546 6723 6171 6182 6303 6593 6132 5993 6118 6227 6482 6354 6395 6356 6043 6535 6627 6058 6449 6850 6670 7062 6456 6213 6983 6751 6275 6021 6372 6497 6295 6227 6514 6414 6421 6540 6293 6533 6562 6497 6022 6785 6575 6619 6446 6420 6282 6330 6220 6298 6790 5745 6417 6268 6852 6588 6107 6715 6444 6233 6090 6629 6606 6345 6283 6620 6595 6273 6554 6939 6703 6075 6353 6198 6178 6189 6327 6489 6203 6619 6527 6332 6645
6005 6169 6248 6261 5923 6011 5972 6294 6621 6850 6259 6247 6784 6206 6378 6460 6006 6146 6319 6364 6381 6454 6142 6633 6550 6043 6666 6322 6027 6291 6155 6871 6853 6314 6465 6138 6083 6405 6268 6395 6054 6756 6360 6363 6799 6332 6586 6296 6278 5967 6241 5895 6242 6668 6000 6451 6363 6186 5914 6420 6304 6412 6634 6591 6221 6340 6118 6211 6237 6593 6154 6181 6639 6262 6356 6164 6138 6190 6548 6173 6010 6586 6558 6224 6226 6242 6417 6576 6423 6358 6215 6398 5834 6290 6160 6554 6318 5965 6184 6553 5780 6844 6014 6258 6017 6042 6037 6000 6281 6048 6342 6204 6577 6455 6313 6685 6282 6425 6496 6065 6014 6280 6670 6144 6055 5928 6128 6440 6491 6058 6351 5711 6385 6723 6109 6290 6763 6497 6552 6456 6216 6699 6751 6129 6164 6268 6417 6297 6038 6696 6393 6359 6481 6104 6442 6517 6327 5789 6787 6366 6254 6180 6242 6225 6045 5953 6143 6481 5601 6310 5882 6620 6267 6263 6580 6588 6117 5954 6714 6468 6174 6106 6445 6655 6068 6355 6453 6485 5866 6134 6075 5914 6178 6072 6518 6363 6273 6496 6282 6354
5706 5774 5945 5912 5441 5657 5632 6129 6038 6521 5779 5915 6112 5760 5857 6009 5655 6035 6316 5868 5948 6151 5849 6397 5795 5904 6187 6119 5621 5984 5937 6202 6186 5823 5901 5940 5757 6182 6064 5980 6119 6107 5834 5986 6044 5998 6227 5774 5935 5740 5967 5664 5937 6302 5712 6054 6216 6019 5783 6160 5929 5989 6508 5889 6072 6100 6097 5838 6063 6222 5977 6302 6381 5780 6095 5857 5966 5642 6385 5936 5662 6355 6236 5837 5964 5873 6162 6387 6120 5912 5881 6007 5776 6146 5725 6349 6036 5908 5783 6104 5556 6509 5808 5956 5747 5738 5600 5735 5708 5891 5863 6190 6182 5877 6000 6116 5873 5956 6020 5948 5805 5824 6244 5611 5694 5747 5836 6097 6002 5908 6056 5552 6231 6109 5744 5960 6476 6363 6259 6126 5967 6228 6370 5947 5800 5620 5979 5960 5662 6189 5971 6106 6176 5935 5923 6147 5950 5587 6271 5802 5979 6013 5686 5994 5947 5892 5932 6323 5511 5950 5608 6060 5937 5642 6171 6009 5808 5927 6155 5870 5827 5897 5893 6327 5813 5858 6262 5926 5677 5709 5684 5601 5736 5706 5927 5855 6010 5993 5691 6236
5459 5676 5886 5955 5516 5741 5667 5949 6063 6552 5884 6042 6415 5755 5982 6091 5850 6131 6145 5956 5611 6160 5940 6395 5888 5861 6131 6233 5620 6071 5996 6331 6400 5794 6010 5716 5699 6005 6147 6092 5837 6174 5730 6296 6231 6032 5956 5931 6200 5839 6057 5657 5930 6093 5705 6045 6066 5956 5580 6048 5988 5847 6315 6041 6210 6057 6007 5665 5929 6020 5604 6188 6208 5611 6069 6126 5932 5809 6304 6129 5715 6441 5997 5894 6002 5879 6214 6304 6234 6016 5767 5980 5709 6010 5842 6443 5664 6146 6042 6184 5813 6403 5900 6106 5795 5846 5828 5430 6039 5707 5900 5949 6265 6156 5866 6077 5910 5977 5889 6204 5655 6036 6048 5812 5739 5839 5874 5828 6104 5818 6017 5578 5885 6037 5912 5796 6653 6284 6458 6217 5840 6211 6328 5690 5829 5666 6061 5903 5563 6130 5843 6209 6143 5674 6215 6264 5954 5613 6171 6095 5956 5900 5821 5792 6025 5789 5867 6346 5306 6172 5571 6245 6259 5529 6279 5814 5774 6011 6193 6281 6133 5916 5964 6458 5935 5741 6178 5930 5751 5823 5647 5601 5783 5685 6156 5818 6252 6287 5573 6149
6234 6199 6371 6361 5928 6114 5778 6281 6412 6984 6190 6184 6719 6253 6440 6403 6036 6350 6738 6367 6307 6594 6000 6668 6659 6264 6704 6349 6066 6577 6252 6564 6747 6388 6212 6212 6201 6482 6601 6321 6410 6787 6357 6377 6812 6398 6653 6435 6494 6068 6316 5889 6187 6762 6291 6463 6873 6508 6125 6786 6302 6618 6690 6533 6353 6777 6471 6460 6352 6618 6194 6497 6720 6238 6574 6722 6623 6117 6708 6354 5872 6945 6686 6303 6380 6173 6270 6838 6726 6363 6172 6388 6118 6373 6169 6612 6291 6312 6183 6762 6179 6931 6102 6476 6000 6143 6086 6123 6567 6315 6304 6498 6582 6354 6411 6462 6258 6621 6681 6332 6052 6352 6593 6250 6076 6163 6352 6640 6389 6209 6393 6088 6870 6653 6190 6434 7017 6657 6699 6632 6320 6710 6706 6356 6150 6291 6382 6347 6129 6608 6312 6533 6425 6049 6599 6560 6492 5882 6645 6383 6500 6241 6329 6240 6359 6228 6327 6786 5934 6512 6421 6747 6285 6111 6556 6693 6228 6171 6874 6477 6455 6346 6523 6680 6098 6336 6758 6485 5975 6277 6136 6036 6090 6394 6499 6488 6434 6598 6158 6342
6014 6241 6386 6075 5806 6016 6058 6198 6498 7131 6015 6183 6878 6287 6167 6206 6047 6327 6311 6434 6388 6561 6172 6558 6161 6217 6848 6431 6278 6337 6387 6693 6825 6311 6335 6280 6160 6405 6370 6647 6203 6449 6256 6452 6762 6587 6435 6362 6182 6274 6225 6007 6260 6490 6036 6263 6263 6372 5990 6506 6288 6516 6627 6546 6459 6521 6453 6216 6149 6573 6085 6399 6699 6236 6571 6409 6327 6073 6855 6506 5971 6816 6639 6221 6182 6201 6575 6851 6504 6394 6167 6448 6006 6417 6196 6731 6350 6482 6195 6606 6261 6768 6231 6521 6091 5962 5853 5925 6318 6036 6356 6304 6521 6419 6324 6660 6231 6402 6411 6253 6176 6437 6581 6123 6246 6232 6297 6407 6290 6080 6356 5718 6391 6460 6188 6352 7140 6653 6766 6547 6321 6784 6494 6347 6147 6105 6414 6438 6064 6704 6352 6350 6547 5980 6382 6686 6234 5711 6624 6301 6344 6229 6259 6097 6377 6211 6220 6658 5708 6500 6184 6534 6371 6129 6421 6391 6213 6117 6763 6464 6423 6139 6440 6727 6114 6155 6520 6424 6161 6268 6271 6000 6189 6027 6331 6275 6456 6627 6053 6639
5685 6196 6134 6143 5490 5742 5906 6195 6204 6648 5942 6209 6638 6004 5873 6086 6062 6160 6161 6321 6102 6091 5782 6294 6278 6160 6569 6338 5937 6266 5892 6365 6451 5970 6091 5863 5792 6137 6332 6208 6042 6456 6007 6272 6706 6028 6329 6128 6329 5661 5895 5574 6023 6464 5780 6154 6556 6233 5830 6457 6245 6177 6527 6226 6220 6453 6109 6055 5976 6292 6091 6226 6336 6067 6195 6272 6001 5844 6474 6098 5542 6625 6299 6160 6039 6056 6310 6370 6087 6168 5902 6318 5850 6304 5797 6525 5831 5938 6097 6373 6078 6592 6032 6202 5804 6032 5765 5695 5952 5914 6166 6437 6402 6242 6227 6430 5905 6106 6431 5955 5851 6111 6437 5875 5952 6148 6071 6369 6302 6117 5995 5571 6124 6366 5963 6020 6709 6337 6749 6188 6120 6415 6227 5987 5930 6153 6351 5944 5749 6222 6096 6138 6387 6028 6353 6070 6131 5675 6243 6122 6226 6093 6056 6018 6370 5965 6312 6352 5621 6168 5957 6167 6068 6001 6362 6326 6112 6183 6427 6354 6318 5942 6223 6279 6069 6156 6189 6385 5704 6019 6063 5739 6046 6227 6079 5816 6092 6222 5840 6322
5947 5830 6011 5741 5742 5528 5575 6039 6091 6209 6060 5884 6549 5952 5907 5952 5886 5984 6180 6173 5972 6073 5615 6198 6035 5880 6264 6118 5676 6146 5641 6228 6325 5727 5811 6069 5981 5975 6026 6185 5918 6120 5982 5947 6055 6101 6107 6018 5812 5601 5790 5469 5962 6340 5660 6016 5985 5972 5634 6109 5925 5932 6277 6127 5818 6210 5881 5971 6046 6226 5976 6152 6213 5943 5870 5822 5903 5771 6418 5975 5592 6509 6102 5916 5885 5796 6038 6105 6154 6126 5634 5973 5682 5918 5763 6155 5569 6002 5894 6071 5821 6650 5790 6169 5649 5800 5608 5844 5878 5722 5906 5945 5961 6052 5872 6053 5846 5957 6409 5819 5712 5821 6316 5799 5783 5636 5877 6164 5922 5892 6095 5759 6238 6245 5878 5886 6395 6103 6331 6111 5975 5990 6184 5799 5679 6030 6068 5718 5615 6095 6127 6215 6185 5781 6132 6023 5786 5159 6195 6125 5975 5938 6018 5612 5806 5671 6030 6218 5250 5758 5783 6427 6162 5880 6150 5960 5621 6033 6227 6064 6091 5881 5940 6354 5750 5923 6270 6228 5549 5623 5521 5473 5645 5722 5904 5831 6095 6373 5941 5942
6143 6136 6329 6262 5899 5981 6259 6200 6467 6948 6103 6102 6943 6332 6463 6300 6200 6312 6342 6294 6249 6538 6273 6663 6641 6231 6714 6411 6194 6274 6150 6766 6814 6064 6361 6219 6158 6581 6546 6561 6136 6513 6335 6699 6650 6360 6307 6185 6189 6068 6418 5657 6332 6455 6267 6350 6393 6543 5927 6599 6357 6344 6649 6548 6288 6735 6376 6106 6293 6519 6338 6478 6677 6118 6228 6491 6197 5978 6520 6241 5993 6871 6487 6354 6166 6156 6571 6798 6595 6508 6068 6556 6087 6537 6012 6501 5911 6373 6168 6576 6090 6700 6247 6415 6117 6122 6159 5889 6201 6213 6483 6505 6710 6324 6404 6584 6364 6349 6362 6305 6013 6250 6466 6081 6121 6201 6272 6597 6346 6091 6446 6114 6313 6431 6102 6324 6932 6658 6866 6438 6257 6528 6640 6343 6045 6155 6506 6278 6106 6535 6277 6352 6613 6010 6434 6590 6410 5752 6482 6132 6157 6215 6231 6068 6332 6019 6717 6661 5911 6208 6119 6569 6442 6301 6626 6549 6298 6240 6472 6414 6367 6245 6410 6568 6198 6477 6490 6420 5904 6280 6155 6126 5870 6062 6351 6116 6347 6679 5965 6478
5853 5734 6017 5962 5663 5807 5775 5963 6344 6408 5787 5964 6430 5734 5869 5988 5817 6040 6062 6027 5829 5985 5895 6325 6133 5709 6165 6169 5991 6059 5738 6308 6057 5891 6138 5632 5910 5912 6228 5988 5960 6136 5893 5963 6487 5925 6240 6028 6198 5737 5744 5614 5929 6210 5813 6057 6104 5882 5439 6223 5796 6108 6041 6252 5865 6249 6030 5733 5911 6125 5993 6169 6350 5961 6189 5920 5935 5523 6359 5853 5563 6481 6335 5930 5931 5777 6055 6285 5899 5993 5833 6218 5768 6230 5740 6261 5758 5994 5984 6054 5897 6364 5997 6099 5715 5757 5643 5792 5710 5875 5753 5940 6110 6080 5870 6354 6048 5892 6239 5823 5853 5983 6447 5725 5750 5662 5663 6006 5879 5758 5858 5574 6170 6434 5874 5815 6269 6008 6489 5995 6008 6046 6349 5545 5787 5876 6109 5865 5730 6270 5973 6258 6170 5493 5931 6154 5988 5419 6169 6147 5975 5760 5747 5953 5943 5903 5986 6287 5469 6172 5810 6430 6084 5801 6134 6146 5774 5773 6498 6089 6109 5576 6019 6236 5983 6106 6175 6120 5460 5768 5702 5638 5700 5896 6063 5862 6187 6138 5662 6293
5835 6103 5937 6073 5575 5896 5771 6118 6134 6793 5689 5945 6584 5917 5918 6166 5829 6075 6255 6217 5947 6421 5765 6358 6122 5977 6666 6468 5729 6163 6062 6214 6561 5966 6180 6194 5729 5989 6083 6518 6048 6459 6125 6118 6655 6133 6238 6205 6065 5822 5849 5953 6123 6206 6052 6177 6370 6068 5998 6619 6233 6203 6514 6266 6302 6292 6449 5914 6347 6633 6047 6361 6449 6008 6403 6185 6048 5920 6481 6089 5720 6620 6330 6144 5938 6097 6570 6931 6273 6132 5919 6211 5919 6389 5765 6522 5917 6064 6294 6311 5765 6601 6117 6222 5809 5910 5839 6081 6177 5968 6211 6187 6599 6317 6219 6373 6026 6447 6349 6285 5746 6081 6362 5940 5994 6169 5942 6431 6293 6198 6274 5847 6031 6342 6003 5898 6749 6264 6755 6363 6158 6440 6493 5984 5788 5960 6083 6177 5802 6294 6132 6380 6368 5960 6333 6321 6256 5600 6401 6249 6155 6094 6001 5997 6283 5983 6094 6519 5626 6272 5828 6150 6288 6047 6632 6326 5948 6294 6495 6281 6145 6333 6208 6396 5991 6211 6218 6492 5813 6146 6199 5848 6015 5974 6296 6015 6164 6128 6028 6277
5565 5491 5616 5725 5486 5664 5507 5900 5737 6217 5865 5816 6152 5422 5884 5812 5544 5918 5973 5645 5932 5841 5767 6047 5877 5625 5892 5991 5474 5728 5620 5915 6138 5636 5737 5573 5614 5910 5854 5738 5572 6119 5753 5793 6111 5698 5977 5488 5781 5519 5837 5408 5617 6157 5658 5696 5830 5622 5512 6129 5699 5700 6074 5732 5858 5884 5848 5704 5747 6254 5672 5623 5939 5703 5899 5578 5618 5749 6235 5545 5435 5991 6014 5629 5621 5656 5773 6336 5983 5821 5654 5770 5487 6096 5670 6050 5546 5578 5487 5884 5564 6264 5705 5989 5556 5429 5402 5302 5697 5551 5676 5827 6076 5771 5759 5868 5862 5948 5958 5728 5682 5648 5950 5708 5548 5607 5483 5896 5881 5672 5758 5446 5791 5890 5534 5906 6343 6136 6071 5870 5873 5913 6060 5699 5532 5356 5792 5760 5548 5859 5751 5979 5937 5624 5978 6031 5908 5278 5712 5851 5845 5857 5748 5697 5796 5598 5743 5902 5265 5811 5468 5889 5966 5441 5814 5921 5563 5642 6051 5688 5639 5731 5779 5919 5976 5545 5839 5749 5403 5602 5422 5300 5572 5695 5775 5360 5834 6045 5468 5973
6035 5909 5983 6062 6100 6059 5923 6254 6262 6689 5910 6121 6608 5933 6104 6305 5892 6063 6213 6127 6063 6146 6015 6436 6315 5885 6583 6094 6035 6253 6012 6383 6622 6021 6311 6101 5964 6037 6407 6031 6157 6450 6141 6122 6566 6390 6117 6137 6227 5862 6124 5683 5985 6344 5674 6389 6171 6258 5791 6442 5929 6174 6507 6176 5957 6212 6313 5937 6203 6406 5967 6293 6436 6076 6129 6010 5924 5800 6460 6197 5721 6693 6234 6141 6353 5971 6423 6546 6414 6179 5895 5933 5693 6530 5965 6215 5935 6081 5889 6245 5855 6886 6106 6362 5876 5803 5808 5767 6306 5969 6072 6198 6384 5924 5905 6196 6073 6159 6094 6246 5957 6000 6523 5858 5809 5951 5902 6129 6393 6035 6228 5723 6139 6140 5975 6074 6738 6546 6317 5972 6148 6221 6500 5960 6004 5904 6317 6215 5898 6266 6335 6262 6215 6032 6253 6456 6259 5353 6488 6191 6266 6181 6046 6086 5950 5960 6095 6389 5790 6136 5933 6577 6103 5970 6357 6257 5864 5773 6575 6114 6022 5884 6071 6370 6089 5852 6304 6146 5708 5794 6110 5754 5990 5832 6006 5855 6288 6285 5926 6296
5893 5689 5981 5838 5601 5883 5682 6152 6097 6313 5741 5953 6458 5959 5874 6096 5796 5911 6159 5965 5999 6204 5707 6301 5942 5963 6219 6000 5844 6068 5842 6292 6351 5862 6019 6129 5862 6174 5930 6268 5629 6280 6088 6185 6474 5950 6231 5950 5809 5920 5969 5570 5861 6169 5792 5937 5875 6166 5783 6377 6011 5991 6606 6186 5815 6095 6075 5786 5987 6238 5830 6161 6131 6136 5983 5817 6116 5807 6497 5850 5696 6398 6294 6027 5885 5795 6160 6472 6185 6224 5922 6153 5833 5972 5615 6009 6098 5945 5814 6190 5727 6470 5928 6135 5734 5620 5668 5817 6008 5913 5952 6156 6192 6076 5999 6329 6015 6058 6213 5938 5800 5993 6523 5748 5952 5675 5864 6238 6014 5991 6160 5755 5988 6216 5833 5823 6539 6156 6489 6219 5786 6191 6221 6030 5770 5859 5934 5893 5654 6104 5993 6123 6239 5578 6209 6177 5920 5624 6064 5957 5788 6034 5988 5793 5891 5917 6063 6394 5349 6047 5790 6190 6052 6098 6182 6218 5762 5826 6159 6031 6076 5789 6156 6296 6044 5869 6213 6131 5556 5723 5773 5806 5757 5733 6212 5665 6139 6278 5647 6077
5384 5642 5349 5618 5528 5633 5186 5711 5739 6190 5709 5523 6023 5507 5603 5910 5636 5908 5802 5701 5557 5666 5526 5800 5639 5507 6159 5569 5465 5654 5591 5947 6144 5329 5628 5542 5380 5784 5840 5665 5646 5928 5526 5675 5952 5623 5705 5578 5733 5429 5521 5139 5724 6065 5431 5625 5901 5472 5503 5822 5627 5571 6210 6003 5653 5959 5983 5648 5545 5951 5558 5613 6084 5537 5694 5520 5586 5647 5950 5690 5304 6080 5712 5328 5664 5659 5658 5970 5818 5543 5456 5499 5308 5556 5530 5810 5610 5463 5482 6051 5304 6327 5523 5698 5304 5322 5492 5262 5797 5460 5783 5882 5897 5920 5476 5796 5505 5839 5649 5520 5360 5440 5992 5562 5285 5528 5441 5745 5834 5536 5534 5248 5622 5924 5497 5575 6150 6020 6102 5681 5533 5927 5677 5426 5634 5486 5691 5697 5413 5709 5693 5834 5753 5623 5800 6031 5652 5179 5617 5742 5556 5628 5597 5515 5649 5434 5544 5889 5359 5908 5493 6122 5801 5494 5617 5797 5518 5518 6004 5985 5372 5899 5737 5956 5642 5488 5998 5635 5376 5366 5431 5489 5468 5389 5488 5463 5606 5904 5450 5849
5966 6256 6026 6238 5760 6154 6026 6321 6359 6907 6099 6217 6787 6050 6181 6642 6220 6301 6660 6433 6152 6556 6142 6453 6298 6031 6794 6280 5998 6341 6205 6788 6710 6201 6182 6315 6229 6365 6155 6398 6090 6499 6178 6309 6690 6207 6375 6118 6405 6067 6136 6048 6319 6627 6209 6353 6647 6170 5960 6681 6075 6390 6689 6535 6405 6573 6365 6214 6251 6386 6194 6413 6771 6083 6555 5988 6318 6133 6763 6244 5875 6719 6591 6278 6053 6355 6478 6648 6396 6152 5919 6548 5965 6510 6309 6693 6182 6195 6130 6505 5986 6838 6381 6250 6113 5960 6270 5945 6482 6178 6299 6500 6563 6500 6408 6308 6227 6405 6344 6411 6036 6249 6430 6125 6164 6015 6162 6314 6387 6174 6536 5750 6223 6493 5962 6253 6986 6639 6779 6422 6112 6554 6655 6277 6207 6096 6476 6352 5931 6492 6374 6431 6697 5987 6449 6482 6470 5992 6704 6059 6260 6388 6293 6106 6337 6280 6294 6472 5670 6421 6185 6552 6617 6308 6355 6263 6039 6152 6570 6193 6405 6460 6382 6478 6319 6092 6671 6407 6057 6159 6218 6063 6197 6165 6404 6163 6576 6360 5950 6615
5641 5558 5775 5912 5507 5459 5614 5978 6040 6273 5752 5847 6336 5559 5829 5799 5598 5886 6041 5617 5685 6033 5684 6195 5720 5908 6174 5906 5662 5788 5976 6107 6337 5625 5679 5935 5798 6124 6130 6075 5908 6041 5832 6089 6163 6071 5877 6019 5630 5734 6017 5355 5765 6258 5911 5791 5919 5721 5667 6124 5923 5746 6323 5889 5971 6021 5923 5593 5916 5954 5745 6102 6095 5651 5775 5841 5829 5745 6250 5748 5379 6365 6123 5985 5787 5625 6039 6324 6029 5936 5803 5860 5706 5857 5658 6056 5511 5854 5742 6128 5537 6407 5582 6077 5712 5573 5604 5417 5840 5806 6067 5943 6108 5939 5752 6010 5693 5977 5931 5865 5470 5863 6224 5594 5695 5709 5764 6047 5697 5895 5809 5590 5647 6151 5640 6023 6363 6032 6411 6035 5991 5929 6189 5807 5501 5724 5889 5856 5404 6025 5807 6024 6335 5783 6039 5955 6066 5441 5934 5980 5850 5982 5626 5772 5879 5590 5964 6116 5485 6034 5751 6131 6035 5743 6054 5956 5774 5818 5963 6052 5955 5767 5881 6304 5779 5776 5989 6007 5585 5663 5433 5562 5555 5882 5993 5752 5914 6047 5806 5934
5511 5879 5738 5550 5179 5424 5428 5576 5944 5991 5702 5774 6060 5778 5471 5880 5487 5928 6123 5783 5791 5984 5646 5998 5924 5533 5956 5747 5603 6007 5669 6130 6051 5496 5663 5791 5481 5751 5908 5837 5520 5954 5716 5823 5982 5658 5804 5596 5444 5598 5728 5427 5720 6179 5417 6032 5817 5618 5342 6028 5757 5801 6239 5935 6015 5901 5997 5525 5616 5872 5762 5929 5932 5482 5858 5593 5991 5659 6087 5604 5351 6195 5837 5568 5797 5692 5830 5955 5833 5768 5601 5945 5503 5881 5581 6002 5490 5728 5658 6023 5547 6310 5713 5811 5681 5672 5628 5573 5774 5612 5914 5665 5884 5886 5818 5834 5739 5819 5888 5719 5626 5666 5898 5613 5726 5727 5577 5907 5872 5635 5759 5616 5899 6042 5587 5750 6195 6026 6169 5924 5527 5763 6057 5658 5417 5508 5679 5654 5426 5781 5800 5819 5896 5646 5871 5885 5698 5289 5990 5660 5924 5882 5586 5381 5681 5478 5593 6096 5425 5799 5579 6168 5883 5724 5834 5877 5742 5864 5899 5686 5629 5768 5794 6047 5649 5780 6041 5649 5427 5467 5500 5347 5395 5554 5992 5530 5781 5723 5543 5969
6030 6089 6276 6340 5949 6027 6149 6471 6717 6894 6142 6453 6645 6116 6521 6347 6272 6276 6635 6386 6294 6608 6107 6596 6535 6210 6667 6297 5890 6317 6318 6490 6699 6158 6465 6304 5977 6416 6393 6646 6269 6707 6247 6500 6586 6458 6400 6312 6310 6044 6303 6043 6342 6442 6116 6386 6468 6489 6082 6744 6558 6369 6580 6702 6481 6350 6486 6311 6449 6332 6062 6372 6753 6211 6231 6307 6312 6247 6671 6339 5724 6976 6455 6433 6223 6023 6309 6848 6621 6551 5943 6586 5999 6278 6128 6621 6251 6372 6339 6274 6114 6756 6395 6347 6049 6279 5928 5981 6424 6256 6482 6252 6420 6141 6276 6229 6293 6216 6309 6048 6046 6494 6471 6148 5997 6128 6224 6401 6341 6349 6530 5882 6311 6624 6208 6197 7062 6616 6804 6791 6066 6326 6615 6331 6068 6225 6470 6296 6085 6460 6119 6543 6351 6207 6540 6348 6526 5669 6865 6232 6109 6519 6157 6152 6169 6072 6188 6549 5889 6448 5907 6764 6374 6231 6493 6418 6219 6216 6631 6327 6463 6389 6470 6757 6126 6386 6480 6580 6012 6074 6131 5925 6003 6268 6466 6291 6219 6618 6078 6429
5971 5898 5939 6033 5804 6059 5842 6297 6384 6616 5948 6234 6578 5984 6284 6311 5784 6262 6137 6100 6012 6381 6135 6239 6232 5823 6424 6147 5901 6374 6051 6162 6650 6067 6361 6062 6063 6241 6319 6098 6191 6392 6224 6140 6501 6052 6382 6095 6299 5921 6307 5778 6048 6506 6038 6024 6266 6182 5988 6266 6063 5931 6563 6250 6194 6440 6304 6047 6093 6491 5980 6273 6336 6074 6295 6313 5997 6012 6596 6054 5860 6586 6571 6278 6115 6081 6258 6719 6385 6084 5953 6216 5806 6391 5778 6504 5962 6051 5933 6452 5772 6742 5993 6426 5977 5884 5924 5769 6212 5814 6188 6092 6317 6259 6195 6273 6001 6138 6387 6153 5972 6162 6431 6103 6048 5988 6007 6304 6321 6248 6131 5963 6203 6471 6183 5899 6516 6543 6494 6085 6109 6517 6510 6263 5860 5954 6174 6240 5834 6560 6084 6393 6310 5813 6489 6558 5944 5801 6302 6289 6369 6218 5977 6009 6295 6000 6085 6486 5780 6438 5901 6586 6135 5772 6291 6256 6014 5818 6623 6399 6051 6231 6149 6384 6075 6140 6592 6185 5744 5892 6112 5716 5793 6116 6069 6003 6284 6404 6181 6432
5809 5877 6070 5961 5811 5834 5851 6425 6202 6476 5938 6075 6303 5762 6133 6057 6031 6206 6500 6242 5914 6249 5871 6104 6317 5790 6328 6416 5751 6362 6028 6395 6460 5908 6049 5938 5967 6275 6166 6135 6175 6453 5984 6149 6516 6127 6052 6059 6156 5782 6167 5767 6006 6319 6005 6121 6189 5961 5840 6138 6039 6019 6342 6126 6184 6355 5871 6102 6059 6056 5904 6357 6522 5704 6115 5726 5960 5993 6451 6133 5728 6644 6263 6191 6164 5795 6005 6641 6297 6240 5879 6011 5874 6083 5794 6277 6018 5829 5972 6205 5884 6707 6246 6056 5912 5836 5696 5819 6027 5795 6034 6192 6328 5986 6205 6101 6264 6350 6162 6071 5929 6077 6260 5858 5995 5953 5782 6348 6012 5831 6088 5612 6152 6275 5994 6061 6634 6457 6447 6216 6145 6193 6273 5935 5816 5911 6105 5952 5874 6107 6001 6210 6391 5910 6387 6287 6060 5667 6238 6066 5977 5989 6250 5872 6236 5848 6228 6399 5461 6266 6071 6310 6189 5913 6056 6231 5973 5847 6400 6154 6270 5917 6129 6417 5950 6113 6413 6230 5827 5923 5830 5673 5851 6135 6133 5901 6204 6292 5755 6070
5820 5990 5685 6054 5712 5908 5795 6055 6337 6639 5802 5974 6538 5885 6222 5882 5835 6224 6221 5919 6053 6215 5901 6208 6088 5769 6447 6290 5959 6070 6096 6410 6585 5919 5969 6077 5969 6008 6084 6144 5943 6557 6014 6049 6397 6255 5899 6041 6072 5544 5890 5570 5987 6419 5840 6023 6175 6100 5739 6119 5951 6019 6355 6066 6266 6443 6111 5951 6053 6035 6119 6385 6582 5804 6192 6023 6139 5582 6396 6033 5598 6438 6168 5806 5917 6090 6064 6421 6225 6222 5676 6113 5768 6142 5640 6318 5923 6039 5742 6121 5861 6496 6168 5906 5937 5742 5600 5782 5842 5734 6235 6183 6379 6184 6062 6076 5933 6116 6220 5738 5769 6149 6233 5817 5645 6058 5967 6280 6102 5927 5908 5453 6312 6311 5798 6085 6525 6251 6323 6102 5964 6147 6267 5821 5892 5898 6147 5998 6051 6222 5978 6312 6107 6014 6050 6066 6436 5491 6350 6047 6135 5966 5951 5929 6086 5982 6050 6409 5612 6264 5840 6448 6265 5789 6221 6219 5847 6083 6338 6160 6102 6024 6167 6371 5692 6122 6181 6239 5828 5935 6021 5751 6016 5984 6121 6014 6025 6180 5732 6344
6117 6322 6232 6535 6162 6499 6314 6567 6598 6865 6502 6673 6908 6301 6310 6675 6348 6529 6503 6684 6423 6622 6192 6579 6378 6249 6889 6652 6191 6405 6539 6696 6828 6283 6461 6539 6100 6497 6512 6795 6289 6895 6516 6592 6899 6406 6630 6546 6529 6156 6335 6042 6503 6596 6132 6263 6722 6239 6132 6817 6546 6508 6935 6573 6454 6617 6629 6551 6263 6726 6577 6701 6720 6386 6510 6530 6437 6102 6753 6458 5965 6812 6618 6343 6317 6388 6553 7036 6568 6491 6182 6539 6305 6750 6058 6800 6493 6472 6287 6815 6211 7222 6332 6633 6191 6408 6240 6048 6365 6244 6522 6598 6568 6745 6199 6752 6363 6561 6836 6180 6054 6184 6942 6007 6218 6510 6315 6676 6711 6330 6486 6043 6306 6885 6184 6462 7116 6598 6983 6682 6275 6680 6646 6344 6272 6438 6443 6342 5993 6671 6672 6656 6630 6382 6685 6745 6400 5931 6553 6616 6464 6370 6381 6268 6439 6362 6530 6578 6052 6723 6365 6716 6723 6282 6856 6415 6397 6292 6620 6572 6296 6499 6598 6674 6507 6736 6517 6586 6116 6143 6285 6093 6416 6396 6505 6262 6501 6617 6414 6569
5636 5486 6100 5923 5594 5871 5776 6041 6116 6425 5812 6021 6106 5950 5890 6199 5763 5935 6181 5874 5951 6177 6009 6291 6115 5998 6026 6064 5713 6085 5876 6091 6371 6045 5839 6034 5811 6026 5931 6145 6003 6240 6068 6154 6375 5917 6148 6070 5761 5747 6020 5431 5753 6060 5883 6063 6074 5822 5792 6174 5890 6092 6603 5955 5891 6100 5965 6003 6192 6227 5838 6079 5983 5879 5933 5905 5961 5940 6373 5891 5619 6446 6259 6209 5835 5668 6003 6086 6255 5977 5681 6146 5894 5996 5812 6089 5603 5971 5771 6128 5690 6452 5849 6171 5877 5467 5509 5555 6065 5749 5820 6039 5994 5922 5948 5997 5768 5901 6177 5915 5950 5933 6364 5555 5679 5718 5670 6149 5911 5764 6191 5685 5987 6356 5639 5999 6244 6165 6311 6030 5899 6104 6314 5937 5739 5965 6028 6122 5559 6115 5699 5992 6011 5889 6223 6217 5915 5295 6405 5850 6078 6013 5956 5865 5859 5712 5818 6413 5567 6061 5913 6204 6108 5719 5962 6103 5746 5816 6158 5909 5967 5647 5746 6121 5978 5825 6197 6052 5506 5763 5864 5685 5531 6013 6040 5803 6068 6009 5755 6124
5896 6106 6304 6053 5686 5971 5828 6424 6315 6838 6181 6209 6742 6099 6146 6285 6110 6300 6359 6202 6227 6656 6075 6461 6515 5990 6688 6281 5811 6447 6157 6522 6586 6000 6079 6102 6054 6296 6330 6508 6306 6520 6206 6347 6738 6394 6420 6178 6257 6075 6209 5771 6020 6539 5839 6463 6406 6036 5764 6511 6257 6508 6514 6356 6280 6468 6322 6095 6280 6231 6173 6342 6786 6158 6420 6154 6159 6205 6595 6338 5952 7003 6599 5968 6310 6216 6418 6696 6519 6247 5924 6518 6044 6542 6120 6502 6028 6098 6296 6519 6092 6664 6388 6469 6038 6185 6026 5824 6171 6017 6307 6290 6471 6380 6408 6424 6428 6320 6670 6244 5859 6225 6608 6001 6158 6043 6287 6267 6527 6088 6339 5836 6322 6706 6161 6274 6869 6538 6777 6622 6087 6291 6354 6141 5836 6024 6372 6116 5830 6449 6229 6357 6440 6215 6682 6361 6102 5870 6330 6127 6322 6210 6279 6188 6355 6070 6172 6502 5586 6458 6316 6565 6483 5841 6501 6274 6077 6144 6594 6245 6161 6314 6433 6325 6214 6345 6414 6443 5892 6030 6235 5849 5956 6039 6196 5854 6215 6569 6020 6547
5553 5526 5610 5545 5377 5366 5301 5630 5679 6103 5430 5552 6037 5501 5675 5739 5467 5666 5979 5655 5433 5654 5530 5955 5843 5501 5803 5475 5495 5887 5491 5793 5836 5562 5608 5599 5303 5677 5733 5731 5596 5924 5474 5627 5885 5834 5947 5663 5590 5488 5383 5493 5583 5843 5355 5619 5808 5574 5437 5905 5505 5848 5902 5657 5566 5779 5812 5519 5517 5975 5504 5982 5859 5405 5573 5546 5866 5328 6202 5687 5529 6333 5811 5691 5936 5557 5731 5944 5669 5587 5402 5669 5443 5878 5490 5755 5490 5674 5425 5805 5372 5945 5428 5854 5542 5564 5499 5366 5785 5490 5265 5683 5795 5699 5585 5520 5599 5707 5570 5581 5478 5585 5999 5442 5398 5534 5447 5662 5578 5460 5895 5381 5940 5895 5440 5536 6016 5789 5772 5892 5496 5580 6045 5507 5324 5452 5676 5701 5307 5678 5538 5824 5730 5535 5721 5713 5644 5182 5906 5792 5730 5592 5414 5596 5558 5633 5591 6056 5071 5335 5582 5997 5637 5414 6020 5898 5360 5509 6010 5736 5755 5432 5445 5898 5389 5441 5854 5645 5210 5377 5325 5322 5399 5631 5772 5369 5697 5850 5572 5638
5852 5912 5845 6010 5572 5632 5641 6223 6316 6477 5790 6183 6431 5830 6135 6084 5917 6202 6161 5950 6226 6166 5995 6348 6168 5690 6263 6305 5831 6293 5984 6270 6582 6132 6257 6039 5869 6322 6231 6160 5963 6187 5905 6251 6442 6154 6274 5976 6250 5912 5980 5731 6177 6493 5688 6093 6074 5783 5698 6328 6085 6311 6351 6192 6217 6412 6098 6055 6025 6324 5989 6229 6517 5891 6207 6163 5984 5924 6501 5970 5882 6488 6264 5974 5940 6009 6318 6341 6226 5998 6007 6295 5609 6077 5919 6480 5934 5913 6224 6324 5820 6680 6090 6243 5934 5945 5628 5848 5957 5718 6098 6010 6284 6112 6045 6173 6200 6150 6202 6132 5916 6018 6185 5698 5876 5759 6033 6232 6125 5947 6156 5830 6093 6383 5985 6064 6635 6402 6573 6260 6120 6108 6367 5908 6008 5967 5954 6051 6001 6277 5974 6217 6336 6050 6074 6272 5938 5801 6234 6141 6151 6175 6039 6037 6154 6018 5858 6388 5492 6173 5637 6271 6037 5837 6297 6224 5894 5912 6391 6317 6059 5893 6238 6330 5971 6151 6081 6185 5591 5868 5755 5717 6076 6029 6112 5870 6096 6391 5941 6135
5723 5865 6011 5928 5705 5595 5690 6073 6231 6569 5828 5989 6453 5748 6036 5878 5768 6056 6232 6125 5976 6197 5922 6219 6100 6097 6374 6107 5804 6140 5883 6368 6402 5893 6119 5807 5828 6128 6099 6023 5990 6212 6041 6261 6528 6110 6112 5832 6132 5890 6119 5596 6005 6376 5702 6134 6200 6174 5849 6030 5957 6137 6352 6000 6061 6516 5953 5755 6054 6065 5850 6078 6373 5997 5916 5960 5936 5862 6353 5954 5546 6411 6228 6083 5888 5860 6106 6285 6302 5932 5822 5970 5719 6208 5744 6368 5863 5908 5925 6263 5532 6501 5777 6107 5866 5991 5850 5558 6067 5968 6157 6015 6096 6027 6060 6319 5909 6076 6038 5996 5576 6180 6486 5965 5714 5853 5861 6007 5965 6003 6040 5656 5929 6286 5980 5903 6438 6237 6475 6330 6044 6437 6442 6156 5761 5714 6063 5817 5767 6292 5995 6103 6339 5676 5968 6226 6081 5576 6420 5878 6164 6095 6026 6071 6002 5503 5908 6207 5452 5970 5742 6351 6334 5762 6315 6090 5875 5843 6425 6343 6090 5718 5916 6503 5752 5845 6285 6226 5643 6111 5827 5617 5667 5875 6094 5893 6074 6230 6009 6132
6119 6199 6051 6224 5787 6017 5893 5996 6510 6504 6303 6093 6438 6263 6198 6526 5984 6119 6533 6230 6113 6226 6064 6311 6262 6046 6306 6142 5968 6535 6110 6406 6704 6086 6039 5983 6044 6156 6162 6344 6139 6532 6292 6340 6457 6035 6239 6062 6118 5912 6233 5707 5993 6598 6084 6409 6199 6176 5875 6546 6222 6200 6464 6195 6345 6444 6245 6252 6262 6344 5985 6485 6717 6051 6368 6159 6187 6266 6659 6347 6020 6493 6331 6208 6241 6174 6280 6454 6270 6263 6213 6477 5813 6520 5990 6516 6153 6152 6135 6351 6023 6848 6246 6154 6086 5933 5957 5966 6154 5896 6424 6440 6382 6300 6181 6168 6030 6391 6517 6038 6109 6227 6238 6121 6011 6123 6018 6472 6212 6163 6214 5799 6274 6375 5959 6445 6797 6624 6482 6133 6021 6440 6503 6105 6071 6119 6000 6310 5796 6043 6083 6459 6462 6009 6307 6381 6097 5746 6395 6221 6353 6076 6267 6012 6141 6103 6215 6341 5681 6155 5772 6321 6217 5961 6305 6169 5955 5945 6337 6285 6284 6176 6353 6498 6128 6091 6455 6219 5833 5955 6016 5864 5914 5920 6336 5907 6322 6621 5985 6297
6135 6169 6445 6365 6107 6277 5994 6306 6481 6985 6390 6488 6655 6448 6296 6511 6193 6364 6421 6426 6442 6609 6209 6495 6396 6379 6539 6373 6126 6483 6259 6795 6788 6152 6478 6152 6164 6350 6335 6600 6474 6625 6345 6526 7066 6377 6645 6461 6189 5931 6430 5765 6151 6376 6080 6439 6644 6448 6259 6737 6193 6454 6782 6347 6292 6694 6383 6286 6477 6504 6221 6433 6774 6298 6286 6363 6263 6115 6797 6281 5978 6852 6536 6435 6437 6243 6217 6971 6715 6268 6092 6536 6223 6439 6071 6574 6145 6386 6081 6519 6112 6787 6172 6273 6176 6145 6104 6064 6502 6177 6340 6344 6593 6355 6350 6485 6213 6251 6518 6334 6077 6515 6851 6336 5887 6054 6209 6472 6397 6132 6382 6126 6600 6602 6267 6234 6651 6693 6702 6439 6244 6376 6673 6296 6005 6100 6330 6165 6195 6771 6240 6458 6376 6117 6260 6668 6301 5857 6739 6224 6399 6202 6211 6179 6386 6042 6126 6736 6054 6356 5999 6704 6372 6059 6398 6398 6229 5944 6631 6522 6387 6284 6354 6486 6363 6303 6495 6221 6017 6320 6325 5945 5975 6137 6568 6066 6265 6610 5991 6607
5872 6215 6060 6235 5736 6270 6056 6317 6392 6829 6060 6383 6601 5936 6246 6421 6159 6250 6491 6287 6195 6380 5997 6416 6369 6481 6596 6235 6109 6310 6192 6485 6675 6104 6038 6047 6151 6299 6247 6352 6113 6692 6177 6356 6624 6473 6386 6544 6362 6073 6128 5732 6165 6529 5943 6463 6400 6053 6042 6599 6116 6459 6716 6250 6247 6467 6444 6357 6211 6331 6106 6281 6588 6212 6348 6212 6196 6229 6678 6389 6107 6767 6353 6238 6120 5941 6294 6455 6537 6254 5948 6434 5832 6257 6253 6440 6119 6285 6255 6523 6048 6790 6281 6431 6146 5833 5858 6167 6264 5958 6171 6317 6627 6436 6140 6173 6105 6428 6361 6041 6175 6372 6623 5970 6078 6056 6105 6185 6286 6080 6351 6058 6529 6474 6081 6292 6890 6573 6668 6195 6262 6486 6336 6225 6096 6308 6389 6330 6060 6486 6296 6329 6428 6005 6387 6450 6423 5790 6507 6243 6132 6111 6124 5962 5937 6108 6070 6488 5838 6464 6007 6539 6272 5949 6106 6356 5896 6034 6518 6225 6311 6131 6314 6392 6024 6201 6383 6412 5829 6070 6270 5717 5975 6269 6310 6217 6428 6422 5976 6296
5517 5811 5873 5838 5306 5712 5622 5887 6028 6382 5605 5965 6251 5883 5697 5752 5738 6044 6203 5950 5963 6072 5892 6167 5989 5819 6230 6020 5677 6116 5749 6044 6427 5791 5964 5634 5504 6003 5713 5978 5967 6238 5785 6153 6252 5708 5882 5717 5925 5629 5564 5540 5841 6263 5747 6359 6194 5933 5562 5982 5849 5891 6256 5979 6092 5951 5891 5832 5948 5985 5588 5927 5984 5680 5956 5882 5665 5871 6159 5709 5512 6376 6201 5708 5686 5793 5948 6206 6235 5838 5740 6056 5561 6012 5484 6353 5903 5984 5690 6084 5290 6254 6225 6010 5527 5848 5534 5630 5654 5771 5759 5802 6005 5884 5979 6038 5547 5754 6042 5795 5731 5867 6059 5719 5800 5945 5750 6009 5965 5742 5918 5537 5819 6013 5752 5835 6454 6066 6306 5975 5753 6281 6105 5757 5602 5668 5918 5833 5487 5994 5835 5944 5842 5846 5874 5962 5904 5416 6219 5760 6053 5935 5835 5890 5988 5783 5871 5991 5571 5755 5612 5896 6093 5739 6146 6180 5575 5970 6060 5960 6036 5687 5927 6206 5901 5965 6063 6103 5462 5567 5697 5658 5672 6011 5937 5773 6138 5859 5680 6032
5736 5824 5878 5840 5661 5656 5486 5896 6210 6228 5611 5946 6317 5783 6023 6177 5581 5863 6105 5657 6000 6175 5749 6088 6050 5881 6072 6033 5782 6031 6012 5852 6432 5897 5733 5694 5775 6104 5897 5808 5811 6245 5846 5866 6478 5954 6170 5975 6029 5576 5938 5432 5985 6216 5661 5888 6007 6002 5702 5922 5936 6206 6217 6018 6063 6020 5991 5802 5955 6177 5690 6104 6022 5660 5917 5964 5912 5843 6202 6298 5558 6082 6258 5922 5926 5792 5722 6151 6053 5906 5758 6060 5471 5980 5848 6317 5919 5861 5797 6436 5682 6581 5803 5855 5728 5648 5545 5532 6002 5695 5897 5950 6137 5927 5811 6035 5805 6118 5999 5932 5748 6112 6174 5798 5718 5903 5771 6326 6009 5777 6164 5705 5956 6140 5778 6088 6765 6234 6275 5975 5958 6297 6018 5946 5836 5851 5805 5911 5554 5995 5688 6004 6161 5759 6244 6030 5671 5804 6145 5981 5954 5849 5828 5735 5947 5692 5849 5995 5412 6032 5773 6056 5891 5649 6203 6111 5714 5783 6242 6102 6095 5975 5965 6163 5653 5974 6267 5974 5415 5629 5842 5405 5694 5867 6083 5846 5926 6121 5688 5976
5952 5952 5753 5936 5683 5703 5701 6063 6269 6557 5852 6050 6123 5973 6226 6097 6056 6272 6102 5975 6009 6237 5965 6329 6136 5602 6408 6071 5616 6005 5761 6214 6546 5843 5995 6024 5993 6137 6330 6097 5901 6207 5946 6192 6257 6147 6017 5966 6124 5895 5847 5705 6025 6438 5722 5983 6222 5979 5823 6152 6092 6044 6265 6112 5964 6153 6031 5909 6079 6232 5895 6079 6259 5806 5971 6019 6008 5961 6191 5913 5739 6647 6295 5812 5891 5895 6130 6363 6160 6094 5817 6290 5747 6087 5664 6129 5608 5910 5831 6351 5883 6500 5911 6160 5701 5866 5779 5925 6067 5858 5973 6118 6324 5880 6249 6225 5966 6192 6285 5903 5911 5954 6128 5971 5746 5906 5802 6189 6126 5981 6186 5982 6059 6293 5810 6057 6481 6084 6389 6225 5998 6203 6236 5991 5709 5914 5905 6208 5964 6158 5906 6078 6152 5642 6174 5949 5889 5637 6319 6142 6004 5988 5719 5815 5868 5666 6051 6288 5568 5997 5892 6286 6061 5970 6186 6210 5637 5899 6302 6187 6169 6102 6143 6493 5707 6067 6348 6219 5550 5962 5826 5544 5700 5992 5959 5976 6344 6430 6003 6110
6076 6280 6279 6244 6039 6179 5996 6493 6428 6789 5963 6184 6570 6229 6283 6313 6279 6254 6243 6154 6237 6314 6145 6625 6270 6046 6875 6398 5942 6653 6151 6512 6721 6377 6252 6292 5887 6456 6570 6460 6208 6557 6167 6353 6946 6286 6440 6142 6340 6128 6369 6172 6159 6554 5951 6212 6391 6362 6045 6503 6330 6316 6703 6391 6317 6610 6369 6151 6396 6480 6121 6423 6562 6079 6288 6321 6121 6288 6729 6461 5845 6840 6433 5957 6365 6299 6336 6745 6463 6295 5963 6398 6024 6438 6193 6541 6122 6410 6307 6640 5950 7037 6291 6286 6220 5804 5864 5796 6497 6251 6519 6261 6807 6410 6353 6428 6135 6412 6216 6163 6044 6234 6778 6197 6003 6234 6029 6354 6222 6078 6326 5799 6294 6658 6270 6123 6853 6691 6777 6598 6360 6566 6498 6095 5994 6040 6487 6350 5940 6503 6229 6324 6417 6239 6314 6488 6527 5869 6669 6457 6555 6466 6141 6317 6206 6208 6161 6560 5669 6366 5960 6574 6293 6176 6492 6568 6106 5994 6500 6521 6362 6021 6430 6422 5971 6353 6488 6482 5850 6073 6247 5776 6092 6182 6507 6099 6579 6687 6140 6529
6250 6310 6301 6476 6217 6146 5991 6355 6552 6921 6486 6181 6927 6040 6394 6622 6209 6286 6616 6672 6423 6272 6188 6791 6552 6279 6711 6613 6043 6371 6170 6549 6562 6287 6276 6283 6023 6402 6502 6378 6195 6684 6233 6624 7045 6216 6597 6359 6427 6001 6468 5882 6059 6730 6265 6505 6452 6399 5925 6664 6447 6396 6776 6450 6464 6495 6492 6292 6342 6360 6374 6448 6681 6235 6395 6408 6404 6360 6625 6445 5986 7006 6596 6438 6574 6417 6447 6839 6678 6473 6266 6555 6089 6516 6220 6844 6248 6210 6434 6680 6133 6979 6134 6611 6216 6255 6103 5856 6507 6310 6313 6530 6523 6523 6264 6515 6320 6586 6312 6308 6116 6552 6792 6327 6168 6216 6377 6568 6511 6483 6503 5824 6543 6655 6401 6449 7023 6617 6910 6427 6382 6504 6467 6371 6115 6127 6451 6186 6161 6570 6493 6590 6442 6253 6680 6499 6572 6055 6689 6230 6759 6537 6222 6435 6187 6118 6495 6831 5749 6357 6315 6568 6703 5979 6578 6488 6217 6189 6692 6789 6453 6432 6589 6713 6379 6261 6470 6565 6085 6394 6265 6042 6226 6243 6505 6047 6458 6852 6229 6412
5641 6016 6150 6166 5871 5824 5705 6126 6128 6547 6067 6040 6306 5782 6075 6110 5831 6148 6378 6146 6056 6324 5795 6358 6153 5936 6512 6282 5842 5960 6224 6052 6477 5878 6266 5990 5792 6100 6429 6277 5895 6387 6032 6183 6517 6269 6474 6211 6087 5869 5876 5654 6118 6463 5950 6112 6099 6133 5767 6377 6041 6117 6285 6138 6162 6188 6205 6098 5862 6368 5977 6174 6432 6003 6015 6060 5974 5869 6352 6449 5541 6488 6162 5855 6272 5991 6151 6432 6186 6242 5839 6116 5896 6051 5860 6220 5946 6277 6094 6365 5861 6657 5868 6469 5939 6044 5788 5768 6073 5952 6115 5993 6257 6033 5861 6085 6218 6257 6318 5942 5803 5944 6720 5827 5682 6055 5914 6402 6232 5807 6206 5795 6413 6381 6011 5999 6871 6560 6514 6355 6022 6181 6447 6055 5626 5797 6107 6093 5698 6206 5973 6180 6197 5846 6336 6321 5944 5650 6143 6006 5974 6231 6033 5905 5864 5793 6146 6212 5594 6136 5929 6454 6348 5787 6226 6149 5858 5849 6391 6318 5819 5992 5948 6304 5903 6110 6469 6283 5827 5859 5883 5768 5716 5870 6084 5958 5985 6351 6051 6297
5728 5736 5868 6023 5788 5732 5848 6131 6097 6619 5990 5855 6557 5698 6142 6188 6000 6121 6169 5863 6116 6353 5832 6419 5971 5949 6604 6004 5819 6039 5944 6496 6470 5736 6099 6094 5575 6026 6274 6198 6096 6250 5965 5945 6443 6211 6025 5937 6032 5910 6066 5756 6079 6491 5845 5853 6267 6191 5699 6237 6049 6227 6552 6289 6082 6193 6110 5816 5896 6300 5846 6301 6279 6104 5870 6158 6020 5760 6444 5975 5664 6580 6343 6124 5848 6031 6228 6434 6239 6137 5819 6082 6001 6156 5915 6359 5820 6158 5916 6327 5960 6640 6159 6139 5716 5799 5895 5611 6134 6108 6262 6317 6260 6437 6020 6375 6004 5991 6258 6273 5849 6141 6299 5901 5921 5724 6117 6352 5966 5847 6149 5646 6070 6334 5619 5977 6582 6107 6624 6535 5956 6390 6443 6096 5975 6032 6252 6179 5525 6235 5982 6198 6320 5934 6245 6250 6248 5534 6479 6026 5782 6112 5976 6082 6152 5801 5868 6153 5614 6000 5844 6359 6287 6110 6450 6340 6125 6079 6488 6156 6114 6034 5901 6267 5875 6040 6385 5946 5969 5958 6044 5805 5920 5834 6077 5931 6132 6228 5752 6293
6007 6012 6025 6224 5904 5958 5763 6218 6319 6471 6249 6075 6541 5984 6249 6281 5847 6250 6308 6148 6082 6405 5882 6386 6190 6010 6682 6265 5979 6309 6193 6484 6601 5899 6261 6007 6066 6417 6495 6075 6023 6406 6211 6399 6591 6263 6387 6139 6201 5772 6247 5680 6152 6671 5957 6016 6152 6528 5864 6453 6206 6110 6480 6191 6317 6268 6195 5887 5961 6437 6202 6314 6536 6170 5966 6194 6118 6190 6499 6106 5883 6634 6256 6201 6026 6170 6197 6513 6470 6207 5927 6262 5819 6283 5803 6307 5913 6097 5875 6545 6010 6769 5865 6446 6037 6121 5913 5542 6323 5935 6378 6147 6405 6231 5949 6494 5948 6090 6207 5992 6036 6068 6296 5966 6015 5989 6135 6469 6211 6273 6125 5712 6340 6389 5865 6270 6804 6631 6532 6290 6218 6474 6437 6199 6027 5884 6207 6367 5864 6205 6188 6168 6443 6062 6337 6357 6342 5849 6368 6218 6072 6235 6110 6182 5995 5978 6247 6359 5916 6331 5921 6406 6170 5952 6301 6504 6080 5968 6456 6398 6024 6120 6172 6353 5921 6229 6554 6370 5797 5787 5956 5662 5984 6098 6306 6045 6135 6491 5960 6360
6049 6221 6552 6323 5842 5965 5980 6591 6453 6858 6241 6454 6644 6272 6219 6281 6294 6342 6420 6335 6361 6570 6439 6682 6444 6132 6439 6528 6344 6629 6231 6468 6868 6232 6314 6323 6143 6464 6622 6614 6442 6605 6279 6284 6769 6254 6606 6307 6458 6106 6241 6013 6257 6472 6305 6466 6697 6434 5931 6628 6431 6352 6712 6494 6318 6608 6354 6300 6498 6605 6265 6501 6630 5940 6420 6586 6360 6263 6770 6481 5958 6883 6678 6380 6412 6025 6453 7006 6489 6360 6114 6531 6007 6651 5966 6933 6310 6522 6349 6574 6327 6779 6386 6682 6269 6388 6020 6055 6476 6138 6413 6462 6679 6574 6212 6645 6318 6449 6642 6496 6174 6535 6676 6072 6167 6214 6307 6625 6423 6051 6412 6214 6499 6699 6278 6399 6892 6624 6799 6311 6200 6461 6673 6426 6117 6025 6468 6322 5968 6583 6351 6288 6368 6265 6610 6612 6441 5899 6569 6511 6393 6293 6099 6250 6443 6256 6593 6754 5974 6291 6396 6636 6590 6182 6613 6602 6218 6312 6867 6521 6571 6492 6481 6599 6406 6446 6709 6597 5988 6224 6196 5943 5932 6280 6499 6297 6532 6610 6313 6626
5379 5505 5472 5633 5071 5364 5409 5856 5792 6414 5478 5599 6060 5457 5626 5785 5512 5556 5897 5781 5484 5941 5254 5732 5595 5429 5953 5722 5427 5874 5525 6013 6044 5504 5746 5484 5302 5629 5825 5850 5469 5878 5617 5750 6180 5521 5792 5816 5592 5377 5679 5260 5539 5860 5564 5615 5763 5480 5313 5949 5643 5823 5886 5853 5756 5539 5678 5586 5617 5849 5429 5726 5705 5587 5758 5365 5611 5556 5761 5660 5141 6248 5578 5644 5626 5647 5802 6068 5672 5540 5184 5569 5413 5681 5591 5796 5379 5726 5732 5849 5581 5915 5627 5671 5426 5515 5287 5256 5699 5476 5778 5788 6010 5815 5463 5667 5718 5620 5716 5550 5482 5764 5776 5651 5446 5484 5573 5811 5845 5617 5790 5163 5652 5859 5574 5733 6080 5949 6182 5841 5515 5958 6133 5579 5518 5476 5860 5700 5465 5837 5474 5737 5713 5545 5677 5787 5628 5051 5893 5612 5552 5682 5443 5571 5632 5315 5571 6088 5310 5699 5332 5975 5842 5394 6047 5749 5421 5519 5737 5777 5488 5672 5499 6066 5497 5603 5566 5881 5370 5444 5583 5336 5481 5320 5698 5652 5574 5762 5485 5875
5610 5740 5593 5816 5360 5682 5656 5684 6007 6301 5883 5748 6182 5658 5875 5927 5747 5770 6152 5988 5744 6100 5522 5901 5721 5825 6069 5994 5567 6066 5737 6256 6165 5741 5610 5862 5612 5845 5796 5991 5830 5965 6070 6089 6146 5876 6057 5848 5684 5505 5830 5532 5619 6085 5851 5922 5972 5705 5646 6091 5912 5804 6077 5819 5801 6095 5850 5692 5959 5893 5689 6085 6250 5758 5917 5791 5889 5700 6187 5950 5614 6269 6201 5802 5762 5978 5933 6212 6145 5796 5939 5820 5710 5865 5683 6100 5633 6002 5645 6007 5522 6447 5806 5950 5911 5675 5768 5580 5930 5874 5758 5928 5926 6034 5712 5941 5747 5715 6042 5737 5745 5761 6195 5763 5664 5594 5713 5943 5974 5892 5705 5360 6072 5868 5614 5953 6171 6278 6167 5972 5549 6224 6056 5616 5443 5920 6160 5669 5574 6087 5759 6115 5821 5804 6167 5855 5949 5364 6124 5859 5943 6023 5711 5704 5800 5723 5795 6233 5476 5801 5509 6111 6122 5549 6064 5746 5629 5662 6029 6097 6041 5696 5918 6101 5486 5688 6099 5918 5365 5669 5598 5640 5558 5588 6101 5917 5952 6044 5679 5907
6016 6349 6494 6346 6022 6137 6210 6451 6562 6977 6530 6597 6953 6548 6323 6577 6301 6734 6635 6608 6445 6707 6348 7015 6610 6345 6557 6662 6080 6720 6487 6896 6812 6367 6475 6438 6471 6579 6643 6642 6478 6979 6523 6383 6745 6668 6753 6743 6637 6302 6479 6018 6199 6764 6475 6482 6667 6518 5957 6746 6444 6686 6883 6349 6559 6733 6473 6560 6484 6799 6262 6504 6856 6465 6628 6638 6565 6183 7014 6583 5928 7067 6692 6442 6579 6419 6619 6915 6834 6467 6185 6566 6258 6583 6238 6860 6337 6620 6415 6665 6065 6882 6187 6531 6104 6307 6217 6016 6541 6402 6548 6421 6712 6698 6671 6490 6631 6519 6934 6725 6318 6468 6829 6398 6321 6093 6576 6518 6545 6387 6631 6169 6708 6763 6282 6533 7113 6851 6961 6692 6435 6642 6916 6331 5983 6323 6437 6266 6328 6659 6662 6768 6890 6108 6376 6593 6513 5947 6687 6605 6375 6369 6504 6508 6341 6332 6694 6934 5895 6575 6333 6747 6777 6108 6774 6490 6487 6402 6998 6589 6435 6414 6460 6811 6408 6423 6691 6518 5897 6346 6126 6225 6317 6437 6815 6381 6619 6639 6457 6515
5645 5789 5584 5776 5461 5641 5569 5924 5883 6128 5826 5733 6130 5930 5845 5797 5802 5961 5945 5874 5795 5793 5676 6058 5894 5887 5882 5838 5645 6009 5640 6019 6098 5763 5791 5587 5540 5818 5984 5887 5875 5811 5579 5911 6029 5900 5852 5819 5865 5495 5852 5382 5782 6274 5332 5935 6019 5724 5522 6084 5709 5740 6170 5977 5692 6023 5786 5712 5761 6169 5722 6133 6153 5830 5755 5799 5691 5661 6211 5786 5415 6134 5945 5668 5743 5648 5918 5981 5715 5965 5626 6022 5677 5798 5512 6028 5485 5888 5631 6152 5673 6412 5703 5721 5707 5509 5361 5490 5883 5645 6019 5876 6096 5987 5719 5971 5724 5858 5960 5729 5706 5772 5969 5781 5439 5726 5738 6039 5781 5785 5798 5620 5944 5916 5543 5864 6179 5998 6074 5899 5725 6011 6169 5839 5725 5883 5686 5800 5482 5864 5885 5941 5972 5689 5724 6039 5768 5169 6048 5734 5895 5683 5850 5588 5605 5691 5792 5975 5429 5631 5548 6074 5845 5671 5877 5923 5546 5666 6013 6113 5834 5635 5919 6000 5619 5808 5797 6050 5449 5646 5582 5488 5526 5693 5882 5635 5834 6054 5672 6108
5831 5744 5976 5912 5433 5725 5450 5870 5907 6417 5455 5807 6165 5884 5945 5883 5888 5891 5904 5822 6033 6130 5699 6255 5899 5987 6137 5772 5919 5869 5739 6020 6238 5586 5965 5919 5439 6136 6126 6072 5669 6149 5609 6209 6353 5880 6053 5875 5766 5527 5882 5444 5713 6116 5646 6055 6106 5546 5702 6166 6031 5920 6298 6069 5837 6160 5786 5723 5812 5972 5645 5920 6069 5772 5823 5865 5743 5654 6329 5778 5470 6186 6084 5938 5730 5736 6003 6275 5946 5956 5812 6279 5760 6085 5655 6258 5796 5761 5924 6024 5634 6360 5967 5932 5580 5805 5546 5441 5693 5499 5937 5976 6023 5798 5735 5842 5594 5738 6137 5705 5463 5843 6201 5727 5677 5851 5719 6129 5889 5788 5879 5638 5749 6162 5624 5655 6352 6131 6350 6128 5897 6143 6294 5828 5785 5939 5905 6078 5484 6031 5708 6090 6062 5710 5815 6050 5971 5319 6236 5924 5997 5697 5656 5817 5792 5747 5825 6261 5476 5881 5726 6179 5930 5751 6159 5870 5781 5776 5924 6052 6103 5621 6135 6274 5776 5964 5907 6171 5291 5825 5640 5567 5710 5895 6059 5992 5993 6015 5680 6106
5700 5742 5904 5796 5442 5739 5849 5984 6023 6511 5695 5869 6334 5884 5770 6190 5757 5952 6212 6119 5934 6232 5969 6233 6231 5604 6065 6121 5898 6060 5739 6287 6456 5925 5963 6058 5677 5936 6031 6120 5964 6136 6044 5989 6125 5794 6029 5921 6130 5946 6055 5495 5904 6200 5582 6181 5929 5885 5585 6038 5917 5947 6438 6131 6114 6269 5834 5860 5817 6227 5785 6168 6217 5784 6136 6016 5916 5818 6277 5752 5636 6590 6207 5926 5751 5815 5939 6254 6291 6036 5843 5998 5901 5907 5475 6185 5824 6174 5897 6180 5676 6501 5959 6282 5818 5874 5855 5758 5956 5771 5884 5881 6155 6160 5932 6016 5961 5910 6084 6049 5977 5966 6196 5875 5849 5800 5660 5936 6209 5954 5906 5532 6167 6102 5745 5784 6645 6123 6299 6165 5712 6509 6093 6096 5817 5574 6335 5764 5457 6308 6057 6083 6003 5741 6074 6349 5838 5665 6453 5835 6018 6084 5811 5890 6088 5850 5871 6418 5644 6129 5681 6235 6070 5647 6007 6065 5727 5783 6065 5983 5701 5878 5893 6259 5845 5902 6039 6041 5720 5808 5780 5425 5862 5697 6021 5934 6208 5900 5892 6287
5873 5860 6049 5877 5517 5913 5776 6283 6284 6379 5786 5795 6501 5823 6077 6157 6046 6154 6278 5996 5850 6176 5861 6249 6147 6137 6489 6178 5663 6163 5902 6312 6526 5957 5987 5932 5857 6195 6153 6030 6041 6190 5986 6124 6366 6231 6102 6045 6188 5752 6044 5757 5949 6341 5883 6183 6117 6045 5814 6475 6087 6116 6472 6326 6111 6062 5879 5916 6100 6333 5884 6222 6365 6011 6118 5988 5808 5830 6420 5976 5875 6519 6305 5930 5656 5976 6263 6241 6229 5956 5893 6242 5742 5905 5734 6401 5721 6180 6091 6115 5868 6575 6138 6116 5764 5944 5483 5765 6177 5930 5938 5942 6035 6030 5888 6075 6046 6027 6430 6081 6050 5902 6478 5650 5897 6098 5894 6343 6081 5918 6091 5637 6192 6197 5939 5937 6369 6371 6492 6359 5861 6166 6388 5856 5922 6073 6097 6066 5616 6300 6035 6342 6222 5972 5960 6198 6112 5552 6377 6259 5887 5989 6008 6013 6057 5750 5947 6317 5601 6124 5848 6209 6147 5775 6205 6369 5963 6083 6413 6273 6177 6165 6210 6494 5904 6078 6251 6280 5649 5786 5872 5560 5813 5938 6090 6087 6107 5986 5902 6245
5160 5510 5477 5582 5157 5315 5288 5636 5911 6003 5633 5555 5878 5365 5690 5556 5468 5580 5698 5726 5675 5690 5275 5791 5692 5538 5807 5716 5267 5714 5501 5825 6116 5684 5629 5603 5345 5550 5721 5816 5455 5853 5517 5537 5816 5646 5718 5356 5602 5332 5474 5165 5639 5921 5532 5712 5799 5588 5243 5777 5744 5471 6222 5838 5546 5758 5739 5743 5642 5830 5418 5778 5892 5241 5737 5770 5686 5442 5819 5577 5488 6112 5837 5454 5751 5663 5742 5790 5829 5691 5487 5757 5232 5508 5352 5962 5514 5708 5531 5682 5488 6023 5541 5768 5388 5519 5412 5339 5634 5558 5558 5566 5640 5706 5609 5676 5751 5863 5812 5664 5340 5516 5933 5400 5468 5568 5419 5938 5573 5436 5550 5380 5852 5598 5535 5690 6271 5747 5838 5544 5661 5760 5759 5518 5383 5472 5433 5523 5446 6006 5641 5802 5756 5551 5714 5767 5567 5161 5583 5659 5798 5683 5504 5483 5641 5186 5570 5909 5232 5938 5491 5797 5549 5370 5649 5680 5497 5390 5827 5793 5626 5473 5664 6044 5479 5553 5804 5682 5198 5364 5263 5307 5380 5607 5585 5435 5825 5808 5581 5780
6057 6219 6215 6232 5843 5969 6065 6133 6338 6905 5928 5990 6549 6084 6256 6125 6035 6126 6141 6246 6095 6539 5910 6524 6446 6116 7020 6292 5924 6332 5993 6637 6635 6207 6125 6290 5969 6368 6611 6297 6004 6435 6228 6488 6682 6190 6333 6194 6086 6076 6208 6106 6190 6542 6159 6102 6317 6265 6012 6588 6207 6331 6583 6527 6334 6510 6240 5910 6101 6430 6097 6326 6522 6199 6448 6330 6172 6155 6653 6428 5844 6795 6546 6033 6277 6201 6330 6730 6221 6359 6054 6367 6038 6338 6073 6529 5794 6198 6367 6682 6178 6883 6085 6335 6008 5988 5935 5757 6245 6052 6422 6260 6572 6372 6330 6392 6002 6303 6312 6268 6064 6255 6406 6117 5912 6119 6149 6437 6173 6196 6378 5745 6210 6682 6058 6216 6894 6639 6717 6699 6190 6641 6574 6157 6007 6203 6409 6366 5842 6406 6250 6457 6394 6052 6482 6330 6360 5821 6716 6372 6278 6411 6012 6024 6212 6120 6337 6582 5686 6177 5934 6345 6240 6252 6630 6349 6106 6171 6502 6572 6341 6031 6331 6472 5781 6217 6334 6499 5845 6324 6173 5815 5970 6114 6331 6013 6448 6464 6141 6547
